display_name,category,parent_brand,value_key,payer_id,notes
"3B Group, Inc.",Commercial,,3b-group-inc,,Source: CMS list provided; payer IDs vary by clearinghouse/plan.
4 Ever Life Insurance Company,Commercial,,4-ever-life-insurance-company,,Source: CMS list provided; payer IDs vary by clearinghouse/plan.
"AAA Access Dental Plan of Texas, Inc.",Commercial,,aaa-access-dental-plan-of-texas-inc,,Source: CMS list provided; payer IDs vary by clearinghouse/plan.
ABC Auto Parts Ltd,Commercial,,abc-auto-parts-ltd,,Source: CMS list provided; payer IDs vary by clearinghouse/plan.
ACE American Insurance Company,Commercial,,ace-american-insurance-company,,Source: CMS list provided; payer IDs vary by clearinghouse/plan.
ACE Property and Casualty Insurance Company,Commercial,,ace-property-and-casualty-insurance-company,,Source: CMS list provided; payer IDs vary by clearinghouse/plan.
"ACN Group of California, Inc.",Commercial,,acn-group-of-california-inc,,Source: CMS list provided; payer IDs vary by clearinghouse/plan.
"ADS Alliance Data Systems, Inc.",Commercial,,ads-alliance-data-systems-inc,,Source: CMS list provided; payer IDs vary by clearinghouse/plan.
AHF,Medicare Advantage,,ahf,,Source: CMS list provided; payer IDs vary by clearinghouse/plan.
ALAMEDA ALLIANCE FOR HEALTH,Commercial,,alameda-alliance-for-health,,Source: CMS list provided; payer IDs vary by clearinghouse/plan.
ALBRIGHT CARE SERVICES,Medicare Advantage,,albright-care-services,,Source: CMS list provided; payer IDs vary by clearinghouse/plan.
AMERICAN COMMUNITY MUTUAL INSURANCE COMPANY,Commercial,,american-community-mutual-insurance-company,,Source: CMS list provided; payer IDs vary by clearinghouse/plan.
AMERICAN FIDELITY ASSURANCE COMPANY,Commercial,,american-fidelity-assurance-company,,Source: CMS list provided; payer IDs vary by clearinghouse/plan.
AMERICAN SYSTEMS,Commercial,,american-systems,,Source: CMS list provided; payer IDs vary by clearinghouse/plan.
"AMGP Georgia Managed Care Company, Inc. dba Anthem Blue Cross and Blue Shield",Commercial,Anthem Blue Cross Blue Shield,amgp-georgia-managed-care-company-inc-dba-anthem-blue-cross-and-blue-shield,,Source: CMS list provided; payer IDs vary by clearinghouse/plan.
AMH Health,Medicare Advantage,,amh-health,,Source: CMS list provided; payer IDs vary by clearinghouse/plan.
AS America,Commercial,,as-america,,Source: CMS list provided; payer IDs vary by clearinghouse/plan.
ASEA/AFSCME Local 52 Health Benefits Trust,Commercial,,asea-afscme-local-52-health-benefits-trust,,Source: CMS list provided; payer IDs vary by clearinghouse/plan.
ATRIO Health Plans,Medicare Advantage,,atrio-health-plans,,Source: CMS list provided; payer IDs vary by clearinghouse/plan.
ATRIO Health Plans,Commercial,,atrio-health-plans,,Source: CMS list provided; payer IDs vary by clearinghouse/plan.
AXA Equitable Life Insurance Company,Commercial,,axa-equitable-life-insurance-company,,Source: CMS list provided; payer IDs vary by clearinghouse/plan.
"Absolute Total Care, Inc",Commercial,,absolute-total-care-inc,,Source: CMS list provided; payer IDs vary by clearinghouse/plan.
Access Dental Plan,Commercial,,access-dental-plan,,Source: CMS list provided; payer IDs vary by clearinghouse/plan.
"Access Dental Plan of Utah, Inc",Commercial,,access-dental-plan-of-utah-inc,,Source: CMS list provided; payer IDs vary by clearinghouse/plan.
Access TCA,Commercial,,access-tca,,Source: CMS list provided; payer IDs vary by clearinghouse/plan.
"Access to Care Health Plan, LLC.",Commercial,,access-to-care-health-plan-llc,,Source: CMS list provided; payer IDs vary by clearinghouse/plan.
"Advantage Health Solutions, Inc.",Commercial,,advantage-health-solutions-inc,,Source: CMS list provided; payer IDs vary by clearinghouse/plan.
"Advantage Resourcing America, Inc.",Commercial,,advantage-resourcing-america-inc,,Source: CMS list provided; payer IDs vary by clearinghouse/plan.
"Advantica Dental Benefits, Inc.",Commercial,,advantica-dental-benefits-inc,,Source: CMS list provided; payer IDs vary by clearinghouse/plan.
Advantica Insurance Company,Commercial,,advantica-insurance-company,,Source: CMS list provided; payer IDs vary by clearinghouse/plan.
"Advantica, Inc.",Commercial,,advantica-inc,,Source: CMS list provided; payer IDs vary by clearinghouse/plan.
Aegis Security Insurance Company,Commercial,,aegis-security-insurance-company,,Source: CMS list provided; payer IDs vary by clearinghouse/plan.
Aetna Better Health Premier Plan,Medicare Advantage,Aetna,aetna-better-health-premier-plan,,Source: CMS list provided; payer IDs vary by clearinghouse/plan.
Aetna Better Health of New Jersey,Medicare Advantage,Aetna,aetna-better-health-of-new-jersey,,Source: CMS list provided; payer IDs vary by clearinghouse/plan.
"Aetna Better Health of Ohio, MyCare Ohio",Medicare Advantage,Aetna,aetna-better-health-of-ohio-mycare-ohio,,Source: CMS list provided; payer IDs vary by clearinghouse/plan.
Aetna Better Health of Virginia,Medicare Advantage,Aetna,aetna-better-health-of-virginia,,Source: CMS list provided; payer IDs vary by clearinghouse/plan.
Aetna Health Inc. (a CT corp.),Commercial,Aetna,aetna-health-inc-a-ct-corp,,Source: CMS list provided; payer IDs vary by clearinghouse/plan.
Aetna Health Inc. (a FL corp.),Commercial,Aetna,aetna-health-inc-a-fl-corp,,Source: CMS list provided; payer IDs vary by clearinghouse/plan.
Aetna Health Inc. (a GA corp.),Commercial,Aetna,aetna-health-inc-a-ga-corp,,Source: CMS list provided; payer IDs vary by clearinghouse/plan.
Aetna Health Inc. (a LA corp.),Commercial,Aetna,aetna-health-inc-a-la-corp,,Source: CMS list provided; payer IDs vary by clearinghouse/plan.
Aetna Health Inc. (a ME corp.),Commercial,Aetna,aetna-health-inc-a-me-corp,,Source: CMS list provided; payer IDs vary by clearinghouse/plan.
Aetna Health Inc. (a NJ corp.),Commercial,Aetna,aetna-health-inc-a-nj-corp,,Source: CMS list provided; payer IDs vary by clearinghouse/plan.
Aetna Health Inc. (a NY corp.),Commercial,Aetna,aetna-health-inc-a-ny-corp,,Source: CMS list provided; payer IDs vary by clearinghouse/plan.
Aetna Health Inc. (a PA corp.),Commercial,Aetna,aetna-health-inc-a-pa-corp,,Source: CMS list provided; payer IDs vary by clearinghouse/plan.
Aetna Health Inc. (a TX corp.),Commercial,Aetna,aetna-health-inc-a-tx-corp,,Source: CMS list provided; payer IDs vary by clearinghouse/plan.
"Aetna Health Inc., a Georgia Corp",Commercial,Aetna,aetna-health-inc-a-georgia-corp,,Source: CMS list provided; payer IDs vary by clearinghouse/plan.
Aetna Health Insurance Company,Commercial,Aetna,aetna-health-insurance-company,,Source: CMS list provided; payer IDs vary by clearinghouse/plan.
Aetna Health Insurance Company of New York,Commercial,Aetna,aetna-health-insurance-company-of-new-york,,Source: CMS list provided; payer IDs vary by clearinghouse/plan.
Aetna Health and Life Insurance Company,Commercial,Aetna,aetna-health-and-life-insurance-company,,Source: CMS list provided; payer IDs vary by clearinghouse/plan.
Aetna Health of California Inc.,Commercial,Aetna,aetna-health-of-california-inc,,Source: CMS list provided; payer IDs vary by clearinghouse/plan.
Aetna Health of Iowa Inc.,Commercial,Aetna,aetna-health-of-iowa-inc,,Source: CMS list provided; payer IDs vary by clearinghouse/plan.
Aetna Health of Utah Inc.,Commercial,Aetna,aetna-health-of-utah-inc,,Source: CMS list provided; payer IDs vary by clearinghouse/plan.
"Aetna HealthAssurance Pennsylvania, Inc.",Commercial,Aetna,aetna-healthassurance-pennsylvania-inc,,Source: CMS list provided; payer IDs vary by clearinghouse/plan.
Aetna Life Insurance Company,Commercial,Aetna,aetna-life-insurance-company,,Source: CMS list provided; payer IDs vary by clearinghouse/plan.
Aetna Medicare,Medicare Advantage,Aetna,aetna-medicare,,Source: CMS list provided; payer IDs vary by clearinghouse/plan.
Affiliated Foods Cooperative Inc,Commercial,,affiliated-foods-cooperative-inc,,Source: CMS list provided; payer IDs vary by clearinghouse/plan.
"Affinity Health Plan, Inc.",Commercial,,affinity-health-plan-inc,,Source: CMS list provided; payer IDs vary by clearinghouse/plan.
AgeRight Advantage,Medicare Advantage,,ageright-advantage,,Source: CMS list provided; payer IDs vary by clearinghouse/plan.
AgeWell PACE,Medicare Advantage,,agewell-pace,,Source: CMS list provided; payer IDs vary by clearinghouse/plan.
"Al Warren Oil Co., Inc.",Commercial,,al-warren-oil-co-inc,,Source: CMS list provided; payer IDs vary by clearinghouse/plan.
Alameda Alliance Joint Powers Authority,Commercial,,alameda-alliance-joint-powers-authority,,Source: CMS list provided; payer IDs vary by clearinghouse/plan.
Align Senior Care,Medicare Advantage,,align-senior-care,,Source: CMS list provided; payer IDs vary by clearinghouse/plan.
"Align Senior Care Florida, Inc.",Commercial,,align-senior-care-florida-inc,,Source: CMS list provided; payer IDs vary by clearinghouse/plan.
Align powered by Sanford Health Plan,Medicare Advantage,,align-powered-by-sanford-health-plan,,Source: CMS list provided; payer IDs vary by clearinghouse/plan.
Alignment Health Plan,Medicare Advantage,,alignment-health-plan,,Source: CMS list provided; payer IDs vary by clearinghouse/plan.
"Alignment Health Plan (f/k/a Honored Citizen's Choice Health Plan, Inc.)",Commercial,,alignment-health-plan-f-k-a-honored-citizen-s-choice-health-plan-inc,,Source: CMS list provided; payer IDs vary by clearinghouse/plan.
All Savers Insurance Company,Commercial,,all-savers-insurance-company,,Source: CMS list provided; payer IDs vary by clearinghouse/plan.
All Savers Life Insurance Company of California,Commercial,,all-savers-life-insurance-company-of-california,,Source: CMS list provided; payer IDs vary by clearinghouse/plan.
"All States Ag Parts, Inc",Commercial,,all-states-ag-parts-inc,,Source: CMS list provided; payer IDs vary by clearinghouse/plan.
AllCare Advantage,Medicare Advantage,,allcare-advantage,,Source: CMS list provided; payer IDs vary by clearinghouse/plan.
Allegian Insurance Company,Commercial,,allegian-insurance-company,,Source: CMS list provided; payer IDs vary by clearinghouse/plan.
"Allegiance Life & Health Insurance Company, Inc.",Commercial,,allegiance-life-and-health-insurance-company-inc,,Source: CMS list provided; payer IDs vary by clearinghouse/plan.
"Allegiance Life & Health Insurance, Inc.",Commercial,,allegiance-life-and-health-insurance-inc,,Source: CMS list provided; payer IDs vary by clearinghouse/plan.
Alliance Health and Life Insurance Company,Commercial,,alliance-health-and-life-insurance-company,,Source: CMS list provided; payer IDs vary by clearinghouse/plan.
Alliant Health Plans,Commercial,,alliant-health-plans,,Source: CMS list provided; payer IDs vary by clearinghouse/plan.
"Alliant Health Plans, Inc.",Commercial,,alliant-health-plans-inc,,Source: CMS list provided; payer IDs vary by clearinghouse/plan.
Allianz Life Insurance Company of New York,Commercial,,allianz-life-insurance-company-of-new-york,,Source: CMS list provided; payer IDs vary by clearinghouse/plan.
Allianz Life Insurance Company of North America,Commercial,,allianz-life-insurance-company-of-north-america,,Source: CMS list provided; payer IDs vary by clearinghouse/plan.
Allina Health Aetna Medicare,Medicare Advantage,Aetna,allina-health-aetna-medicare,,Source: CMS list provided; payer IDs vary by clearinghouse/plan.
Allina Health and Aetna Insurance Company,Commercial,Aetna,allina-health-and-aetna-insurance-company,,Source: CMS list provided; payer IDs vary by clearinghouse/plan.
AlohaCare,Medicare Advantage,,alohacare,,Source: CMS list provided; payer IDs vary by clearinghouse/plan.
"Alpha Dental Programs, Inc.",Commercial,,alpha-dental-programs-inc,,Source: CMS list provided; payer IDs vary by clearinghouse/plan.
"Alpha Dental of Alabama, Inc.",Commercial,,alpha-dental-of-alabama-inc,,Source: CMS list provided; payer IDs vary by clearinghouse/plan.
"Alpha Dental of Arizona, Inc.",Commercial,,alpha-dental-of-arizona-inc,,Source: CMS list provided; payer IDs vary by clearinghouse/plan.
"Alpha Dental of Nevada, Inc.",Commercial,,alpha-dental-of-nevada-inc,,Source: CMS list provided; payer IDs vary by clearinghouse/plan.
"Alpha Dental of New Mexico, Inc.",Commercial,,alpha-dental-of-new-mexico-inc,,Source: CMS list provided; payer IDs vary by clearinghouse/plan.
"Alpha Dental of Utah, Inc.",Commercial,,alpha-dental-of-utah-inc,,Source: CMS list provided; payer IDs vary by clearinghouse/plan.
AltaMed Health Services Corporation,Medicare Advantage,,altamed-health-services-corporation,,Source: CMS list provided; payer IDs vary by clearinghouse/plan.
Alterwood Advantage,Medicare Advantage,,alterwood-advantage,,Source: CMS list provided; payer IDs vary by clearinghouse/plan.
"Altus Dental Insurance Company, Inc.",Commercial,,altus-dental-insurance-company-inc,,Source: CMS list provided; payer IDs vary by clearinghouse/plan.
Amalgamated Life Insurance Company,Commercial,,amalgamated-life-insurance-company,,Source: CMS list provided; payer IDs vary by clearinghouse/plan.
Ambetter Health of Florida Inc,Commercial,Centene,ambetter-health-of-florida-inc,,Source: CMS list provided; payer IDs vary by clearinghouse/plan.
"Ambetter Health of Louisiana, Inc.",Commercial,Centene,ambetter-health-of-louisiana-inc,,Source: CMS list provided; payer IDs vary by clearinghouse/plan.
Ambetter Health of Pennsylvania,Commercial,Centene,ambetter-health-of-pennsylvania,,Source: CMS list provided; payer IDs vary by clearinghouse/plan.
Ambetter Health of Texas Inc,Commercial,Centene,ambetter-health-of-texas-inc,,Source: CMS list provided; payer IDs vary by clearinghouse/plan.
Ambetter of Magnolia Inc.,Commercial,Centene,ambetter-of-magnolia-inc,,Source: CMS list provided; payer IDs vary by clearinghouse/plan.
Ambetter of North Carolina Inc.,Commercial,Centene,ambetter-of-north-carolina-inc,,Source: CMS list provided; payer IDs vary by clearinghouse/plan.
Ambetter of Peach State Inc.,Commercial,Centene,ambetter-of-peach-state-inc,,Source: CMS list provided; payer IDs vary by clearinghouse/plan.
"Amedisys Holding, LLC",Commercial,,amedisys-holding-llc,,Source: CMS list provided; payer IDs vary by clearinghouse/plan.
"AmeriChoice of Connecticut, Inc.",Commercial,,americhoice-of-connecticut-inc,,Source: CMS list provided; payer IDs vary by clearinghouse/plan.
AmeriHealth,Medicare Advantage,AmeriHealth,amerihealth,,Source: CMS list provided; payer IDs vary by clearinghouse/plan.
"AmeriHealth Caritas Florida, Inc.",Commercial,AmeriHealth,amerihealth-caritas-florida-inc,,Source: CMS list provided; payer IDs vary by clearinghouse/plan.
"AmeriHealth Caritas Louisiana, Inc.",Commercial,AmeriHealth,amerihealth-caritas-louisiana-inc,,Source: CMS list provided; payer IDs vary by clearinghouse/plan.
"AmeriHealth Caritas North Carolina, Inc.",Commercial,AmeriHealth,amerihealth-caritas-north-carolina-inc,,Source: CMS list provided; payer IDs vary by clearinghouse/plan.
AmeriHealth Caritas VIP Care (HMO-D-SNP),Medicare Advantage,AmeriHealth,amerihealth-caritas-vip-care-hmo-d-snp,,Source: CMS list provided; payer IDs vary by clearinghouse/plan.
AmeriHealth Caritas VIP Care Plus,Medicare Advantage,AmeriHealth,amerihealth-caritas-vip-care-plus,,Source: CMS list provided; payer IDs vary by clearinghouse/plan.
"AmeriHealth Caritas VIP Next, Inc.",Commercial,AmeriHealth,amerihealth-caritas-vip-next-inc,,Source: CMS list provided; payer IDs vary by clearinghouse/plan.
"AmeriHealth HMO, Inc.",Commercial,AmeriHealth,amerihealth-hmo-inc,,Source: CMS list provided; payer IDs vary by clearinghouse/plan.
AmeriHealth Ins Company of New Jersey,Commercial,AmeriHealth,amerihealth-ins-company-of-new-jersey,,Source: CMS list provided; payer IDs vary by clearinghouse/plan.
American Alternative Insurance Corp,Commercial,,american-alternative-insurance-corp,,Source: CMS list provided; payer IDs vary by clearinghouse/plan.
American Family Insurance,Commercial,,american-family-insurance,,Source: CMS list provided; payer IDs vary by clearinghouse/plan.
American Family Insurance Company,Commercial,,american-family-insurance-company,,Source: CMS list provided; payer IDs vary by clearinghouse/plan.
American Family Life Assurance Company of Columbus,Commercial,,american-family-life-assurance-company-of-columbus,,Source: CMS list provided; payer IDs vary by clearinghouse/plan.
American Family Life Assurance Company of New York,Commercial,,american-family-life-assurance-company-of-new-york,,Source: CMS list provided; payer IDs vary by clearinghouse/plan.
American Family Mutual Insurance Company,Commercial,,american-family-mutual-insurance-company,,Source: CMS list provided; payer IDs vary by clearinghouse/plan.
American General Life Insurance Company,Commercial,,american-general-life-insurance-company,,Source: CMS list provided; payer IDs vary by clearinghouse/plan.
American General Life and Accident,Commercial,,american-general-life-and-accident,,Source: CMS list provided; payer IDs vary by clearinghouse/plan.
American General Life and Accident Insurance Company,Commercial,,american-general-life-and-accident-insurance-company,,Source: CMS list provided; payer IDs vary by clearinghouse/plan.
American Health Advantage of Florida,Medicare Advantage,,american-health-advantage-of-florida,,Source: CMS list provided; payer IDs vary by clearinghouse/plan.
American Health Advantage of Indiana,Medicare Advantage,,american-health-advantage-of-indiana,,Source: CMS list provided; payer IDs vary by clearinghouse/plan.
American Health Advantage of Louisiana,Medicare Advantage,,american-health-advantage-of-louisiana,,Source: CMS list provided; payer IDs vary by clearinghouse/plan.
American Health Advantage of MS,Medicare Advantage,,american-health-advantage-of-ms,,Source: CMS list provided; payer IDs vary by clearinghouse/plan.
American Health Advantage of Missouri,Medicare Advantage,,american-health-advantage-of-missouri,,Source: CMS list provided; payer IDs vary by clearinghouse/plan.
American Health Advantage of Oklahoma,Medicare Advantage,,american-health-advantage-of-oklahoma,,Source: CMS list provided; payer IDs vary by clearinghouse/plan.
American Health Advantage of Pennsylvania,Medicare Advantage,,american-health-advantage-of-pennsylvania,,Source: CMS list provided; payer IDs vary by clearinghouse/plan.
American Health Advantage of Tennessee,Medicare Advantage,,american-health-advantage-of-tennessee,,Source: CMS list provided; payer IDs vary by clearinghouse/plan.
American Health Advantage of Texas,Medicare Advantage,,american-health-advantage-of-texas,,Source: CMS list provided; payer IDs vary by clearinghouse/plan.
American Health Advantage of Utah,Medicare Advantage,,american-health-advantage-of-utah,,Source: CMS list provided; payer IDs vary by clearinghouse/plan.
American Heritage Life Insurance Company,Commercial,,american-heritage-life-insurance-company,,Source: CMS list provided; payer IDs vary by clearinghouse/plan.
American Income Life Insurance Co,Commercial,,american-income-life-insurance-co,,Source: CMS list provided; payer IDs vary by clearinghouse/plan.
American Medical Security Life Ins Co,Commercial,,american-medical-security-life-ins-co,,Source: CMS list provided; payer IDs vary by clearinghouse/plan.
American Medical Security Life Insurance Company,Commercial,,american-medical-security-life-insurance-company,,Source: CMS list provided; payer IDs vary by clearinghouse/plan.
American National Insurance Company,Commercial,,american-national-insurance-company,,Source: CMS list provided; payer IDs vary by clearinghouse/plan.
American National Life Insurance Company of Texas,Commercial,,american-national-life-insurance-company-of-texas,,Source: CMS list provided; payer IDs vary by clearinghouse/plan.
American Progressive Life & Health Insurance Compa,Commercial,,american-progressive-life-and-health-insurance-compa,,Source: CMS list provided; payer IDs vary by clearinghouse/plan.
American Progressive Life & Health Insurance Company of New York,Commercial,,american-progressive-life-and-health-insurance-company-of-new-york,,Source: CMS list provided; payer IDs vary by clearinghouse/plan.
American Republic Insurance Company,Commercial,,american-republic-insurance-company,,Source: CMS list provided; payer IDs vary by clearinghouse/plan.
American Sentinel Insurance Company,Commercial,,american-sentinel-insurance-company,,Source: CMS list provided; payer IDs vary by clearinghouse/plan.
American Shipping & Logistics Group Inc.,Commercial,,american-shipping-and-logistics-group-inc,,Source: CMS list provided; payer IDs vary by clearinghouse/plan.
American Specialty Health Insurance Company,Commercial,,american-specialty-health-insurance-company,,Source: CMS list provided; payer IDs vary by clearinghouse/plan.
"American Specialty Health Plans of California, Inc.",Commercial,,american-specialty-health-plans-of-california-inc,,Source: CMS list provided; payer IDs vary by clearinghouse/plan.
American States Insurance Company,Commercial,,american-states-insurance-company,,Source: CMS list provided; payer IDs vary by clearinghouse/plan.
American Underwriters Life Insurance Company,Commercial,,american-underwriters-life-insurance-company,,Source: CMS list provided; payer IDs vary by clearinghouse/plan.
"Amerigroup Texas, Inc.",Commercial,Amerigroup (Anthem),amerigroup-texas-inc,,Source: CMS list provided; payer IDs vary by clearinghouse/plan.
Amerihealth Caritas Iowa,Commercial,AmeriHealth,amerihealth-caritas-iowa,,Source: CMS list provided; payer IDs vary by clearinghouse/plan.
Ameritas Life Insurance Corp.,Commercial,,ameritas-life-insurance-corp,,Source: CMS list provided; payer IDs vary by clearinghouse/plan.
Ameritas Life Insurance Corp. Of NY,Commercial,,ameritas-life-insurance-corp-of-ny,,Source: CMS list provided; payer IDs vary by clearinghouse/plan.
Angle Insurance Company of Utah,Commercial,,angle-insurance-company-of-utah,,Source: CMS list provided; payer IDs vary by clearinghouse/plan.
Ansaldo STS USA,Commercial,,ansaldo-sts-usa,,Source: CMS list provided; payer IDs vary by clearinghouse/plan.
Anthem BC Life & Health Co(Anthem BC),Commercial,Anthem Blue Cross Blue Shield,anthem-bc-life-and-health-co-anthem-bc,,Source: CMS list provided; payer IDs vary by clearinghouse/plan.
Anthem Blue Cross,Medicare Advantage,Anthem Blue Cross Blue Shield,anthem-blue-cross,,Source: CMS list provided; payer IDs vary by clearinghouse/plan.
Anthem Blue Cross Life and Health Insurance Company,Medicare Advantage,Anthem Blue Cross Blue Shield,anthem-blue-cross-life-and-health-insurance-company,,Source: CMS list provided; payer IDs vary by clearinghouse/plan.
"Anthem Blue Cross Life and Health Insurance Company, Inc.",Commercial,Anthem Blue Cross Blue Shield,anthem-blue-cross-life-and-health-insurance-company-inc,,Source: CMS list provided; payer IDs vary by clearinghouse/plan.
Anthem Blue Cross Partnership Plan,Medicare Advantage,Anthem Blue Cross Blue Shield,anthem-blue-cross-partnership-plan,,Source: CMS list provided; payer IDs vary by clearinghouse/plan.
Anthem Blue Cross and Blue Shield,Medicare Advantage,Anthem Blue Cross Blue Shield,anthem-blue-cross-and-blue-shield,,Source: CMS list provided; payer IDs vary by clearinghouse/plan.
Anthem Blue Cross and Blue Shield,Commercial,Anthem Blue Cross Blue Shield,anthem-blue-cross-and-blue-shield,,Source: CMS list provided; payer IDs vary by clearinghouse/plan.
Anthem Blue Cross and Blue Shield HP,Medicare Advantage,Anthem Blue Cross Blue Shield,anthem-blue-cross-and-blue-shield-hp,,Source: CMS list provided; payer IDs vary by clearinghouse/plan.
"Anthem HP, LLC",Commercial,Anthem Blue Cross Blue Shield,anthem-hp-llc,,Source: CMS list provided; payer IDs vary by clearinghouse/plan.
Anthem Health Plans Inc(Anthem BCBS),Commercial,Anthem Blue Cross Blue Shield,anthem-health-plans-inc-anthem-bcbs,,Source: CMS list provided; payer IDs vary by clearinghouse/plan.
"Anthem Health Plans of Kentucky, Inc.",Commercial,Anthem Blue Cross Blue Shield,anthem-health-plans-of-kentucky-inc,,Source: CMS list provided; payer IDs vary by clearinghouse/plan.
Anthem Health Plans of ME(Anthem BCBS),Commercial,Anthem Blue Cross Blue Shield,anthem-health-plans-of-me-anthem-bcbs,,Source: CMS list provided; payer IDs vary by clearinghouse/plan.
"Anthem Health Plans of Maine, Inc.",Commercial,Anthem Blue Cross Blue Shield,anthem-health-plans-of-maine-inc,,Source: CMS list provided; payer IDs vary by clearinghouse/plan.
Anthem Health Plans of NH(Anthem BCBS),Commercial,Anthem Blue Cross Blue Shield,anthem-health-plans-of-nh-anthem-bcbs,,Source: CMS list provided; payer IDs vary by clearinghouse/plan.
"Anthem Health Plans of New Hampshire, Inc.",Commercial,Anthem Blue Cross Blue Shield,anthem-health-plans-of-new-hampshire-inc,,Source: CMS list provided; payer IDs vary by clearinghouse/plan.
"Anthem Health Plans of Virginia, Inc.",Commercial,Anthem Blue Cross Blue Shield,anthem-health-plans-of-virginia-inc,,Source: CMS list provided; payer IDs vary by clearinghouse/plan.
"Anthem Health Plans, Inc.",Commercial,Anthem Blue Cross Blue Shield,anthem-health-plans-inc,,Source: CMS list provided; payer IDs vary by clearinghouse/plan.
"Anthem HealthChoice Assurance, Inc.",Commercial,Anthem Blue Cross Blue Shield,anthem-healthchoice-assurance-inc,,Source: CMS list provided; payer IDs vary by clearinghouse/plan.
Anthem HealthChoice HMO Inc,Commercial,Anthem Blue Cross Blue Shield,anthem-healthchoice-hmo-inc,,Source: CMS list provided; payer IDs vary by clearinghouse/plan.
Anthem HealthKeepers,Medicare Advantage,Anthem Blue Cross Blue Shield,anthem-healthkeepers,,Source: CMS list provided; payer IDs vary by clearinghouse/plan.
Anthem Ins Companies Inc(Anthem BCBS),Commercial,Anthem Blue Cross Blue Shield,anthem-ins-companies-inc-anthem-bcbs,,Source: CMS list provided; payer IDs vary by clearinghouse/plan.
"Anthem Insurance Companies, Inc.",Commercial,Anthem Blue Cross Blue Shield,anthem-insurance-companies-inc,,Source: CMS list provided; payer IDs vary by clearinghouse/plan.
"Anthem Insurance Companies, Inc.",Medicare Advantage,Anthem Blue Cross Blue Shield,anthem-insurance-companies-inc,,Source: CMS list provided; payer IDs vary by clearinghouse/plan.
"Antidote Health Plan of Arizona, Inc.",Commercial,,antidote-health-plan-of-arizona-inc,,Source: CMS list provided; payer IDs vary by clearinghouse/plan.
Antidote Health Plan of Ohio,Commercial,,antidote-health-plan-of-ohio,,Source: CMS list provided; payer IDs vary by clearinghouse/plan.
"Apex Tool Group, LLC",Commercial,,apex-tool-group-llc,,Source: CMS list provided; payer IDs vary by clearinghouse/plan.
"Appalachian Agency for Senior Citizens, Inc",Medicare Advantage,,appalachian-agency-for-senior-citizens-inc,,Source: CMS list provided; payer IDs vary by clearinghouse/plan.
"Applied Industrial Technologies, Inc.",Commercial,,applied-industrial-technologies-inc,,Source: CMS list provided; payer IDs vary by clearinghouse/plan.
ArchCare Senior Life,Medicare Advantage,,archcare-senior-life,,Source: CMS list provided; payer IDs vary by clearinghouse/plan.
Arches Mutual Insurance Company,Commercial,,arches-mutual-insurance-company,,Source: CMS list provided; payer IDs vary by clearinghouse/plan.
"Argus Dental & Vision, Inc",Commercial,,argus-dental-and-vision-inc,,Source: CMS list provided; payer IDs vary by clearinghouse/plan.
"Arizona Dental Insurance Service, Inc.",Commercial,,arizona-dental-insurance-service-inc,,Source: CMS list provided; payer IDs vary by clearinghouse/plan.
Arizona Pipeline Company,Commercial,,arizona-pipeline-company,,Source: CMS list provided; payer IDs vary by clearinghouse/plan.
Arkansas Blue Medicare,Medicare Advantage,Medicare,arkansas-blue-medicare,,Source: CMS list provided; payer IDs vary by clearinghouse/plan.
Ascension Complete,Medicare Advantage,,ascension-complete,,Source: CMS list provided; payer IDs vary by clearinghouse/plan.
Ascension Living Alexian PACE,Medicare Advantage,,ascension-living-alexian-pace,,Source: CMS list provided; payer IDs vary by clearinghouse/plan.
Ascension Living HOPE,Medicare Advantage,,ascension-living-hope,,Source: CMS list provided; payer IDs vary by clearinghouse/plan.
Ascension Living PACE Michigan,Medicare Advantage,,ascension-living-pace-michigan,,Source: CMS list provided; payer IDs vary by clearinghouse/plan.
Ascension Living St. Vincent PACE,Medicare Advantage,,ascension-living-st-vincent-pace,,Source: CMS list provided; payer IDs vary by clearinghouse/plan.
Aspire Health,Medicare Advantage,,aspire-health,,Source: CMS list provided; payer IDs vary by clearinghouse/plan.
"Aspirus Arise Health Plan of Michigan, Inc.",Commercial,,aspirus-arise-health-plan-of-michigan-inc,,Source: CMS list provided; payer IDs vary by clearinghouse/plan.
Aspirus Health Plan,Medicare Advantage,,aspirus-health-plan,,Source: CMS list provided; payer IDs vary by clearinghouse/plan.
"Aspirus Health Plan, Inc.",Commercial,,aspirus-health-plan-inc,,Source: CMS list provided; payer IDs vary by clearinghouse/plan.
Associated Mutual Insurance,Commercial,,associated-mutual-insurance,,Source: CMS list provided; payer IDs vary by clearinghouse/plan.
Association Mutual Health Insurance Company,Commercial,,association-mutual-health-insurance-company,,Source: CMS list provided; payer IDs vary by clearinghouse/plan.
Assurity Life Insurance Company,Commercial,,assurity-life-insurance-company,,Source: CMS list provided; payer IDs vary by clearinghouse/plan.
Astiva Health,Medicare Advantage,,astiva-health,,Source: CMS list provided; payer IDs vary by clearinghouse/plan.
AstraZeneca Pharmaceuticals LP,Commercial,,astrazeneca-pharmaceuticals-lp,,Source: CMS list provided; payer IDs vary by clearinghouse/plan.
Asuris Northwest Health,Medicare Advantage,,asuris-northwest-health,,Source: CMS list provided; payer IDs vary by clearinghouse/plan.
Asuris Northwest Health,Commercial,,asuris-northwest-health,,Source: CMS list provided; payer IDs vary by clearinghouse/plan.
"Athens Area Health Plan Select, Inc.",Commercial,,athens-area-health-plan-select-inc,,Source: CMS list provided; payer IDs vary by clearinghouse/plan.
AtlantiCare LIFE Connection,Medicare Advantage,,atlanticare-life-connection,,Source: CMS list provided; payer IDs vary by clearinghouse/plan.
Atlantis Health Plan,Commercial,,atlantis-health-plan,,Source: CMS list provided; payer IDs vary by clearinghouse/plan.
"Atlas Machine & Supply, Inc.",Commercial,,atlas-machine-and-supply-inc,,Source: CMS list provided; payer IDs vary by clearinghouse/plan.
Atlas Roofing Corporation,Commercial,,atlas-roofing-corporation,,Source: CMS list provided; payer IDs vary by clearinghouse/plan.
Atwood Mobile Products LLC,Commercial,,atwood-mobile-products-llc,,Source: CMS list provided; payer IDs vary by clearinghouse/plan.
AultCare Insurance Company,Commercial,,aultcare-insurance-company,,Source: CMS list provided; payer IDs vary by clearinghouse/plan.
"Auxilio Platino, Inc.",Commercial,,auxilio-platino-inc,,Source: CMS list provided; payer IDs vary by clearinghouse/plan.
AvMed Medicare,Medicare Advantage,Medicare,avmed-medicare,,Source: CMS list provided; payer IDs vary by clearinghouse/plan.
"AvMed, Inc.",Commercial,,avmed-inc,,Source: CMS list provided; payer IDs vary by clearinghouse/plan.
Avalon Insurance Company,Medicare Advantage,,avalon-insurance-company,,Source: CMS list provided; payer IDs vary by clearinghouse/plan.
Avante Behavioral Health Plan,Commercial,,avante-behavioral-health-plan,,Source: CMS list provided; payer IDs vary by clearinghouse/plan.
"Avera Health Plans, Inc.",Commercial,,avera-health-plans-inc,,Source: CMS list provided; payer IDs vary by clearinghouse/plan.
Avista Corporation,Commercial,,avista-corporation,,Source: CMS list provided; payer IDs vary by clearinghouse/plan.
Axis Insurance Company,Commercial,,axis-insurance-company,,Source: CMS list provided; payer IDs vary by clearinghouse/plan.
"BAE Systems, Inc.",Commercial,,bae-systems-inc,,Source: CMS list provided; payer IDs vary by clearinghouse/plan.
BCBS of Wisconsin(Anthem BCBS),Commercial,Anthem Blue Cross Blue Shield,bcbs-of-wisconsin-anthem-bcbs,,Source: CMS list provided; payer IDs vary by clearinghouse/plan.
"BCBSD, Inc.",Commercial,,bcbsd-inc,,Source: CMS list provided; payer IDs vary by clearinghouse/plan.
"BCBSM, INC.",Commercial,,bcbsm-inc,,Source: CMS list provided; payer IDs vary by clearinghouse/plan.
"BCBSMN, Inc., dba Blue Cross and Blue Shield of Minnesota",Commercial,Blue Cross Blue Shield,bcbsmn-inc-dba-blue-cross-and-blue-shield-of-minnesota,,Source: CMS list provided; payer IDs vary by clearinghouse/plan.
BCS Insurance Company,Commercial,,bcs-insurance-company,,Source: CMS list provided; payer IDs vary by clearinghouse/plan.
BD of Trustees Patriot Retirees VEBA,Commercial,,bd-of-trustees-patriot-retirees-veba,,Source: CMS list provided; payer IDs vary by clearinghouse/plan.
BEST Life and Health Insurance Company,Commercial,,best-life-and-health-insurance-company,,Source: CMS list provided; payer IDs vary by clearinghouse/plan.
BIC Corporation,Commercial,,bic-corporation,,Source: CMS list provided; payer IDs vary by clearinghouse/plan.
"BJ's Wholesale Club, Inc.",Commercial,,bj-s-wholesale-club-inc,,Source: CMS list provided; payer IDs vary by clearinghouse/plan.
BKZ Benefits Group Inc.,Commercial,,bkz-benefits-group-inc,,Source: CMS list provided; payer IDs vary by clearinghouse/plan.
Babcock Power Inc.,Commercial,,babcock-power-inc,,Source: CMS list provided; payer IDs vary by clearinghouse/plan.
"Bader Rutter & Associates, Inc.",Commercial,,bader-rutter-and-associates-inc,,Source: CMS list provided; payer IDs vary by clearinghouse/plan.
Badmus Insurance Agency,Commercial,,badmus-insurance-agency,,Source: CMS list provided; payer IDs vary by clearinghouse/plan.
"Baker Boy Bake Shop, Inc.",Commercial,,baker-boy-bake-shop-inc,,Source: CMS list provided; payer IDs vary by clearinghouse/plan.
Bankers Life Insurance Company,Commercial,,bankers-life-insurance-company,,Source: CMS list provided; payer IDs vary by clearinghouse/plan.
Bankers Life and Casualty,Commercial,,bankers-life-and-casualty,,Source: CMS list provided; payer IDs vary by clearinghouse/plan.
Bankers Life and Casualty Company,Commercial,,bankers-life-and-casualty-company,,Source: CMS list provided; payer IDs vary by clearinghouse/plan.
Bankers Reserve Life Insurance Co.,Commercial,,bankers-reserve-life-insurance-co,,Source: CMS list provided; payer IDs vary by clearinghouse/plan.
Banner Health and Aetna Health Insurance Company,Commercial,Aetna,banner-health-and-aetna-health-insurance-company,,Source: CMS list provided; payer IDs vary by clearinghouse/plan.
Banner Health and Aetna Health Plan Inc.,Commercial,Aetna,banner-health-and-aetna-health-plan-inc,,Source: CMS list provided; payer IDs vary by clearinghouse/plan.
Banner Life Insurance Company,Commercial,,banner-life-insurance-company,,Source: CMS list provided; payer IDs vary by clearinghouse/plan.
Banner Medicare Advantage,Medicare Advantage,,banner-medicare-advantage,,Source: CMS list provided; payer IDs vary by clearinghouse/plan.
Banyan Community Health Center,Commercial,,banyan-community-health-center,,Source: CMS list provided; payer IDs vary by clearinghouse/plan.
Baptist Health PACE,Medicare Advantage,,baptist-health-pace,,Source: CMS list provided; payer IDs vary by clearinghouse/plan.
"Baptist Health Plan, Inc.",Commercial,,baptist-health-plan-inc,,Source: CMS list provided; payer IDs vary by clearinghouse/plan.
BayCare Health Plans,Medicare Advantage,,baycare-health-plans,,Source: CMS list provided; payer IDs vary by clearinghouse/plan.
Baylor Scott & White Health Plan,Medicare Advantage,,baylor-scott-and-white-health-plan,,Source: CMS list provided; payer IDs vary by clearinghouse/plan.
Baylor Scott & White Insurance Company,Commercial,,baylor-scott-and-white-insurance-company,,Source: CMS list provided; payer IDs vary by clearinghouse/plan.
"BeHealthy Florida, Inc.",Commercial,,behealthy-florida-inc,,Source: CMS list provided; payer IDs vary by clearinghouse/plan.
"Bear River Mental Health Services, Inc.",Commercial,,bear-river-mental-health-services-inc,,Source: CMS list provided; payer IDs vary by clearinghouse/plan.
Bienvivir Senior Health Services,Medicare Advantage,,bienvivir-senior-health-services,,Source: CMS list provided; payer IDs vary by clearinghouse/plan.
Biformis,Commercial,,biformis,,Source: CMS list provided; payer IDs vary by clearinghouse/plan.
"Blossman Gas, Inc.",Commercial,,blossman-gas-inc,,Source: CMS list provided; payer IDs vary by clearinghouse/plan.
Blue Care Network,Medicare Advantage,,blue-care-network,,Source: CMS list provided; payer IDs vary by clearinghouse/plan.
Blue Care Network of Michigan,Commercial,,blue-care-network-of-michigan,,Source: CMS list provided; payer IDs vary by clearinghouse/plan.
Blue Care of Michigan,Commercial,,blue-care-of-michigan,,Source: CMS list provided; payer IDs vary by clearinghouse/plan.
Blue Cross & Blue Shield of Mississippi,Commercial,Blue Cross Blue Shield,blue-cross-and-blue-shield-of-mississippi,,Source: CMS list provided; payer IDs vary by clearinghouse/plan.
Blue Cross & Blue Shield of Rhode Island,Medicare Advantage,Blue Cross Blue Shield,blue-cross-and-blue-shield-of-rhode-island,,Source: CMS list provided; payer IDs vary by clearinghouse/plan.
Blue Cross & Blue Shield of Rhode Island,Commercial,Blue Cross Blue Shield,blue-cross-and-blue-shield-of-rhode-island,,Source: CMS list provided; payer IDs vary by clearinghouse/plan.
Blue Cross Blue Shield Association,Medicare Advantage,Blue Cross Blue Shield,blue-cross-blue-shield-association,,Source: CMS list provided; payer IDs vary by clearinghouse/plan.
"Blue Cross Blue Shield Healthcare Plan of Georgia, Inc.",Commercial,Blue Cross Blue Shield,blue-cross-blue-shield-healthcare-plan-of-georgia-inc,,Source: CMS list provided; payer IDs vary by clearinghouse/plan.
Blue Cross Blue Shield of Arizona (AZ Blue),Medicare Advantage,Blue Cross Blue Shield,blue-cross-blue-shield-of-arizona-az-blue,,Source: CMS list provided; payer IDs vary by clearinghouse/plan.
Blue Cross Blue Shield of Arizona Health Choice,Medicare Advantage,Blue Cross Blue Shield,blue-cross-blue-shield-of-arizona-health-choice,,Source: CMS list provided; payer IDs vary by clearinghouse/plan.
Blue Cross Blue Shield of Illinois,Commercial,Blue Cross Blue Shield,blue-cross-blue-shield-of-illinois,,Source: CMS list provided; payer IDs vary by clearinghouse/plan.
Blue Cross Blue Shield of Massachusetts,Medicare Advantage,Blue Cross Blue Shield,blue-cross-blue-shield-of-massachusetts,,Source: CMS list provided; payer IDs vary by clearinghouse/plan.
Blue Cross Blue Shield of Michigan,Medicare Advantage,Blue Cross Blue Shield,blue-cross-blue-shield-of-michigan,,Source: CMS list provided; payer IDs vary by clearinghouse/plan.
Blue Cross Blue Shield of Michigan Mutual Insurance Company,Commercial,Blue Cross Blue Shield,blue-cross-blue-shield-of-michigan-mutual-insurance-company,,Source: CMS list provided; payer IDs vary by clearinghouse/plan.
Blue Cross Blue Shield of Minnesota,Commercial,Blue Cross Blue Shield,blue-cross-blue-shield-of-minnesota,,Source: CMS list provided; payer IDs vary by clearinghouse/plan.
Blue Cross Blue Shield of Montana,Commercial,Blue Cross Blue Shield,blue-cross-blue-shield-of-montana,,Source: CMS list provided; payer IDs vary by clearinghouse/plan.
Blue Cross Blue Shield of NC,Commercial,Blue Cross Blue Shield,blue-cross-blue-shield-of-nc,,Source: CMS list provided; payer IDs vary by clearinghouse/plan.
Blue Cross Blue Shield of New Mexico,Commercial,Blue Cross Blue Shield,blue-cross-blue-shield-of-new-mexico,,Source: CMS list provided; payer IDs vary by clearinghouse/plan.
Blue Cross Blue Shield of North Dakota,Commercial,Blue Cross Blue Shield,blue-cross-blue-shield-of-north-dakota,,Source: CMS list provided; payer IDs vary by clearinghouse/plan.
Blue Cross Blue Shield of Oklahoma,Commercial,Blue Cross Blue Shield,blue-cross-blue-shield-of-oklahoma,,Source: CMS list provided; payer IDs vary by clearinghouse/plan.
Blue Cross Blue Shield of South Carolina,Medicare Advantage,Blue Cross Blue Shield,blue-cross-blue-shield-of-south-carolina,,Source: CMS list provided; payer IDs vary by clearinghouse/plan.
Blue Cross Blue Shield of Texas,Commercial,Blue Cross Blue Shield,blue-cross-blue-shield-of-texas,,Source: CMS list provided; payer IDs vary by clearinghouse/plan.
Blue Cross Blue Shield of Vermont,Commercial,Blue Cross Blue Shield,blue-cross-blue-shield-of-vermont,,Source: CMS list provided; payer IDs vary by clearinghouse/plan.
Blue Cross Blue Shield of Wisconsin,Commercial,Blue Cross Blue Shield,blue-cross-blue-shield-of-wisconsin,,Source: CMS list provided; payer IDs vary by clearinghouse/plan.
Blue Cross Blue Shield of Wyoming,Commercial,Blue Cross Blue Shield,blue-cross-blue-shield-of-wyoming,,Source: CMS list provided; payer IDs vary by clearinghouse/plan.
Blue Cross Community MMAI,Medicare Advantage,Blue Cross Blue Shield,blue-cross-community-mmai,,Source: CMS list provided; payer IDs vary by clearinghouse/plan.
Blue Cross and Blue Shield of Alabama,Commercial,Blue Cross Blue Shield,blue-cross-and-blue-shield-of-alabama,,Source: CMS list provided; payer IDs vary by clearinghouse/plan.
Blue Cross and Blue Shield of Alabama,Medicare Advantage,Blue Cross Blue Shield,blue-cross-and-blue-shield-of-alabama,,Source: CMS list provided; payer IDs vary by clearinghouse/plan.
"Blue Cross and Blue Shield of Arizona, Inc.",Commercial,Blue Cross Blue Shield,blue-cross-and-blue-shield-of-arizona-inc,,Source: CMS list provided; payer IDs vary by clearinghouse/plan.
Blue Cross and Blue Shield of Florida,Commercial,Blue Cross Blue Shield,blue-cross-and-blue-shield-of-florida,,Source: CMS list provided; payer IDs vary by clearinghouse/plan.
"Blue Cross and Blue Shield of Florida, Inc.",Commercial,Blue Cross Blue Shield,blue-cross-and-blue-shield-of-florida-inc,,Source: CMS list provided; payer IDs vary by clearinghouse/plan.
"Blue Cross and Blue Shield of Georgia, Inc.",Commercial,Blue Cross Blue Shield,blue-cross-and-blue-shield-of-georgia-inc,,Source: CMS list provided; payer IDs vary by clearinghouse/plan.
"Blue Cross and Blue Shield of IL, NM",Medicare Advantage,Blue Cross Blue Shield,blue-cross-and-blue-shield-of-il-nm,,Source: CMS list provided; payer IDs vary by clearinghouse/plan.
"Blue Cross and Blue Shield of IL, NM, OK, TX",Medicare Advantage,Blue Cross Blue Shield,blue-cross-and-blue-shield-of-il-nm-ok-tx,,Source: CMS list provided; payer IDs vary by clearinghouse/plan.
Blue Cross and Blue Shield of Illinois,Medicare Advantage,Blue Cross Blue Shield,blue-cross-and-blue-shield-of-illinois,,Source: CMS list provided; payer IDs vary by clearinghouse/plan.
Blue Cross and Blue Shield of Kansas,Medicare Advantage,Blue Cross Blue Shield,blue-cross-and-blue-shield-of-kansas,,Source: CMS list provided; payer IDs vary by clearinghouse/plan.
Blue Cross and Blue Shield of Kansas City,Commercial,Blue Cross Blue Shield,blue-cross-and-blue-shield-of-kansas-city,,Source: CMS list provided; payer IDs vary by clearinghouse/plan.
"Blue Cross and Blue Shield of Kansas, Inc.",Commercial,Blue Cross Blue Shield,blue-cross-and-blue-shield-of-kansas-inc,,Source: CMS list provided; payer IDs vary by clearinghouse/plan.
Blue Cross and Blue Shield of Louisiana,Medicare Advantage,Blue Cross Blue Shield,blue-cross-and-blue-shield-of-louisiana,,Source: CMS list provided; payer IDs vary by clearinghouse/plan.
"Blue Cross and Blue Shield of Massachusetts HMO Blue, Inc.",Commercial,Blue Cross Blue Shield,blue-cross-and-blue-shield-of-massachusetts-hmo-blue-inc,,Source: CMS list provided; payer IDs vary by clearinghouse/plan.
"Blue Cross and Blue Shield of Massachusetts, Inc.",Commercial,Blue Cross Blue Shield,blue-cross-and-blue-shield-of-massachusetts-inc,,Source: CMS list provided; payer IDs vary by clearinghouse/plan.
Blue Cross and Blue Shield of Minnesota,Medicare Advantage,Blue Cross Blue Shield,blue-cross-and-blue-shield-of-minnesota,,Source: CMS list provided; payer IDs vary by clearinghouse/plan.
Blue Cross and Blue Shield of Montana,Commercial,Blue Cross Blue Shield,blue-cross-and-blue-shield-of-montana,,Source: CMS list provided; payer IDs vary by clearinghouse/plan.
Blue Cross and Blue Shield of Montana,Medicare Advantage,Blue Cross Blue Shield,blue-cross-and-blue-shield-of-montana,,Source: CMS list provided; payer IDs vary by clearinghouse/plan.
Blue Cross and Blue Shield of NC,Commercial,Blue Cross Blue Shield,blue-cross-and-blue-shield-of-nc,,Source: CMS list provided; payer IDs vary by clearinghouse/plan.
"Blue Cross and Blue Shield of NM, TX",Medicare Advantage,Blue Cross Blue Shield,blue-cross-and-blue-shield-of-nm-tx,,Source: CMS list provided; payer IDs vary by clearinghouse/plan.
Blue Cross and Blue Shield of Nebraska,Commercial,Blue Cross Blue Shield,blue-cross-and-blue-shield-of-nebraska,,Source: CMS list provided; payer IDs vary by clearinghouse/plan.
Blue Cross and Blue Shield of Nebraska,Medicare Advantage,Blue Cross Blue Shield,blue-cross-and-blue-shield-of-nebraska,,Source: CMS list provided; payer IDs vary by clearinghouse/plan.
Blue Cross and Blue Shield of New Mexico,Medicare Advantage,Blue Cross Blue Shield,blue-cross-and-blue-shield-of-new-mexico,,Source: CMS list provided; payer IDs vary by clearinghouse/plan.
Blue Cross and Blue Shield of North Carolina,Medicare Advantage,Blue Cross Blue Shield,blue-cross-and-blue-shield-of-north-carolina,,Source: CMS list provided; payer IDs vary by clearinghouse/plan.
"Blue Cross and Blue Shield of OK, TX",Medicare Advantage,Blue Cross Blue Shield,blue-cross-and-blue-shield-of-ok-tx,,Source: CMS list provided; payer IDs vary by clearinghouse/plan.
Blue Cross and Blue Shield of Oklahoma,Medicare Advantage,Blue Cross Blue Shield,blue-cross-and-blue-shield-of-oklahoma,,Source: CMS list provided; payer IDs vary by clearinghouse/plan.
Blue Cross and Blue Shield of South Carolina,Commercial,Blue Cross Blue Shield,blue-cross-and-blue-shield-of-south-carolina,,Source: CMS list provided; payer IDs vary by clearinghouse/plan.
Blue Cross and Blue Shield of Texas,Medicare Advantage,Blue Cross Blue Shield,blue-cross-and-blue-shield-of-texas,,Source: CMS list provided; payer IDs vary by clearinghouse/plan.
Blue Cross and Blue Shield of Vermont,Commercial,Blue Cross Blue Shield,blue-cross-and-blue-shield-of-vermont,,Source: CMS list provided; payer IDs vary by clearinghouse/plan.
Blue Cross of California,Commercial,Blue Cross Blue Shield,blue-cross-of-california,,Source: CMS list provided; payer IDs vary by clearinghouse/plan.
Blue Cross of California(Anthem BC),Commercial,Anthem Blue Cross Blue Shield,blue-cross-of-california-anthem-bc,,Source: CMS list provided; payer IDs vary by clearinghouse/plan.
Blue Cross of Idaho,Medicare Advantage,Blue Cross Blue Shield,blue-cross-of-idaho,,Source: CMS list provided; payer IDs vary by clearinghouse/plan.
"Blue Cross of Idaho Health Service, Inc.",Commercial,Blue Cross Blue Shield,blue-cross-of-idaho-health-service-inc,,Source: CMS list provided; payer IDs vary by clearinghouse/plan.
Blue Cross of Northeastern Pennsylvania,Commercial,Blue Cross Blue Shield,blue-cross-of-northeastern-pennsylvania,,Source: CMS list provided; payer IDs vary by clearinghouse/plan.
Blue Medicare Advantage,Medicare Advantage,,blue-medicare-advantage,,Source: CMS list provided; payer IDs vary by clearinghouse/plan.
Blue MedicareRx,Medicare Advantage,Medicare,blue-medicarerx,,Source: CMS list provided; payer IDs vary by clearinghouse/plan.
Blue Plus,Commercial,,blue-plus,,Source: CMS list provided; payer IDs vary by clearinghouse/plan.
Blue Plus,Medicare Advantage,,blue-plus,,Source: CMS list provided; payer IDs vary by clearinghouse/plan.
Blue Ridge Independence at Home,Medicare Advantage,,blue-ridge-independence-at-home,,Source: CMS list provided; payer IDs vary by clearinghouse/plan.
Blue Shield of CA Life & Health Ins Co,Commercial,Blue Cross Blue Shield,blue-shield-of-ca-life-and-health-ins-co,,Source: CMS list provided; payer IDs vary by clearinghouse/plan.
Blue Shield of California,Medicare Advantage,Blue Cross Blue Shield,blue-shield-of-california,,Source: CMS list provided; payer IDs vary by clearinghouse/plan.
BlueCare Plus Tennessee,Medicare Advantage,,bluecare-plus-tennessee,,Source: CMS list provided; payer IDs vary by clearinghouse/plan.
"BlueChoice HealthPlan of South Carolina, Inc.",Commercial,,bluechoice-healthplan-of-south-carolina-inc,,Source: CMS list provided; payer IDs vary by clearinghouse/plan.
"BlueCross BlueShield Kansas Solutions, Inc.",Commercial,Blue Cross Blue Shield,bluecross-blueshield-kansas-solutions-inc,,Source: CMS list provided; payer IDs vary by clearinghouse/plan.
BlueCross BlueShield of Tennessee,Commercial,Blue Cross Blue Shield,bluecross-blueshield-of-tennessee,,Source: CMS list provided; payer IDs vary by clearinghouse/plan.
BlueCross BlueShield of Tennessee,Medicare Advantage,Blue Cross Blue Shield,bluecross-blueshield-of-tennessee,,Source: CMS list provided; payer IDs vary by clearinghouse/plan.
"BlueCross BlueShield of Tennessee, Inc.",Commercial,Blue Cross Blue Shield,bluecross-blueshield-of-tennessee-inc,,Source: CMS list provided; payer IDs vary by clearinghouse/plan.
BlueRx (PDP),Medicare Advantage,,bluerx-pdp,,Source: CMS list provided; payer IDs vary by clearinghouse/plan.
BlueScripts,Medicare Advantage,,bluescripts,,Source: CMS list provided; payer IDs vary by clearinghouse/plan.
"Bluegrass Family Health, Inc.",Commercial,,bluegrass-family-health-inc,,Source: CMS list provided; payer IDs vary by clearinghouse/plan.
Bluegrass PACE Care,Medicare Advantage,,bluegrass-pace-care,,Source: CMS list provided; payer IDs vary by clearinghouse/plan.
Bluestem PACE,Medicare Advantage,,bluestem-pace,,Source: CMS list provided; payer IDs vary by clearinghouse/plan.
"Bojangles' Restaurants, Inc.",Commercial,,bojangles-restaurants-inc,,Source: CMS list provided; payer IDs vary by clearinghouse/plan.
BoldAge PACE,Medicare Advantage,,boldage-pace,,Source: CMS list provided; payer IDs vary by clearinghouse/plan.
Boone County National Bank,Commercial,,boone-county-national-bank,,Source: CMS list provided; payer IDs vary by clearinghouse/plan.
"Boston Medical Center Health Plan, Inc.",Commercial,,boston-medical-center-health-plan-inc,,Source: CMS list provided; payer IDs vary by clearinghouse/plan.
"Bowlin Group, LLC",Commercial,,bowlin-group-llc,,Source: CMS list provided; payer IDs vary by clearinghouse/plan.
Brandman Centers for Senior Care,Medicare Advantage,,brandman-centers-for-senior-care,,Source: CMS list provided; payer IDs vary by clearinghouse/plan.
Braven Health,Medicare Advantage,,braven-health,,Source: CMS list provided; payer IDs vary by clearinghouse/plan.
BridgeSpan Health Company,Commercial,,bridgespan-health-company,,Source: CMS list provided; payer IDs vary by clearinghouse/plan.
Bright Health Company of Arizona,Commercial,,bright-health-company-of-arizona,,Source: CMS list provided; payer IDs vary by clearinghouse/plan.
Bright Health Company of Georgia,Commercial,,bright-health-company-of-georgia,,Source: CMS list provided; payer IDs vary by clearinghouse/plan.
Bright Health Company of North Carolina,Commercial,,bright-health-company-of-north-carolina,,Source: CMS list provided; payer IDs vary by clearinghouse/plan.
Bright Health Company of South Carolina,Commercial,,bright-health-company-of-south-carolina,,Source: CMS list provided; payer IDs vary by clearinghouse/plan.
Bright Health Insurance Company,Commercial,,bright-health-insurance-company,,Source: CMS list provided; payer IDs vary by clearinghouse/plan.
Bright Health Insurance Company of Florida,Commercial,,bright-health-insurance-company-of-florida,,Source: CMS list provided; payer IDs vary by clearinghouse/plan.
Bright Health Insurance Company of Illinois,Commercial,,bright-health-insurance-company-of-illinois,,Source: CMS list provided; payer IDs vary by clearinghouse/plan.
Bright Health Insurance Company of Tennessee,Commercial,,bright-health-insurance-company-of-tennessee,,Source: CMS list provided; payer IDs vary by clearinghouse/plan.
Bright HealthCare Insurance Company of Texas,Commercial,,bright-healthcare-insurance-company-of-texas,,Source: CMS list provided; payer IDs vary by clearinghouse/plan.
Brilliance HealthPlans,Commercial,,brilliance-healthplans,,Source: CMS list provided; payer IDs vary by clearinghouse/plan.
Brocade Communications Systems Inc.,Commercial,,brocade-communications-systems-inc,,Source: CMS list provided; payer IDs vary by clearinghouse/plan.
"Broward PACE Program, LLC",Medicare Advantage,,broward-pace-program-llc,,Source: CMS list provided; payer IDs vary by clearinghouse/plan.
Brown Distributing,Commercial,,brown-distributing,,Source: CMS list provided; payer IDs vary by clearinghouse/plan.
Buckeye Community Health Plan,Commercial,,buckeye-community-health-plan,,Source: CMS list provided; payer IDs vary by clearinghouse/plan.
Buckeye Health Plan - MyCare Ohio,Medicare Advantage,,buckeye-health-plan-mycare-ohio,,Source: CMS list provided; payer IDs vary by clearinghouse/plan.
"Buckeye Health Plan Community Solutions, Inc.",Commercial,,buckeye-health-plan-community-solutions-inc,,Source: CMS list provided; payer IDs vary by clearinghouse/plan.
Buckeye PACE,Medicare Advantage,,buckeye-pace,,Source: CMS list provided; payer IDs vary by clearinghouse/plan.
C and O Employees' Hospital Association,Medicare Advantage,,c-and-o-employees-hospital-association,,Source: CMS list provided; payer IDs vary by clearinghouse/plan.
CA Physician's Service dba Blue Shield of CA,Commercial,Blue Cross Blue Shield,ca-physician-s-service-dba-blue-shield-of-ca,,Source: CMS list provided; payer IDs vary by clearinghouse/plan.
"CAID Industries, Inc.",Commercial,,caid-industries-inc,,Source: CMS list provided; payer IDs vary by clearinghouse/plan.
"CBIZ, Inc.",Commercial,,cbiz-inc,,Source: CMS list provided; payer IDs vary by clearinghouse/plan.
CCHP (Chinese Community Health Plan),Medicare Advantage,,cchp-chinese-community-health-plan,,Source: CMS list provided; payer IDs vary by clearinghouse/plan.
CCL Industries Corporation,Commercial,,ccl-industries-corporation,,Source: CMS list provided; payer IDs vary by clearinghouse/plan.
CDPHP Medicare Advantage,Medicare Advantage,CDPHP,cdphp-medicare-advantage,,Source: CMS list provided; payer IDs vary by clearinghouse/plan.
CDPHP Universal Benefits Inc.,Commercial,CDPHP,cdphp-universal-benefits-inc,,Source: CMS list provided; payer IDs vary by clearinghouse/plan.
CGI & test company 1,Commercial,,cgi-and-test-company-1,,Source: CMS list provided; payer IDs vary by clearinghouse/plan.
CGI & test company 1 Edit3,Commercial,,cgi-and-test-company-1-edit3,,Source: CMS list provided; payer IDs vary by clearinghouse/plan.
CGI Company Test,Commercial,,cgi-company-test,,Source: CMS list provided; payer IDs vary by clearinghouse/plan.
CGI DJR Test Site,Commercial,,cgi-djr-test-site,,Source: CMS list provided; payer IDs vary by clearinghouse/plan.
CGI Prod Test Company 99,Commercial,,cgi-prod-test-company-99,,Source: CMS list provided; payer IDs vary by clearinghouse/plan.
CGI Test Company,Commercial,,cgi-test-company,,Source: CMS list provided; payer IDs vary by clearinghouse/plan.
CGI Test Company 2,Commercial,,cgi-test-company-2,,Source: CMS list provided; payer IDs vary by clearinghouse/plan.
CGI Test Company 6,Commercial,,cgi-test-company-6,,Source: CMS list provided; payer IDs vary by clearinghouse/plan.
CGI Test Issuer,Commercial,,cgi-test-issuer,,Source: CMS list provided; payer IDs vary by clearinghouse/plan.
CGI Test Issuer WS Name Change,Commercial,,cgi-test-issuer-ws-name-change,,Source: CMS list provided; payer IDs vary by clearinghouse/plan.
CGI test company 1,Commercial,,cgi-test-company-1,,Source: CMS list provided; payer IDs vary by clearinghouse/plan.
CGI test company 3,Commercial,,cgi-test-company-3,,Source: CMS list provided; payer IDs vary by clearinghouse/plan.
CHA PACE,Medicare Advantage,,cha-pace,,Source: CMS list provided; payer IDs vary by clearinghouse/plan.
CHRISTUS Health Advantage,Medicare Advantage,,christus-health-advantage,,Source: CMS list provided; payer IDs vary by clearinghouse/plan.
CHRISTUS Health Plan,Commercial,,christus-health-plan,,Source: CMS list provided; payer IDs vary by clearinghouse/plan.
CHRISTUS Health Plan Louisiana,Commercial,,christus-health-plan-louisiana,,Source: CMS list provided; payer IDs vary by clearinghouse/plan.
"CIGNA HealthCare of Connecticut, Inc.",Commercial,Cigna,cigna-healthcare-of-connecticut-inc,,Source: CMS list provided; payer IDs vary by clearinghouse/plan.
"CIGNA HealthCare of New Hampshire, Inc.",Commercial,Cigna,cigna-healthcare-of-new-hampshire-inc,,Source: CMS list provided; payer IDs vary by clearinghouse/plan.
"CMD Health, Inc.",Commercial,,cmd-health-inc,,Source: CMS list provided; payer IDs vary by clearinghouse/plan.
COMMERCIAL TRAVELERS MUTUAL INSURANCE COMPANY,Commercial,,commercial-travelers-mutual-insurance-company,,Source: CMS list provided; payer IDs vary by clearinghouse/plan.
CONTRA COSTA HEALTH PLAN,Commercial,,contra-costa-health-plan,,Source: CMS list provided; payer IDs vary by clearinghouse/plan.
COUNTY OF LOS ANGELES - DEPARTMENT OF HEALTH SERVICES,Commercial,,county-of-los-angeles-department-of-health-services,,Source: CMS list provided; payer IDs vary by clearinghouse/plan.
CalCPA Group Insurance Trust,Commercial,,calcpa-group-insurance-trust,,Source: CMS list provided; payer IDs vary by clearinghouse/plan.
CalOptima Health OneCare,Medicare Advantage,,caloptima-health-onecare,,Source: CMS list provided; payer IDs vary by clearinghouse/plan.
CalOptima PACE,Medicare Advantage,,caloptima-pace,,Source: CMS list provided; payer IDs vary by clearinghouse/plan.
"California Dental Network, Inc.",Commercial,,california-dental-network-inc,,Source: CMS list provided; payer IDs vary by clearinghouse/plan.
California Motor Dealers Employee BT,Commercial,,california-motor-dealers-employee-bt,,Source: CMS list provided; payer IDs vary by clearinghouse/plan.
"Calnet, Inc",Commercial,,calnet-inc,,Source: CMS list provided; payer IDs vary by clearinghouse/plan.
Canyon Insurance Group,Commercial,,canyon-insurance-group,,Source: CMS list provided; payer IDs vary by clearinghouse/plan.
Capital Advantage Assurance Company,Commercial,,capital-advantage-assurance-company,,Source: CMS list provided; payer IDs vary by clearinghouse/plan.
Capital Advantage Insurance Company CAIC,Commercial,,capital-advantage-insurance-company-caic,,Source: CMS list provided; payer IDs vary by clearinghouse/plan.
Capital Blue Cross,Medicare Advantage,Blue Cross Blue Shield,capital-blue-cross,,Source: CMS list provided; payer IDs vary by clearinghouse/plan.
Capital BlueCross,Commercial,Blue Cross Blue Shield,capital-bluecross,,Source: CMS list provided; payer IDs vary by clearinghouse/plan.
Capital District Physicians Health Plan Inc.,Commercial,CDPHP,capital-district-physicians-health-plan-inc,,Source: CMS list provided; payer IDs vary by clearinghouse/plan.
Capital Health LIFE,Medicare Advantage,,capital-health-life,,Source: CMS list provided; payer IDs vary by clearinghouse/plan.
Capital Health Plan,Commercial,,capital-health-plan,,Source: CMS list provided; payer IDs vary by clearinghouse/plan.
Capital Health Plan,Medicare Advantage,,capital-health-plan,,Source: CMS list provided; payer IDs vary by clearinghouse/plan.
"Capital Senior Living, Inc.",Commercial,,capital-senior-living-inc,,Source: CMS list provided; payer IDs vary by clearinghouse/plan.
Care Guide Partners,Medicare Advantage,,care-guide-partners,,Source: CMS list provided; payer IDs vary by clearinghouse/plan.
Care Resources,Medicare Advantage,,care-resources,,Source: CMS list provided; payer IDs vary by clearinghouse/plan.
Care1st Health Plan,Commercial,,care1st-health-plan,,Source: CMS list provided; payer IDs vary by clearinghouse/plan.
Care1st Helth Plan,Commercial,,care1st-helth-plan,,Source: CMS list provided; payer IDs vary by clearinghouse/plan.
"CareFirst BlueChoice, Inc.",Commercial,Blue Cross Blue Shield,carefirst-bluechoice-inc,,Source: CMS list provided; payer IDs vary by clearinghouse/plan.
CareFirst BlueCross BlueShield Group Prescription Drug Plan,Medicare Advantage,Blue Cross Blue Shield,carefirst-bluecross-blueshield-group-prescription-drug-plan,,Source: CMS list provided; payer IDs vary by clearinghouse/plan.
CareFirst BlueCross BlueShield Medicare Advantage,Medicare Advantage,Blue Cross Blue Shield,carefirst-bluecross-blueshield-medicare-advantage,,Source: CMS list provided; payer IDs vary by clearinghouse/plan.
CareFirst BlueCross BlueShield Medicare Advantage Dual Prime,Medicare Advantage,Blue Cross Blue Shield,carefirst-bluecross-blueshield-medicare-advantage-dual-prime,,Source: CMS list provided; payer IDs vary by clearinghouse/plan.
"CareFirst of Maryland, Inc.",Commercial,Blue Cross Blue Shield,carefirst-of-maryland-inc,,Source: CMS list provided; payer IDs vary by clearinghouse/plan.
CareOregon Advantage,Medicare Advantage,,careoregon-advantage,,Source: CMS list provided; payer IDs vary by clearinghouse/plan.
CarePartners PACE,Medicare Advantage,,carepartners-pace,,Source: CMS list provided; payer IDs vary by clearinghouse/plan.
CarePartners of Connecticut,Medicare Advantage,,carepartners-of-connecticut,,Source: CMS list provided; payer IDs vary by clearinghouse/plan.
"CarePlus Health Plans, Inc.",Medicare Advantage,Humana,careplus-health-plans-inc,,Source: CMS list provided; payer IDs vary by clearinghouse/plan.
"CarePoint HMO, LLC",Commercial,,carepoint-hmo-llc,,Source: CMS list provided; payer IDs vary by clearinghouse/plan.
CarePoint Insurance Company,Commercial,,carepoint-insurance-company,,Source: CMS list provided; payer IDs vary by clearinghouse/plan.
CareSource,Medicare Advantage,,caresource,,Source: CMS list provided; payer IDs vary by clearinghouse/plan.
CareSource Arkansas Health Plan Co,Commercial,,caresource-arkansas-health-plan-co,,Source: CMS list provided; payer IDs vary by clearinghouse/plan.
CareSource Georgia Co.,Commercial,,caresource-georgia-co,,Source: CMS list provided; payer IDs vary by clearinghouse/plan.
"CareSource Indiana, Inc.",Commercial,,caresource-indiana-inc,,Source: CMS list provided; payer IDs vary by clearinghouse/plan.
CareSource Iowa Co.,Commercial,,caresource-iowa-co,,Source: CMS list provided; payer IDs vary by clearinghouse/plan.
"CareSource Kansas, LLC.",Commercial,,caresource-kansas-llc,,Source: CMS list provided; payer IDs vary by clearinghouse/plan.
CareSource Kentucky Co.,Commercial,,caresource-kentucky-co,,Source: CMS list provided; payer IDs vary by clearinghouse/plan.
CareSource MyCare Ohio,Medicare Advantage,,caresource-mycare-ohio,,Source: CMS list provided; payer IDs vary by clearinghouse/plan.
CareSource MyCare Ohio (HMO D-SNP),Medicare Advantage,,caresource-mycare-ohio-hmo-d-snp,,Source: CMS list provided; payer IDs vary by clearinghouse/plan.
CareSource Nevada Co,Commercial,,caresource-nevada-co,,Source: CMS list provided; payer IDs vary by clearinghouse/plan.
CareSource North Carolina Co.,Commercial,,caresource-north-carolina-co,,Source: CMS list provided; payer IDs vary by clearinghouse/plan.
"CareSource Ohio, Inc.",Commercial,,caresource-ohio-inc,,Source: CMS list provided; payer IDs vary by clearinghouse/plan.
CareSource Tennessee Co.,Commercial,,caresource-tennessee-co,,Source: CMS list provided; payer IDs vary by clearinghouse/plan.
CareSource West Virginia Co.,Commercial,,caresource-west-virginia-co,,Source: CMS list provided; payer IDs vary by clearinghouse/plan.
Caremark LLC,Commercial,,caremark-llc,,Source: CMS list provided; payer IDs vary by clearinghouse/plan.
"Cariten Health Plan, Inc.",Commercial,,cariten-health-plan-inc,,Source: CMS list provided; payer IDs vary by clearinghouse/plan.
Cariten Insurance Company,Commercial,,cariten-insurance-company,,Source: CMS list provided; payer IDs vary by clearinghouse/plan.
Carolina Care Plan,Commercial,,carolina-care-plan,,Source: CMS list provided; payer IDs vary by clearinghouse/plan.
Carolina SeniorCare,Medicare Advantage,,carolina-seniorcare,,Source: CMS list provided; payer IDs vary by clearinghouse/plan.
Carpenters Health and Welfare Trust Fund for California,Commercial,,carpenters-health-and-welfare-trust-fund-for-california,,Source: CMS list provided; payer IDs vary by clearinghouse/plan.
"Catamaran Insurance of Ohio, Inc.",Commercial,,catamaran-insurance-of-ohio-inc,,Source: CMS list provided; payer IDs vary by clearinghouse/plan.
Catawba College,Commercial,,catawba-college,,Source: CMS list provided; payer IDs vary by clearinghouse/plan.
Catawba Valley Medical Center,Commercial,,catawba-valley-medical-center,,Source: CMS list provided; payer IDs vary by clearinghouse/plan.
Catholic Health LIFE,Medicare Advantage,,catholic-health-life,,Source: CMS list provided; payer IDs vary by clearinghouse/plan.
Catholic Managed Long Term Care Inc.,Commercial,,catholic-managed-long-term-care-inc,,Source: CMS list provided; payer IDs vary by clearinghouse/plan.
Catholic Special Needs Plan LLC,Commercial,,catholic-special-needs-plan-llc,,Source: CMS list provided; payer IDs vary by clearinghouse/plan.
CeltiCare Health Plan of MA,Commercial,,celticare-health-plan-of-ma,,Source: CMS list provided; payer IDs vary by clearinghouse/plan.
Celtic Insurance Company,Commercial,,celtic-insurance-company,,Source: CMS list provided; payer IDs vary by clearinghouse/plan.
Cenral United Life Insurance Company,Commercial,,cenral-united-life-insurance-company,,Source: CMS list provided; payer IDs vary by clearinghouse/plan.
Centene Management Company,Commercial,Centene,centene-management-company,,Source: CMS list provided; payer IDs vary by clearinghouse/plan.
Centene Venture Company Florida,Commercial,Centene,centene-venture-company-florida,,Source: CMS list provided; payer IDs vary by clearinghouse/plan.
Center For Elders' Independence,Medicare Advantage,,center-for-elders-independence,,Source: CMS list provided; payer IDs vary by clearinghouse/plan.
CenterLight Healthcare PACE,Medicare Advantage,,centerlight-healthcare-pace,,Source: CMS list provided; payer IDs vary by clearinghouse/plan.
Centra PACE,Medicare Advantage,,centra-pace,,Source: CMS list provided; payer IDs vary by clearinghouse/plan.
Central Bancompany Inc,Commercial,,central-bancompany-inc,,Source: CMS list provided; payer IDs vary by clearinghouse/plan.
Central Bank of Audrain County,Commercial,,central-bank-of-audrain-county,,Source: CMS list provided; payer IDs vary by clearinghouse/plan.
Central Health Medicare Plan,Medicare Advantage,Medicare,central-health-medicare-plan,,Source: CMS list provided; payer IDs vary by clearinghouse/plan.
"Central Health Plan of California, Inc.",Commercial,,central-health-plan-of-california-inc,,Source: CMS list provided; payer IDs vary by clearinghouse/plan.
Central Jersey Municipal Employee Benefits Fund,Commercial,,central-jersey-municipal-employee-benefits-fund,,Source: CMS list provided; payer IDs vary by clearinghouse/plan.
Central Mortgage Company,Commercial,,central-mortgage-company,,Source: CMS list provided; payer IDs vary by clearinghouse/plan.
Central Trust Bank,Commercial,,central-trust-bank,,Source: CMS list provided; payer IDs vary by clearinghouse/plan.
Central Trust and Investment Company,Commercial,,central-trust-and-investment-company,,Source: CMS list provided; payer IDs vary by clearinghouse/plan.
Central United Life Insurance Company,Commercial,,central-united-life-insurance-company,,Source: CMS list provided; payer IDs vary by clearinghouse/plan.
Central Valley PACE,Medicare Advantage,,central-valley-pace,,Source: CMS list provided; payer IDs vary by clearinghouse/plan.
"Ceridian HCM, Inc",Commercial,,ceridian-hcm-inc,,Source: CMS list provided; payer IDs vary by clearinghouse/plan.
Champion Health Plan,Medicare Advantage,,champion-health-plan,,Source: CMS list provided; payer IDs vary by clearinghouse/plan.
Champion Heath Plan,Medicare Advantage,,champion-heath-plan,,Source: CMS list provided; payer IDs vary by clearinghouse/plan.
Cherokee Elder Care,Medicare Advantage,,cherokee-elder-care,,Source: CMS list provided; payer IDs vary by clearinghouse/plan.
Cherry Blossom PACE,Medicare Advantage,,cherry-blossom-pace,,Source: CMS list provided; payer IDs vary by clearinghouse/plan.
Chester A. Asher Inc.,Commercial,,chester-a-asher-inc,,Source: CMS list provided; payer IDs vary by clearinghouse/plan.
"Cheyenne Newspapers,Inc",Commercial,,cheyenne-newspapers-inc,,Source: CMS list provided; payer IDs vary by clearinghouse/plan.
Chinese Community Health Plan,Commercial,,chinese-community-health-plan,,Source: CMS list provided; payer IDs vary by clearinghouse/plan.
Chorus Community Health Plans,Commercial,,chorus-community-health-plans,,Source: CMS list provided; payer IDs vary by clearinghouse/plan.
Christ Community Health Services Augusta Inc,Commercial,,christ-community-health-services-augusta-inc,,Source: CMS list provided; payer IDs vary by clearinghouse/plan.
Cigna Health and Life Insurance Company,Commercial,Cigna,cigna-health-and-life-insurance-company,,Source: CMS list provided; payer IDs vary by clearinghouse/plan.
"Cigna HealthCare of Arizona, Inc",Commercial,Cigna,cigna-healthcare-of-arizona-inc,,Source: CMS list provided; payer IDs vary by clearinghouse/plan.
"Cigna HealthCare of California, Inc.",Commercial,Cigna,cigna-healthcare-of-california-inc,,Source: CMS list provided; payer IDs vary by clearinghouse/plan.
"Cigna HealthCare of Colorado, Inc.",Commercial,Cigna,cigna-healthcare-of-colorado-inc,,Source: CMS list provided; payer IDs vary by clearinghouse/plan.
"Cigna HealthCare of Delaware, Inc.",Commercial,Cigna,cigna-healthcare-of-delaware-inc,,Source: CMS list provided; payer IDs vary by clearinghouse/plan.
"Cigna HealthCare of Florida, Inc.",Commercial,Cigna,cigna-healthcare-of-florida-inc,,Source: CMS list provided; payer IDs vary by clearinghouse/plan.
"Cigna HealthCare of Georgia, Inc.",Commercial,Cigna,cigna-healthcare-of-georgia-inc,,Source: CMS list provided; payer IDs vary by clearinghouse/plan.
"Cigna HealthCare of Illinois, Inc.",Commercial,Cigna,cigna-healthcare-of-illinois-inc,,Source: CMS list provided; payer IDs vary by clearinghouse/plan.
"Cigna HealthCare of Indiana, Inc.",Commercial,Cigna,cigna-healthcare-of-indiana-inc,,Source: CMS list provided; payer IDs vary by clearinghouse/plan.
"Cigna HealthCare of Maine, Inc.",Commercial,Cigna,cigna-healthcare-of-maine-inc,,Source: CMS list provided; payer IDs vary by clearinghouse/plan.
"Cigna HealthCare of Massachusetts, Inc.",Commercial,Cigna,cigna-healthcare-of-massachusetts-inc,,Source: CMS list provided; payer IDs vary by clearinghouse/plan.
"Cigna HealthCare of Mid-Atlantic, Inc.",Commercial,Cigna,cigna-healthcare-of-mid-atlantic-inc,,Source: CMS list provided; payer IDs vary by clearinghouse/plan.
"Cigna HealthCare of New Jersey, Inc.",Commercial,Cigna,cigna-healthcare-of-new-jersey-inc,,Source: CMS list provided; payer IDs vary by clearinghouse/plan.
"Cigna HealthCare of New York, Inc.",Commercial,Cigna,cigna-healthcare-of-new-york-inc,,Source: CMS list provided; payer IDs vary by clearinghouse/plan.
"Cigna HealthCare of North Carolina, Inc.",Commercial,Cigna,cigna-healthcare-of-north-carolina-inc,,Source: CMS list provided; payer IDs vary by clearinghouse/plan.
"Cigna HealthCare of Pennsylvania, Inc.",Commercial,Cigna,cigna-healthcare-of-pennsylvania-inc,,Source: CMS list provided; payer IDs vary by clearinghouse/plan.
"Cigna HealthCare of South Carolina, Inc.",Commercial,Cigna,cigna-healthcare-of-south-carolina-inc,,Source: CMS list provided; payer IDs vary by clearinghouse/plan.
"Cigna HealthCare of St Louis, Inc.",Commercial,Cigna,cigna-healthcare-of-st-louis-inc,,Source: CMS list provided; payer IDs vary by clearinghouse/plan.
"Cigna HealthCare of St. Louis, Inc",Commercial,Cigna,cigna-healthcare-of-st-louis-inc,,Source: CMS list provided; payer IDs vary by clearinghouse/plan.
"Cigna HealthCare of Tennessee, Inc",Commercial,Cigna,cigna-healthcare-of-tennessee-inc,,Source: CMS list provided; payer IDs vary by clearinghouse/plan.
"Cigna HealthCare of Texas, Inc.",Commercial,Cigna,cigna-healthcare-of-texas-inc,,Source: CMS list provided; payer IDs vary by clearinghouse/plan.
"Cigna HealthCare of Utah, Inc.",Commercial,Cigna,cigna-healthcare-of-utah-inc,,Source: CMS list provided; payer IDs vary by clearinghouse/plan.
"Cigna HealthCare-Pacific, Inc.",Commercial,Cigna,cigna-healthcare-pacific-inc,,Source: CMS list provided; payer IDs vary by clearinghouse/plan.
Cigna Healthcare,Medicare Advantage,Cigna,cigna-healthcare,,Source: CMS list provided; payer IDs vary by clearinghouse/plan.
Cigna Worldwide Insurance Company,Commercial,Cigna,cigna-worldwide-insurance-company,,Source: CMS list provided; payer IDs vary by clearinghouse/plan.
"Circulo Health of Ohio, Inc.",Commercial,,circulo-health-of-ohio-inc,,Source: CMS list provided; payer IDs vary by clearinghouse/plan.
"Citrus Health Care, Inc.",Commercial,,citrus-health-care-inc,,Source: CMS list provided; payer IDs vary by clearinghouse/plan.
City Bank & Trust Co,Commercial,,city-bank-and-trust-co,,Source: CMS list provided; payer IDs vary by clearinghouse/plan.
City of Duncanville,Commercial,,city-of-duncanville,,Source: CMS list provided; payer IDs vary by clearinghouse/plan.
City of Lakeland,Commercial,,city-of-lakeland,,Source: CMS list provided; payer IDs vary by clearinghouse/plan.
Clear Spring Health,Medicare Advantage,,clear-spring-health,,Source: CMS list provided; payer IDs vary by clearinghouse/plan.
Clever Care Health Plan,Medicare Advantage,,clever-care-health-plan,,Source: CMS list provided; payer IDs vary by clearinghouse/plan.
Clover Health,Medicare Advantage,Clover Health,clover-health,,Source: CMS list provided; payer IDs vary by clearinghouse/plan.
CoOportunity Health,Commercial,,cooportunity-health,,Source: CMS list provided; payer IDs vary by clearinghouse/plan.
"Coast Aluminum and Architectural, Inc.",Commercial,,coast-aluminum-and-architectural-inc,,Source: CMS list provided; payer IDs vary by clearinghouse/plan.
Cold Spring Granite Company,Commercial,,cold-spring-granite-company,,Source: CMS list provided; payer IDs vary by clearinghouse/plan.
"Colorado Dental Service, Inc.",Commercial,,colorado-dental-service-inc,,Source: CMS list provided; payer IDs vary by clearinghouse/plan.
"Colorado Health Insurance Cooperative, Inc.",Commercial,,colorado-health-insurance-cooperative-inc,,Source: CMS list provided; payer IDs vary by clearinghouse/plan.
Colorado PACE,Medicare Advantage,,colorado-pace,,Source: CMS list provided; payer IDs vary by clearinghouse/plan.
Columbia United Providers,Commercial,,columbia-united-providers,,Source: CMS list provided; payer IDs vary by clearinghouse/plan.
Common Ground Healthcare Cooperative,Commercial,,common-ground-healthcare-cooperative,,Source: CMS list provided; payer IDs vary by clearinghouse/plan.
Commonwealth Care Alliance,Medicare Advantage,,commonwealth-care-alliance,,Source: CMS list provided; payer IDs vary by clearinghouse/plan.
Commonwealth Care Alliance Massachusetts,Medicare Advantage,,commonwealth-care-alliance-massachusetts,,Source: CMS list provided; payer IDs vary by clearinghouse/plan.
Communicare Advantage,Medicare Advantage,,communicare-advantage,,Source: CMS list provided; payer IDs vary by clearinghouse/plan.
Community Care,Medicare Advantage,,community-care,,Source: CMS list provided; payer IDs vary by clearinghouse/plan.
"Community Care Health Plan, Inc.",Commercial,,community-care-health-plan-inc,,Source: CMS list provided; payer IDs vary by clearinghouse/plan.
Community Care Health Plans of Nevada Inc,Commercial,,community-care-health-plans-of-nevada-inc,,Source: CMS list provided; payer IDs vary by clearinghouse/plan.
Community Care Network Inc,Commercial,,community-care-network-inc,,Source: CMS list provided; payer IDs vary by clearinghouse/plan.
Community First,Medicare Advantage,,community-first,,Source: CMS list provided; payer IDs vary by clearinghouse/plan.
"Community First Health Plans, Inc.",Commercial,,community-first-health-plans-inc,,Source: CMS list provided; payer IDs vary by clearinghouse/plan.
Community First Insurance Plans,Commercial,,community-first-insurance-plans,,Source: CMS list provided; payer IDs vary by clearinghouse/plan.
Community Health Alliance Mutual Insurance Company,Commercial,,community-health-alliance-mutual-insurance-company,,Source: CMS list provided; payer IDs vary by clearinghouse/plan.
Community Health Choice,Medicare Advantage,Community Health Choice,community-health-choice,,Source: CMS list provided; payer IDs vary by clearinghouse/plan.
"Community Health Choice Texas, Inc.",Commercial,Community Health Choice,community-health-choice-texas-inc,,Source: CMS list provided; payer IDs vary by clearinghouse/plan.
"Community Health Choice, Inc.",Commercial,Community Health Choice,community-health-choice-inc,,Source: CMS list provided; payer IDs vary by clearinghouse/plan.
Community Health Group,Medicare Advantage,,community-health-group,,Source: CMS list provided; payer IDs vary by clearinghouse/plan.
Community Health Group,Commercial,,community-health-group,,Source: CMS list provided; payer IDs vary by clearinghouse/plan.
Community Health Network of Washington,Commercial,Health Net (Centene),community-health-network-of-washington,,Source: CMS list provided; payer IDs vary by clearinghouse/plan.
Community Health Plan of WA Medicare Advantage,Medicare Advantage,,community-health-plan-of-wa-medicare-advantage,,Source: CMS list provided; payer IDs vary by clearinghouse/plan.
Community Health Plan of Washington,Commercial,,community-health-plan-of-washington,,Source: CMS list provided; payer IDs vary by clearinghouse/plan.
Community Insurance Company,Commercial,,community-insurance-company,,Source: CMS list provided; payer IDs vary by clearinghouse/plan.
Community Insurance Company(Anthem BCBS),Commercial,Anthem Blue Cross Blue Shield,community-insurance-company-anthem-bcbs,,Source: CMS list provided; payer IDs vary by clearinghouse/plan.
Community LIFE,Medicare Advantage,,community-life,,Source: CMS list provided; payer IDs vary by clearinghouse/plan.
"Community PACE at Home, Inc",Medicare Advantage,,community-pace-at-home-inc,,Source: CMS list provided; payer IDs vary by clearinghouse/plan.
CommunityCare HMO Inc.,Commercial,,communitycare-hmo-inc,,Source: CMS list provided; payer IDs vary by clearinghouse/plan.
"CommunityCare HMO, Inc.",Commercial,,communitycare-hmo-inc,,Source: CMS list provided; payer IDs vary by clearinghouse/plan.
CommunityCare Life & Health Insurance Co,Commercial,,communitycare-life-and-health-insurance-co,,Source: CMS list provided; payer IDs vary by clearinghouse/plan.
CommunityCare Life & Health Insurance Company,Commercial,,communitycare-life-and-health-insurance-company,,Source: CMS list provided; payer IDs vary by clearinghouse/plan.
CommunityCare Senior Health Plan (HMO),Medicare Advantage,,communitycare-senior-health-plan-hmo,,Source: CMS list provided; payer IDs vary by clearinghouse/plan.
Companion Life Insurance Company,Commercial,,companion-life-insurance-company,,Source: CMS list provided; payer IDs vary by clearinghouse/plan.
Companion Life Insurance Company of California,Commercial,,companion-life-insurance-company-of-california,,Source: CMS list provided; payer IDs vary by clearinghouse/plan.
Companion Life Insurance Company of NY,Commercial,,companion-life-insurance-company-of-ny,,Source: CMS list provided; payer IDs vary by clearinghouse/plan.
Compcare Health Serv Ins Co(Anthem BCBS),Commercial,Anthem Blue Cross Blue Shield,compcare-health-serv-ins-co-anthem-bcbs,,Source: CMS list provided; payer IDs vary by clearinghouse/plan.
Compcare Health Services Insurance Corporation,Commercial,,compcare-health-services-insurance-corporation,,Source: CMS list provided; payer IDs vary by clearinghouse/plan.
Complete Senior Care,Medicare Advantage,,complete-senior-care,,Source: CMS list provided; payer IDs vary by clearinghouse/plan.
"Comstock Resources, Inc.",Commercial,,comstock-resources-inc,,Source: CMS list provided; payer IDs vary by clearinghouse/plan.
Conair Corporation,Commercial,,conair-corporation,,Source: CMS list provided; payer IDs vary by clearinghouse/plan.
Concert Health Plan Insurance Company,Commercial,,concert-health-plan-insurance-company,,Source: CMS list provided; payer IDs vary by clearinghouse/plan.
Concorde Battery Corporation,Commercial,,concorde-battery-corporation,,Source: CMS list provided; payer IDs vary by clearinghouse/plan.
Confederated Tribes of Siletz Indians COHO Benefit,Commercial,,confederated-tribes-of-siletz-indians-coho-benefit,,Source: CMS list provided; payer IDs vary by clearinghouse/plan.
ConnectiCare,Medicare Advantage,ConnectiCare,connecticare,,Source: CMS list provided; payer IDs vary by clearinghouse/plan.
"ConnectiCare Benefits, Inc.",Commercial,ConnectiCare,connecticare-benefits-inc,,Source: CMS list provided; payer IDs vary by clearinghouse/plan.
"ConnectiCare Insurance Company, Inc.",Commercial,ConnectiCare,connecticare-insurance-company-inc,,Source: CMS list provided; payer IDs vary by clearinghouse/plan.
"ConnectiCare of Massachusetts, Inc.",Commercial,ConnectiCare,connecticare-of-massachusetts-inc,,Source: CMS list provided; payer IDs vary by clearinghouse/plan.
"ConnectiCare, Inc.",Commercial,ConnectiCare,connecticare-inc,,Source: CMS list provided; payer IDs vary by clearinghouse/plan.
"ConnectiCare, Inc. & Affiliates",Commercial,ConnectiCare,connecticare-inc-and-affiliates,,Source: CMS list provided; payer IDs vary by clearinghouse/plan.
Connecticut Carpenters Health Fund,Commercial,,connecticut-carpenters-health-fund,,Source: CMS list provided; payer IDs vary by clearinghouse/plan.
Connecticut General Life Insurance Co,Commercial,,connecticut-general-life-insurance-co,,Source: CMS list provided; payer IDs vary by clearinghouse/plan.
Connecticut General Life Insurance Company,Commercial,,connecticut-general-life-insurance-company,,Source: CMS list provided; payer IDs vary by clearinghouse/plan.
Conseco Life Insurance Company,Commercial,,conseco-life-insurance-company,,Source: CMS list provided; payer IDs vary by clearinghouse/plan.
Conseco Life Insurance Company of Texas,Commercial,,conseco-life-insurance-company-of-texas,,Source: CMS list provided; payer IDs vary by clearinghouse/plan.
Consolidated Assoc Of Railroad Employees Hc,Medicare Advantage,,consolidated-assoc-of-railroad-employees-hc,,Source: CMS list provided; payer IDs vary by clearinghouse/plan.
Consumers Life Insurance Company,Commercial,,consumers-life-insurance-company,,Source: CMS list provided; payer IDs vary by clearinghouse/plan.
Consumers Mutual Insurance of Michigan,Commercial,,consumers-mutual-insurance-of-michigan,,Source: CMS list provided; payer IDs vary by clearinghouse/plan.
Consumers' Choice Health Insurance Company,Commercial,,consumers-choice-health-insurance-company,,Source: CMS list provided; payer IDs vary by clearinghouse/plan.
Cook Childrens Health Plan,Commercial,,cook-childrens-health-plan,,Source: CMS list provided; payer IDs vary by clearinghouse/plan.
Coordinated Care Corporation,Commercial,,coordinated-care-corporation,,Source: CMS list provided; payer IDs vary by clearinghouse/plan.
Coordinated Care Corporation Indiana,Commercial,,coordinated-care-corporation-indiana,,Source: CMS list provided; payer IDs vary by clearinghouse/plan.
"Coordinated Care of Washington, Inc",Commercial,,coordinated-care-of-washington-inc,,Source: CMS list provided; payer IDs vary by clearinghouse/plan.
"Coordinated Health Mutual, Inc.",Commercial,,coordinated-health-mutual-inc,,Source: CMS list provided; payer IDs vary by clearinghouse/plan.
Corporate Benefits Service Inc,Commercial,,corporate-benefits-service-inc,,Source: CMS list provided; payer IDs vary by clearinghouse/plan.
Corsicana Bedding Inc,Commercial,,corsicana-bedding-inc,,Source: CMS list provided; payer IDs vary by clearinghouse/plan.
Cotton States Life Insurance Company,Commercial,,cotton-states-life-insurance-company,,Source: CMS list provided; payer IDs vary by clearinghouse/plan.
County of Santa Clara,Commercial,,county-of-santa-clara,,Source: CMS list provided; payer IDs vary by clearinghouse/plan.
"County of Ventura, dba Ventura County Health Care Plan",Commercial,,county-of-ventura-dba-ventura-county-health-care-plan,,Source: CMS list provided; payer IDs vary by clearinghouse/plan.
Coventry Health & Life Co.,Commercial,Aetna,coventry-health-and-life-co,,Source: CMS list provided; payer IDs vary by clearinghouse/plan.
Coventry Health & Life Insurance Co.,Commercial,Aetna,coventry-health-and-life-insurance-co,,Source: CMS list provided; payer IDs vary by clearinghouse/plan.
Coventry Health & Life Insurance Company,Commercial,Aetna,coventry-health-and-life-insurance-company,,Source: CMS list provided; payer IDs vary by clearinghouse/plan.
Coventry Health Care Of Kansas Inc,Commercial,Aetna,coventry-health-care-of-kansas-inc,,Source: CMS list provided; payer IDs vary by clearinghouse/plan.
"Coventry Health Care of Delaware, Inc.",Commercial,Aetna,coventry-health-care-of-delaware-inc,,Source: CMS list provided; payer IDs vary by clearinghouse/plan.
"Coventry Health Care of Florida, Inc.",Commercial,Aetna,coventry-health-care-of-florida-inc,,Source: CMS list provided; payer IDs vary by clearinghouse/plan.
"Coventry Health Care of Illinois, Inc.",Commercial,Aetna,coventry-health-care-of-illinois-inc,,Source: CMS list provided; payer IDs vary by clearinghouse/plan.
Coventry Health Care of Kansas,Commercial,Aetna,coventry-health-care-of-kansas,,Source: CMS list provided; payer IDs vary by clearinghouse/plan.
"Coventry Health Care of Kansas, Inc.",Commercial,Aetna,coventry-health-care-of-kansas-inc,,Source: CMS list provided; payer IDs vary by clearinghouse/plan.
"Coventry Health Care of Missouri, Inc.",Commercial,Aetna,coventry-health-care-of-missouri-inc,,Source: CMS list provided; payer IDs vary by clearinghouse/plan.
Coventry Health Care of Nebraska Inc.,Commercial,Aetna,coventry-health-care-of-nebraska-inc,,Source: CMS list provided; payer IDs vary by clearinghouse/plan.
"Coventry Health Care of Texas, Inc.",Commercial,Aetna,coventry-health-care-of-texas-inc,,Source: CMS list provided; payer IDs vary by clearinghouse/plan.
"Coventry Health Care of Virginia, Inc",Commercial,Aetna,coventry-health-care-of-virginia-inc,,Source: CMS list provided; payer IDs vary by clearinghouse/plan.
"Coventry Health Care of West Virginia, Inc.",Commercial,Aetna,coventry-health-care-of-west-virginia-inc,,Source: CMS list provided; payer IDs vary by clearinghouse/plan.
"Coventry Health Care of the Carolinas, Inc.",Commercial,Aetna,coventry-health-care-of-the-carolinas-inc,,Source: CMS list provided; payer IDs vary by clearinghouse/plan.
"Coventry Health Plan of Florida, Inc.",Commercial,Aetna,coventry-health-plan-of-florida-inc,,Source: CMS list provided; payer IDs vary by clearinghouse/plan.
Coventry Health and Life,Commercial,Aetna,coventry-health-and-life,,Source: CMS list provided; payer IDs vary by clearinghouse/plan.
Coventry Health and Life - TNARMS,Commercial,Aetna,coventry-health-and-life-tnarms,,Source: CMS list provided; payer IDs vary by clearinghouse/plan.
Coventry Health and Life Insurance Co.,Commercial,Aetna,coventry-health-and-life-insurance-co,,Source: CMS list provided; payer IDs vary by clearinghouse/plan.
"Cox Health Systems HMO, Inc.",Commercial,,cox-health-systems-hmo-inc,,Source: CMS list provided; payer IDs vary by clearinghouse/plan.
Cox Health Systems Insurance Company,Commercial,,cox-health-systems-insurance-company,,Source: CMS list provided; payer IDs vary by clearinghouse/plan.
Cox HealthPlans,Medicare Advantage,,cox-healthplans,,Source: CMS list provided; payer IDs vary by clearinghouse/plan.
CrestPoint Health Insurance Company,Commercial,,crestpoint-health-insurance-company,,Source: CMS list provided; payer IDs vary by clearinghouse/plan.
Crystal Run Health Insurance Company Inc.,Commercial,,crystal-run-health-insurance-company-inc,,Source: CMS list provided; payer IDs vary by clearinghouse/plan.
Crystal Run Health Plan LLC,Commercial,,crystal-run-health-plan-llc,,Source: CMS list provided; payer IDs vary by clearinghouse/plan.
"Cumulus Media, Inc.",Commercial,,cumulus-media-inc,,Source: CMS list provided; payer IDs vary by clearinghouse/plan.
Curative Insurance Company,Commercial,,curative-insurance-company,,Source: CMS list provided; payer IDs vary by clearinghouse/plan.
"Curtis Lumber Company, Inc.",Commercial,,curtis-lumber-company-inc,,Source: CMS list provided; payer IDs vary by clearinghouse/plan.
DECO Recovery Management LLC,Commercial,,deco-recovery-management-llc,,Source: CMS list provided; payer IDs vary by clearinghouse/plan.
"DENCAP Dental Plans, Inc.",Commercial,,dencap-dental-plans-inc,,Source: CMS list provided; payer IDs vary by clearinghouse/plan.
"DSM MASSACHUSETTS INSURANCE COMPANY, Inc",Commercial,,dsm-massachusetts-insurance-company-inc,,Source: CMS list provided; payer IDs vary by clearinghouse/plan.
"DST Systems, Inc.",Commercial,,dst-systems-inc,,Source: CMS list provided; payer IDs vary by clearinghouse/plan.
DUVAL ASPHALT PRODUCTS INC,Commercial,,duval-asphalt-products-inc,,Source: CMS list provided; payer IDs vary by clearinghouse/plan.
DYSART UNIFIED SCHOOL DISTRICT,Commercial,,dysart-unified-school-district,,Source: CMS list provided; payer IDs vary by clearinghouse/plan.
Daimler Trucks North America,Commercial,,daimler-trucks-north-america,,Source: CMS list provided; payer IDs vary by clearinghouse/plan.
Dallas Container Corp,Commercial,,dallas-container-corp,,Source: CMS list provided; payer IDs vary by clearinghouse/plan.
Davidson College,Commercial,,davidson-college,,Source: CMS list provided; payer IDs vary by clearinghouse/plan.
Dean Advantage,Medicare Advantage,,dean-advantage,,Source: CMS list provided; payer IDs vary by clearinghouse/plan.
Dean Health Plan,Commercial,,dean-health-plan,,Source: CMS list provided; payer IDs vary by clearinghouse/plan.
"Dean Health Plan, Inc",Commercial,,dean-health-plan-inc,,Source: CMS list provided; payer IDs vary by clearinghouse/plan.
"Dean Health Plan, Inc.",Medicare Advantage,,dean-health-plan-inc,,Source: CMS list provided; payer IDs vary by clearinghouse/plan.
Delaware American Life Insurance Company,Commercial,,delaware-american-life-insurance-company,,Source: CMS list provided; payer IDs vary by clearinghouse/plan.
Dell Marketing LP,Commercial,,dell-marketing-lp,,Source: CMS list provided; payer IDs vary by clearinghouse/plan.
Delsure Health Insurance Inc,Commercial,,delsure-health-insurance-inc,,Source: CMS list provided; payer IDs vary by clearinghouse/plan.
Delta County Memorial Hospital,Commercial,,delta-county-memorial-hospital,,Source: CMS list provided; payer IDs vary by clearinghouse/plan.
Delta Dental Insurance Company,Commercial,,delta-dental-insurance-company,,Source: CMS list provided; payer IDs vary by clearinghouse/plan.
"Delta Dental Plan of Arkansas, Inc.",Commercial,,delta-dental-plan-of-arkansas-inc,,Source: CMS list provided; payer IDs vary by clearinghouse/plan.
"Delta Dental Plan of Indiana, Inc.",Commercial,,delta-dental-plan-of-indiana-inc,,Source: CMS list provided; payer IDs vary by clearinghouse/plan.
"Delta Dental Plan of Michigan, Inc.",Commercial,,delta-dental-plan-of-michigan-inc,,Source: CMS list provided; payer IDs vary by clearinghouse/plan.
"Delta Dental Plan of New Hampshire, Inc.",Commercial,,delta-dental-plan-of-new-hampshire-inc,,Source: CMS list provided; payer IDs vary by clearinghouse/plan.
Delta Dental Plan of New Mexico,Commercial,,delta-dental-plan-of-new-mexico,,Source: CMS list provided; payer IDs vary by clearinghouse/plan.
"Delta Dental Plan of Ohio, Inc.",Commercial,,delta-dental-plan-of-ohio-inc,,Source: CMS list provided; payer IDs vary by clearinghouse/plan.
Delta Dental Plan of Oklahoma,Commercial,,delta-dental-plan-of-oklahoma,,Source: CMS list provided; payer IDs vary by clearinghouse/plan.
Delta Dental Plan of South Dakota,Commercial,,delta-dental-plan-of-south-dakota,,Source: CMS list provided; payer IDs vary by clearinghouse/plan.
Delta Dental Plan of Vermont Inc,Commercial,,delta-dental-plan-of-vermont-inc,,Source: CMS list provided; payer IDs vary by clearinghouse/plan.
Delta Dental Plan of Wyoming,Commercial,,delta-dental-plan-of-wyoming,,Source: CMS list provided; payer IDs vary by clearinghouse/plan.
Delta Dental of California,Commercial,,delta-dental-of-california,,Source: CMS list provided; payer IDs vary by clearinghouse/plan.
"Delta Dental of Delaware, Inc.",Commercial,,delta-dental-of-delaware-inc,,Source: CMS list provided; payer IDs vary by clearinghouse/plan.
Delta Dental of Idaho,Commercial,,delta-dental-of-idaho,,Source: CMS list provided; payer IDs vary by clearinghouse/plan.
Delta Dental of Illinois,Commercial,,delta-dental-of-illinois,,Source: CMS list provided; payer IDs vary by clearinghouse/plan.
Delta Dental of Iowa,Commercial,,delta-dental-of-iowa,,Source: CMS list provided; payer IDs vary by clearinghouse/plan.
"Delta Dental of Kansas, Inc.",Commercial,,delta-dental-of-kansas-inc,,Source: CMS list provided; payer IDs vary by clearinghouse/plan.
"Delta Dental of Kentucky, Inc.",Commercial,,delta-dental-of-kentucky-inc,,Source: CMS list provided; payer IDs vary by clearinghouse/plan.
Delta Dental of Minnesota,Commercial,,delta-dental-of-minnesota,,Source: CMS list provided; payer IDs vary by clearinghouse/plan.
Delta Dental of Missouri,Commercial,,delta-dental-of-missouri,,Source: CMS list provided; payer IDs vary by clearinghouse/plan.
Delta Dental of Nebraska,Commercial,,delta-dental-of-nebraska,,Source: CMS list provided; payer IDs vary by clearinghouse/plan.
"Delta Dental of New Jersey, Inc.",Commercial,,delta-dental-of-new-jersey-inc,,Source: CMS list provided; payer IDs vary by clearinghouse/plan.
"Delta Dental of New York, Inc.",Commercial,,delta-dental-of-new-york-inc,,Source: CMS list provided; payer IDs vary by clearinghouse/plan.
Delta Dental of North Carolina,Commercial,,delta-dental-of-north-carolina,,Source: CMS list provided; payer IDs vary by clearinghouse/plan.
Delta Dental of Rhode Island,Commercial,,delta-dental-of-rhode-island,,Source: CMS list provided; payer IDs vary by clearinghouse/plan.
Delta Dental of Tennessee,Commercial,,delta-dental-of-tennessee,,Source: CMS list provided; payer IDs vary by clearinghouse/plan.
Delta Dental of Virginia,Commercial,,delta-dental-of-virginia,,Source: CMS list provided; payer IDs vary by clearinghouse/plan.
Delta Dental of Washington,Commercial,,delta-dental-of-washington,,Source: CMS list provided; payer IDs vary by clearinghouse/plan.
Delta Dental of West Virginia,Commercial,,delta-dental-of-west-virginia,,Source: CMS list provided; payer IDs vary by clearinghouse/plan.
"Delta Dental of Wisconsin, Inc.",Commercial,,delta-dental-of-wisconsin-inc,,Source: CMS list provided; payer IDs vary by clearinghouse/plan.
Delta Dental of the District of Columbia,Commercial,,delta-dental-of-the-district-of-columbia,,Source: CMS list provided; payer IDs vary by clearinghouse/plan.
"DentaQuest Mid-Atlantic, Inc.",Commercial,,dentaquest-mid-atlantic-inc,,Source: CMS list provided; payer IDs vary by clearinghouse/plan.
"DentaQuest National Insurance Company, Inc.",Commercial,,dentaquest-national-insurance-company-inc,,Source: CMS list provided; payer IDs vary by clearinghouse/plan.
"DentaQuest USA Insurance Company, Inc.",Commercial,,dentaquest-usa-insurance-company-inc,,Source: CMS list provided; payer IDs vary by clearinghouse/plan.
"DentaQuest of Florida, Inc.",Commercial,,dentaquest-of-florida-inc,,Source: CMS list provided; payer IDs vary by clearinghouse/plan.
"Dental Care Plus, Inc.",Commercial,,dental-care-plus-inc,,Source: CMS list provided; payer IDs vary by clearinghouse/plan.
"Dental Choice, Inc.",Commercial,,dental-choice-inc,,Source: CMS list provided; payer IDs vary by clearinghouse/plan.
Dental Health Services,Commercial,,dental-health-services,,Source: CMS list provided; payer IDs vary by clearinghouse/plan.
"Dental Health Services, Inc.",Commercial,,dental-health-services-inc,,Source: CMS list provided; payer IDs vary by clearinghouse/plan.
"Dental Service of Massachusetts, Inc.",Commercial,,dental-service-of-massachusetts-inc,,Source: CMS list provided; payer IDs vary by clearinghouse/plan.
"Dentcare Delivery Systems, Inc.",Commercial,,dentcare-delivery-systems-inc,,Source: CMS list provided; payer IDs vary by clearinghouse/plan.
Dentegra Insurance Company,Commercial,,dentegra-insurance-company,,Source: CMS list provided; payer IDs vary by clearinghouse/plan.
Dentegra Insurance Company of New England,Commercial,,dentegra-insurance-company-of-new-england,,Source: CMS list provided; payer IDs vary by clearinghouse/plan.
"Denver Health Medical Plan, Inc",Commercial,,denver-health-medical-plan-inc,,Source: CMS list provided; payer IDs vary by clearinghouse/plan.
"Denver Health Medical Plan, Inc.",Commercial,,denver-health-medical-plan-inc,,Source: CMS list provided; payer IDs vary by clearinghouse/plan.
Deseret Mutual Insurance Company,Commercial,,deseret-mutual-insurance-company,,Source: CMS list provided; payer IDs vary by clearinghouse/plan.
Detroit Diesel Corporation,Commercial,,detroit-diesel-corporation,,Source: CMS list provided; payer IDs vary by clearinghouse/plan.
Devoted Health,Medicare Advantage,,devoted-health,,Source: CMS list provided; payer IDs vary by clearinghouse/plan.
Dewberry,Commercial,,dewberry,,Source: CMS list provided; payer IDs vary by clearinghouse/plan.
Direct General Life Insurance Company,Commercial,,direct-general-life-insurance-company,,Source: CMS list provided; payer IDs vary by clearinghouse/plan.
"Doctors HealthCare Plans, Inc.",Medicare Advantage,,doctors-healthcare-plans-inc,,Source: CMS list provided; payer IDs vary by clearinghouse/plan.
"Dominion Dental Services, Inc.",Commercial,,dominion-dental-services-inc,,Source: CMS list provided; payer IDs vary by clearinghouse/plan.
Dominion National Insurance Company,Commercial,,dominion-national-insurance-company,,Source: CMS list provided; payer IDs vary by clearinghouse/plan.
"Dominion USA, Inc.",Commercial,,dominion-usa-inc,,Source: CMS list provided; payer IDs vary by clearinghouse/plan.
"Doskocil Manufacturing Company, Inc",Commercial,,doskocil-manufacturing-company-inc,,Source: CMS list provided; payer IDs vary by clearinghouse/plan.
"Draeger Medical Systems, Inc",Commercial,,draeger-medical-systems-inc,,Source: CMS list provided; payer IDs vary by clearinghouse/plan.
"Dresser, Inc.",Commercial,,dresser-inc,,Source: CMS list provided; payer IDs vary by clearinghouse/plan.
Driscoll Health System,Commercial,,driscoll-health-system,,Source: CMS list provided; payer IDs vary by clearinghouse/plan.
"ELAN SOLUTIONS, INC.",Commercial,,elan-solutions-inc,,Source: CMS list provided; payer IDs vary by clearinghouse/plan.
EMI Health,Medicare Advantage,,emi-health,,Source: CMS list provided; payer IDs vary by clearinghouse/plan.
ERC,Commercial,,erc,,Source: CMS list provided; payer IDs vary by clearinghouse/plan.
ERICO International Corporation,Commercial,,erico-international-corporation,,Source: CMS list provided; payer IDs vary by clearinghouse/plan.
ESSENCE HEALTHCARE OF MINNESOTA CORPORATION,Commercial,,essence-healthcare-of-minnesota-corporation,,Source: CMS list provided; payer IDs vary by clearinghouse/plan.
Eddy SeniorCare,Medicare Advantage,,eddy-seniorcare,,Source: CMS list provided; payer IDs vary by clearinghouse/plan.
Educators Health Care,Commercial,,educators-health-care,,Source: CMS list provided; payer IDs vary by clearinghouse/plan.
"Educators Health Plans Health, Inc",Commercial,,educators-health-plans-health-inc,,Source: CMS list provided; payer IDs vary by clearinghouse/plan.
"Educators Health Plans Life, Accident, and Health",Commercial,,educators-health-plans-life-accident-and-health,,Source: CMS list provided; payer IDs vary by clearinghouse/plan.
"Educators Health Plans Life, Accident, and Health, Inc",Commercial,,educators-health-plans-life-accident-and-health-inc,,Source: CMS list provided; payer IDs vary by clearinghouse/plan.
Educators Mutual Insurance Association,Commercial,,educators-mutual-insurance-association,,Source: CMS list provided; payer IDs vary by clearinghouse/plan.
El Paso First Health Plans Inc.,Commercial,,el-paso-first-health-plans-inc,,Source: CMS list provided; payer IDs vary by clearinghouse/plan.
El Paso Health Medicare Advantage,Medicare Advantage,,el-paso-health-medicare-advantage,,Source: CMS list provided; payer IDs vary by clearinghouse/plan.
"Elder Service Plan of Harbor Health Services, Inc",Medicare Advantage,,elder-service-plan-of-harbor-health-services-inc,,Source: CMS list provided; payer IDs vary by clearinghouse/plan.
ElderONE an Affiliate of Rochester Regional Health,Medicare Advantage,,elderone-an-affiliate-of-rochester-regional-health,,Source: CMS list provided; payer IDs vary by clearinghouse/plan.
Elderhaus PACE,Medicare Advantage,,elderhaus-pace,,Source: CMS list provided; payer IDs vary by clearinghouse/plan.
Elderplan,Medicare Advantage,,elderplan,,Source: CMS list provided; payer IDs vary by clearinghouse/plan.
"Electricians Health & Welfare Plan, IBEW 995",Commercial,,electricians-health-and-welfare-plan-ibew-995,,Source: CMS list provided; payer IDs vary by clearinghouse/plan.
"Element Care, Inc",Medicare Advantage,,element-care-inc,,Source: CMS list provided; payer IDs vary by clearinghouse/plan.
Elementis Global LLC,Commercial,,elementis-global-llc,,Source: CMS list provided; payer IDs vary by clearinghouse/plan.
Elevate Medicare Advantage,Medicare Advantage,,elevate-medicare-advantage,,Source: CMS list provided; payer IDs vary by clearinghouse/plan.
EmblemHealth,Medicare Advantage,EmblemHealth,emblemhealth,,Source: CMS list provided; payer IDs vary by clearinghouse/plan.
Empath LIFE,Medicare Advantage,,empath-life,,Source: CMS list provided; payer IDs vary by clearinghouse/plan.
Emphesys Insurance Company,Commercial,,emphesys-insurance-company,,Source: CMS list provided; payer IDs vary by clearinghouse/plan.
Empire Bank,Commercial,,empire-bank,,Source: CMS list provided; payer IDs vary by clearinghouse/plan.
"Empire Today, LLC",Commercial,,empire-today-llc,,Source: CMS list provided; payer IDs vary by clearinghouse/plan.
Employee Benefit Management Corp,Commercial,,employee-benefit-management-corp,,Source: CMS list provided; payer IDs vary by clearinghouse/plan.
"Employer Choice Insurance Company, Inc.",Commercial,,employer-choice-insurance-company-inc,,Source: CMS list provided; payer IDs vary by clearinghouse/plan.
Employers Dental Services,Commercial,,employers-dental-services,,Source: CMS list provided; payer IDs vary by clearinghouse/plan.
EnerSys Delaware Inc,Commercial,,enersys-delaware-inc,,Source: CMS list provided; payer IDs vary by clearinghouse/plan.
Engineered Machined Products,Commercial,,engineered-machined-products,,Source: CMS list provided; payer IDs vary by clearinghouse/plan.
Engineered Machined Products Greenfield,Commercial,,engineered-machined-products-greenfield,,Source: CMS list provided; payer IDs vary by clearinghouse/plan.
Enterprise Life Insurance Company,Commercial,,enterprise-life-insurance-company,,Source: CMS list provided; payer IDs vary by clearinghouse/plan.
Essence Healthcare,Medicare Advantage,,essence-healthcare,,Source: CMS list provided; payer IDs vary by clearinghouse/plan.
"Essence Healthcare, Inc",Commercial,,essence-healthcare-inc,,Source: CMS list provided; payer IDs vary by clearinghouse/plan.
Estes Express Lines,Commercial,,estes-express-lines,,Source: CMS list provided; payer IDs vary by clearinghouse/plan.
EverTrue PACE,Medicare Advantage,,evertrue-pace,,Source: CMS list provided; payer IDs vary by clearinghouse/plan.
"Everence Association, Inc",Commercial,,everence-association-inc,,Source: CMS list provided; payer IDs vary by clearinghouse/plan.
Everence Insurance Company,Commercial,,everence-insurance-company,,Source: CMS list provided; payer IDs vary by clearinghouse/plan.
"Evergreen Health Cooperative, Inc.",Commercial,,evergreen-health-cooperative-inc,,Source: CMS list provided; payer IDs vary by clearinghouse/plan.
Evolent Health LLC,Commercial,,evolent-health-llc,,Source: CMS list provided; payer IDs vary by clearinghouse/plan.
Evolver Issuer 30361,Commercial,,evolver-issuer-30361,,Source: CMS list provided; payer IDs vary by clearinghouse/plan.
Evonik Corporation,Commercial,,evonik-corporation,,Source: CMS list provided; payer IDs vary by clearinghouse/plan.
Excellus Health Plan Community Care LLC,Commercial,,excellus-health-plan-community-care-llc,,Source: CMS list provided; payer IDs vary by clearinghouse/plan.
Excellus Health Plan Community Care LLC,Medicare Advantage,,excellus-health-plan-community-care-llc,,Source: CMS list provided; payer IDs vary by clearinghouse/plan.
"Excellus Health Plan, Inc",Medicare Advantage,,excellus-health-plan-inc,,Source: CMS list provided; payer IDs vary by clearinghouse/plan.
"Excellus Health Plan, Inc.",Commercial,,excellus-health-plan-inc,,Source: CMS list provided; payer IDs vary by clearinghouse/plan.
Experience Health,Medicare Advantage,,experience-health,,Source: CMS list provided; payer IDs vary by clearinghouse/plan.
Express Scripts Medicare,Medicare Advantage,Medicare,express-scripts-medicare,,Source: CMS list provided; payer IDs vary by clearinghouse/plan.
"FA Wilhelm Construction Co., Inc.",Commercial,,fa-wilhelm-construction-co-inc,,Source: CMS list provided; payer IDs vary by clearinghouse/plan.
FFE RR & Test Issuer 521,Commercial,,ffe-rr-and-test-issuer-521,,Source: CMS list provided; payer IDs vary by clearinghouse/plan.
FFE RR Test Issuer 500,Commercial,,ffe-rr-test-issuer-500,,Source: CMS list provided; payer IDs vary by clearinghouse/plan.
FFE RR Test Issuer 501,Commercial,,ffe-rr-test-issuer-501,,Source: CMS list provided; payer IDs vary by clearinghouse/plan.
FFE RR Test Issuer 502,Commercial,,ffe-rr-test-issuer-502,,Source: CMS list provided; payer IDs vary by clearinghouse/plan.
FFE RR Test Issuer 503,Commercial,,ffe-rr-test-issuer-503,,Source: CMS list provided; payer IDs vary by clearinghouse/plan.
FFE RR Test Issuer 504,Commercial,,ffe-rr-test-issuer-504,,Source: CMS list provided; payer IDs vary by clearinghouse/plan.
FFE RR Test Issuer 505,Commercial,,ffe-rr-test-issuer-505,,Source: CMS list provided; payer IDs vary by clearinghouse/plan.
FFE RR Test Issuer 506,Commercial,,ffe-rr-test-issuer-506,,Source: CMS list provided; payer IDs vary by clearinghouse/plan.
FFE RR Test Issuer 507,Commercial,,ffe-rr-test-issuer-507,,Source: CMS list provided; payer IDs vary by clearinghouse/plan.
FFE RR Test Issuer 508,Commercial,,ffe-rr-test-issuer-508,,Source: CMS list provided; payer IDs vary by clearinghouse/plan.
FFE RR Test Issuer 509,Commercial,,ffe-rr-test-issuer-509,,Source: CMS list provided; payer IDs vary by clearinghouse/plan.
FFE RR Test Issuer 511,Commercial,,ffe-rr-test-issuer-511,,Source: CMS list provided; payer IDs vary by clearinghouse/plan.
FFE RR Test Issuer 512,Commercial,,ffe-rr-test-issuer-512,,Source: CMS list provided; payer IDs vary by clearinghouse/plan.
FFE RR Test Issuer 513,Commercial,,ffe-rr-test-issuer-513,,Source: CMS list provided; payer IDs vary by clearinghouse/plan.
FFE RR Test Issuer 515,Commercial,,ffe-rr-test-issuer-515,,Source: CMS list provided; payer IDs vary by clearinghouse/plan.
FFE RR Test Issuer 516,Commercial,,ffe-rr-test-issuer-516,,Source: CMS list provided; payer IDs vary by clearinghouse/plan.
FFE RR Test Issuer 517,Commercial,,ffe-rr-test-issuer-517,,Source: CMS list provided; payer IDs vary by clearinghouse/plan.
FFE RR Test Issuer 518,Commercial,,ffe-rr-test-issuer-518,,Source: CMS list provided; payer IDs vary by clearinghouse/plan.
FFE RR Test Issuer 520,Commercial,,ffe-rr-test-issuer-520,,Source: CMS list provided; payer IDs vary by clearinghouse/plan.
FFE RR Test Issuer 522,Commercial,,ffe-rr-test-issuer-522,,Source: CMS list provided; payer IDs vary by clearinghouse/plan.
FFE RR Test Issuer 523,Commercial,,ffe-rr-test-issuer-523,,Source: CMS list provided; payer IDs vary by clearinghouse/plan.
FFE RR Test Issuer 524,Commercial,,ffe-rr-test-issuer-524,,Source: CMS list provided; payer IDs vary by clearinghouse/plan.
FFE RR Test Issuer 525,Commercial,,ffe-rr-test-issuer-525,,Source: CMS list provided; payer IDs vary by clearinghouse/plan.
FFE RR Test Issuer 527,Commercial,,ffe-rr-test-issuer-527,,Source: CMS list provided; payer IDs vary by clearinghouse/plan.
FFE RR Test Issuer 528,Commercial,,ffe-rr-test-issuer-528,,Source: CMS list provided; payer IDs vary by clearinghouse/plan.
FFE RR Test Issuer 529,Commercial,,ffe-rr-test-issuer-529,,Source: CMS list provided; payer IDs vary by clearinghouse/plan.
FFE RR Test Issuer 590,Commercial,,ffe-rr-test-issuer-590,,Source: CMS list provided; payer IDs vary by clearinghouse/plan.
FFE RR Test Issuer 596,Commercial,,ffe-rr-test-issuer-596,,Source: CMS list provided; payer IDs vary by clearinghouse/plan.
FFE RR Test Issuer 680,Commercial,,ffe-rr-test-issuer-680,,Source: CMS list provided; payer IDs vary by clearinghouse/plan.
FFE RR Test Issuer 681,Commercial,,ffe-rr-test-issuer-681,,Source: CMS list provided; payer IDs vary by clearinghouse/plan.
FFE RR Test Issuer 682,Commercial,,ffe-rr-test-issuer-682,,Source: CMS list provided; payer IDs vary by clearinghouse/plan.
FFE RR Test Issuer 683,Commercial,,ffe-rr-test-issuer-683,,Source: CMS list provided; payer IDs vary by clearinghouse/plan.
FFE RR Test Issuer 687,Commercial,,ffe-rr-test-issuer-687,,Source: CMS list provided; payer IDs vary by clearinghouse/plan.
FFE RR Test Issuer 692,Commercial,,ffe-rr-test-issuer-692,,Source: CMS list provided; payer IDs vary by clearinghouse/plan.
FIRST CHOICE VIP CARE PLUS,Medicare Advantage,,first-choice-vip-care-plus,,Source: CMS list provided; payer IDs vary by clearinghouse/plan.
FRIDAY HEALTH PLANS OF VIRGINIA INC,Commercial,,friday-health-plans-of-virginia-inc,,Source: CMS list provided; payer IDs vary by clearinghouse/plan.
Fallon Community Health Plan,Commercial,Fallon Health,fallon-community-health-plan,,Source: CMS list provided; payer IDs vary by clearinghouse/plan.
"Fallon Community Health Plan, Inc.",Commercial,Fallon Health,fallon-community-health-plan-inc,,Source: CMS list provided; payer IDs vary by clearinghouse/plan.
Fallon Health,Medicare Advantage,Fallon Health,fallon-health,,Source: CMS list provided; payer IDs vary by clearinghouse/plan.
Fallon Health & Life Assurance Company,Commercial,Fallon Health,fallon-health-and-life-assurance-company,,Source: CMS list provided; payer IDs vary by clearinghouse/plan.
Fallon Health Weinberg,Medicare Advantage,Fallon Health,fallon-health-weinberg,,Source: CMS list provided; payer IDs vary by clearinghouse/plan.
Fallon Health and Life Assurance Co.,Commercial,Fallon Health,fallon-health-and-life-assurance-co,,Source: CMS list provided; payer IDs vary by clearinghouse/plan.
Family Health Hawaii mbs,Commercial,,family-health-hawaii-mbs,,Source: CMS list provided; payer IDs vary by clearinghouse/plan.
"Family Health Network, Inc.",Commercial,Health Net (Centene),family-health-network-inc,,Source: CMS list provided; payer IDs vary by clearinghouse/plan.
Family Health-Center for Older Adults,Medicare Advantage,,family-health-center-for-older-adults,,Source: CMS list provided; payer IDs vary by clearinghouse/plan.
Family HealthCare Network PACE,Medicare Advantage,,family-healthcare-network-pace,,Source: CMS list provided; payer IDs vary by clearinghouse/plan.
Family Healthcare Network,Commercial,,family-healthcare-network,,Source: CMS list provided; payer IDs vary by clearinghouse/plan.
"FamilyCare Health Plans, Inc.",Commercial,,familycare-health-plans-inc,,Source: CMS list provided; payer IDs vary by clearinghouse/plan.
Farmers Investment Co.,Commercial,,farmers-investment-co,,Source: CMS list provided; payer IDs vary by clearinghouse/plan.
Federated Mutual Insurance Company,Commercial,,federated-mutual-insurance-company,,Source: CMS list provided; payer IDs vary by clearinghouse/plan.
Fenyx Health,Medicare Advantage,,fenyx-health,,Source: CMS list provided; payer IDs vary by clearinghouse/plan.
Fidelity Life Association A Legal Reserve Life Insurance Company,Commercial,,fidelity-life-association-a-legal-reserve-life-insurance-company,,Source: CMS list provided; payer IDs vary by clearinghouse/plan.
First Allmerica Financial Life Ins. Co,Commercial,,first-allmerica-financial-life-ins-co,,Source: CMS list provided; payer IDs vary by clearinghouse/plan.
First Central Bank,Commercial,,first-central-bank,,Source: CMS list provided; payer IDs vary by clearinghouse/plan.
First Choice VIP Care (HMO D-SNP),Medicare Advantage,,first-choice-vip-care-hmo-d-snp,,Source: CMS list provided; payer IDs vary by clearinghouse/plan.
First Commonwealth Insurance Company,Commercial,,first-commonwealth-insurance-company,,Source: CMS list provided; payer IDs vary by clearinghouse/plan.
First Commonwealth Limited Health Services Corporation,Commercial,,first-commonwealth-limited-health-services-corporation,,Source: CMS list provided; payer IDs vary by clearinghouse/plan.
First Commonwealth Limited Health Services Corporation of Michigan,Commercial,,first-commonwealth-limited-health-services-corporation-of-michigan,,Source: CMS list provided; payer IDs vary by clearinghouse/plan.
"First Commonwealth of Missouri, Inc.",Commercial,,first-commonwealth-of-missouri-inc,,Source: CMS list provided; payer IDs vary by clearinghouse/plan.
First Health Life & Health Insurance Co.,Commercial,,first-health-life-and-health-insurance-co,,Source: CMS list provided; payer IDs vary by clearinghouse/plan.
"First Medical Health Plan, Inc.",Commercial,,first-medical-health-plan-inc,,Source: CMS list provided; payer IDs vary by clearinghouse/plan.
First National Bank of St. Louis,Commercial,,first-national-bank-of-st-louis,,Source: CMS list provided; payer IDs vary by clearinghouse/plan.
First Priority Health,Commercial,Priority Health,first-priority-health,,Source: CMS list provided; payer IDs vary by clearinghouse/plan.
"First Priority Life Insurance Company, Inc.",Commercial,,first-priority-life-insurance-company-inc,,Source: CMS list provided; payer IDs vary by clearinghouse/plan.
First Reliance Standard Life Insurance Company,Commercial,,first-reliance-standard-life-insurance-company,,Source: CMS list provided; payer IDs vary by clearinghouse/plan.
"First Source Employee Management, Inc",Commercial,,first-source-employee-management-inc,,Source: CMS list provided; payer IDs vary by clearinghouse/plan.
First United American Life Insurance Company,Commercial,,first-united-american-life-insurance-company,,Source: CMS list provided; payer IDs vary by clearinghouse/plan.
FirstCarolinaCare Insurance Company,Commercial,,firstcarolinacare-insurance-company,,Source: CMS list provided; payer IDs vary by clearinghouse/plan.
"FirstFleet, Inc.",Commercial,,firstfleet-inc,,Source: CMS list provided; payer IDs vary by clearinghouse/plan.
FirstMedicare Direct,Medicare Advantage,,firstmedicare-direct,,Source: CMS list provided; payer IDs vary by clearinghouse/plan.
"Flagship Health Systems, Inc.",Commercial,,flagship-health-systems-inc,,Source: CMS list provided; payer IDs vary by clearinghouse/plan.
Flatiron Construction Corporation,Commercial,,flatiron-construction-corporation,,Source: CMS list provided; payer IDs vary by clearinghouse/plan.
Florida Blue,Medicare Advantage,Blue Cross Blue Shield,florida-blue,,Source: CMS list provided; payer IDs vary by clearinghouse/plan.
Florida Blue HMO,Medicare Advantage,Blue Cross Blue Shield,florida-blue-hmo,,Source: CMS list provided; payer IDs vary by clearinghouse/plan.
Florida Combined Life Insurance Company,Commercial,,florida-combined-life-insurance-company,,Source: CMS list provided; payer IDs vary by clearinghouse/plan.
Florida Complete Care,Medicare Advantage,,florida-complete-care,,Source: CMS list provided; payer IDs vary by clearinghouse/plan.
"Florida Health Care Plan, Inc.",Commercial,,florida-health-care-plan-inc,,Source: CMS list provided; payer IDs vary by clearinghouse/plan.
Florida Health Solution HMO Company,Commercial,,florida-health-solution-hmo-company,,Source: CMS list provided; payer IDs vary by clearinghouse/plan.
"Florida Pace Centers, Inc.",Medicare Advantage,,florida-pace-centers-inc,,Source: CMS list provided; payer IDs vary by clearinghouse/plan.
Fogo de Chao,Commercial,,fogo-de-chao,,Source: CMS list provided; payer IDs vary by clearinghouse/plan.
Fort Knox Federal Credit Union,Commercial,,fort-knox-federal-credit-union,,Source: CMS list provided; payer IDs vary by clearinghouse/plan.
Franciscan Senior Health & Wellness,Medicare Advantage,,franciscan-senior-health-and-wellness,,Source: CMS list provided; payer IDs vary by clearinghouse/plan.
"Frank Miller Lumber Company, Inc.",Commercial,,frank-miller-lumber-company-inc,,Source: CMS list provided; payer IDs vary by clearinghouse/plan.
Frankenmuth Mutual Insurance Company,Commercial,,frankenmuth-mutual-insurance-company,,Source: CMS list provided; payer IDs vary by clearinghouse/plan.
"Freedom Health, Inc.",Medicare Advantage,,freedom-health-inc,,Source: CMS list provided; payer IDs vary by clearinghouse/plan.
Freedom Life Insurance,Commercial,,freedom-life-insurance,,Source: CMS list provided; payer IDs vary by clearinghouse/plan.
Freedom Life Insurance Company of America,Commercial,,freedom-life-insurance-company-of-america,,Source: CMS list provided; payer IDs vary by clearinghouse/plan.
"Freelancers CO-OP of New Jersey, Inc.",Commercial,,freelancers-co-op-of-new-jersey-inc,,Source: CMS list provided; payer IDs vary by clearinghouse/plan.
Freelancers Health Service Corporation d/b/a Health Republic Insurance of New York,Commercial,,freelancers-health-service-corporation-d-b-a-health-republic-insurance-of-new-york,,Source: CMS list provided; payer IDs vary by clearinghouse/plan.
"Freelancers Insurance Company, Inc.",Commercial,,freelancers-insurance-company-inc,,Source: CMS list provided; payer IDs vary by clearinghouse/plan.
Fresenius Medical Care- North America,Commercial,,fresenius-medical-care-north-america,,Source: CMS list provided; payer IDs vary by clearinghouse/plan.
Friday Health Insurance Company Inc,Commercial,,friday-health-insurance-company-inc,,Source: CMS list provided; payer IDs vary by clearinghouse/plan.
"Friday Health Plans of Colorado, Inc.",Commercial,,friday-health-plans-of-colorado-inc,,Source: CMS list provided; payer IDs vary by clearinghouse/plan.
"Friday Health Plans of Florida, Inc.",Commercial,,friday-health-plans-of-florida-inc,,Source: CMS list provided; payer IDs vary by clearinghouse/plan.
Friday Health Plans of Georgia Inc,Commercial,,friday-health-plans-of-georgia-inc,,Source: CMS list provided; payer IDs vary by clearinghouse/plan.
Friday Health Plans of Missouri Insurance Company Inc,Commercial,,friday-health-plans-of-missouri-insurance-company-inc,,Source: CMS list provided; payer IDs vary by clearinghouse/plan.
"Friday Health Plans of Nevada, Inc.",Commercial,,friday-health-plans-of-nevada-inc,,Source: CMS list provided; payer IDs vary by clearinghouse/plan.
Friday Health Plans of North Carolina Inc,Commercial,,friday-health-plans-of-north-carolina-inc,,Source: CMS list provided; payer IDs vary by clearinghouse/plan.
Friday Health Plans of Oklahoma Inc,Commercial,,friday-health-plans-of-oklahoma-inc,,Source: CMS list provided; payer IDs vary by clearinghouse/plan.
"Friday Health Plans of Pennsylvania, Inc.",Commercial,,friday-health-plans-of-pennsylvania-inc,,Source: CMS list provided; payer IDs vary by clearinghouse/plan.
"Friday Health Plans of Tennessee, Inc.",Commercial,,friday-health-plans-of-tennessee-inc,,Source: CMS list provided; payer IDs vary by clearinghouse/plan.
G6 Hospitality LLC,Commercial,,g6-hospitality-llc,,Source: CMS list provided; payer IDs vary by clearinghouse/plan.
"GEMCare Health Plan, Inc.",Commercial,,gemcare-health-plan-inc,,Source: CMS list provided; payer IDs vary by clearinghouse/plan.
"GF Insurance, LLC",Commercial,,gf-insurance-llc,,Source: CMS list provided; payer IDs vary by clearinghouse/plan.
"GFSI, Inc",Commercial,,gfsi-inc,,Source: CMS list provided; payer IDs vary by clearinghouse/plan.
GHI HMO an EmblemHealth Company,Commercial,EmblemHealth,ghi-hmo-an-emblemhealth-company,,Source: CMS list provided; payer IDs vary by clearinghouse/plan.
GHMSI,Commercial,,ghmsi,,Source: CMS list provided; payer IDs vary by clearinghouse/plan.
"GHS Health Maintenance Organization, Inc. d/b/a Bl",Commercial,,ghs-health-maintenance-organization-inc-d-b-a-bl,,Source: CMS list provided; payer IDs vary by clearinghouse/plan.
"GMS Reinsurance Company, LTD",Commercial,,gms-reinsurance-company-ltd,,Source: CMS list provided; payer IDs vary by clearinghouse/plan.
"GOLDEN DENTAL PLANS, INC.",Commercial,,golden-dental-plans-inc,,Source: CMS list provided; payer IDs vary by clearinghouse/plan.
GTECH Corporatopn,Commercial,,gtech-corporatopn,,Source: CMS list provided; payer IDs vary by clearinghouse/plan.
Garrett County Memorial Hospital,Commercial,,garrett-county-memorial-hospital,,Source: CMS list provided; payer IDs vary by clearinghouse/plan.
Gary and Mary West PACE,Medicare Advantage,,gary-and-mary-west-pace,,Source: CMS list provided; payer IDs vary by clearinghouse/plan.
Geisinger Gold,Medicare Advantage,,geisinger-gold,,Source: CMS list provided; payer IDs vary by clearinghouse/plan.
Geisinger Health Plan,Commercial,,geisinger-health-plan,,Source: CMS list provided; payer IDs vary by clearinghouse/plan.
Geisinger Indemnity Insurance Company,Commercial,,geisinger-indemnity-insurance-company,,Source: CMS list provided; payer IDs vary by clearinghouse/plan.
Geisinger Quality Options,Commercial,,geisinger-quality-options,,Source: CMS list provided; payer IDs vary by clearinghouse/plan.
"Geisinger Quality Options, Inc.",Commercial,,geisinger-quality-options-inc,,Source: CMS list provided; payer IDs vary by clearinghouse/plan.
General American Life Insurance Company,Commercial,,general-american-life-insurance-company,,Source: CMS list provided; payer IDs vary by clearinghouse/plan.
"Generations Healthcare, Inc.",Commercial,,generations-healthcare-inc,,Source: CMS list provided; payer IDs vary by clearinghouse/plan.
Georgia Health Advantage,Medicare Advantage,,georgia-health-advantage,,Source: CMS list provided; payer IDs vary by clearinghouse/plan.
Georgia Health Marketplace LLC,Commercial,,georgia-health-marketplace-llc,,Source: CMS list provided; payer IDs vary by clearinghouse/plan.
Gilbert Hospital,Commercial,,gilbert-hospital,,Source: CMS list provided; payer IDs vary by clearinghouse/plan.
GlobalHealth,Medicare Advantage,,globalhealth,,Source: CMS list provided; payer IDs vary by clearinghouse/plan.
"GlobalHealth, Inc.",Commercial,,globalhealth-inc,,Source: CMS list provided; payer IDs vary by clearinghouse/plan.
Globe Life and Accident Insurance Co,Commercial,,globe-life-and-accident-insurance-co,,Source: CMS list provided; payer IDs vary by clearinghouse/plan.
Gold Kidney Health Plan,Medicare Advantage,,gold-kidney-health-plan,,Source: CMS list provided; payer IDs vary by clearinghouse/plan.
Golden Rule Insurance Company,Commercial,,golden-rule-insurance-company,,Source: CMS list provided; payer IDs vary by clearinghouse/plan.
Golden State Medicare Health Plan,Commercial,Medicare,golden-state-medicare-health-plan,,Source: CMS list provided; payer IDs vary by clearinghouse/plan.
"Good Health HMO, Inc. dba Blue Care",Commercial,,good-health-hmo-inc-dba-blue-care,,Source: CMS list provided; payer IDs vary by clearinghouse/plan.
Grand Valley Health Plan,Commercial,,grand-valley-health-plan,,Source: CMS list provided; payer IDs vary by clearinghouse/plan.
Granite Alliance,Medicare Advantage,,granite-alliance,,Source: CMS list provided; payer IDs vary by clearinghouse/plan.
Graphic Arts Benefit Corporation,Commercial,,graphic-arts-benefit-corporation,,Source: CMS list provided; payer IDs vary by clearinghouse/plan.
Great Lakes PACE,Medicare Advantage,,great-lakes-pace,,Source: CMS list provided; payer IDs vary by clearinghouse/plan.
Great Plains Medicare Advantage,Medicare Advantage,,great-plains-medicare-advantage,,Source: CMS list provided; payer IDs vary by clearinghouse/plan.
Great Southern Life Insurance Company,Commercial,,great-southern-life-insurance-company,,Source: CMS list provided; payer IDs vary by clearinghouse/plan.
"Group Administrators, Ltd.",Commercial,,group-administrators-ltd,,Source: CMS list provided; payer IDs vary by clearinghouse/plan.
Group Benefit Services Inc.,Commercial,,group-benefit-services-inc,,Source: CMS list provided; payer IDs vary by clearinghouse/plan.
Group Health Cooperative of Eau Claire,Medicare Advantage,,group-health-cooperative-of-eau-claire,,Source: CMS list provided; payer IDs vary by clearinghouse/plan.
Group Health Cooperative of Eau Claire,Commercial,,group-health-cooperative-of-eau-claire,,Source: CMS list provided; payer IDs vary by clearinghouse/plan.
Group Health Cooperative of South Central Wisconsin,Commercial,,group-health-cooperative-of-south-central-wisconsin,,Source: CMS list provided; payer IDs vary by clearinghouse/plan.
Group Health Incorporated,Commercial,,group-health-incorporated,,Source: CMS list provided; payer IDs vary by clearinghouse/plan.
"Group Health Plan, Inc.",Commercial,,group-health-plan-inc,,Source: CMS list provided; payer IDs vary by clearinghouse/plan.
Group Hospitalization and Medical Services Inc.,Commercial,,group-hospitalization-and-medical-services-inc,,Source: CMS list provided; payer IDs vary by clearinghouse/plan.
Guarantee Trust Life Insurance Co.,Commercial,,guarantee-trust-life-insurance-co,,Source: CMS list provided; payer IDs vary by clearinghouse/plan.
Guarantee Trust Life Insurance Company,Commercial,,guarantee-trust-life-insurance-company,,Source: CMS list provided; payer IDs vary by clearinghouse/plan.
Guardian Life Insurance Company of America,Commercial,,guardian-life-insurance-company-of-america,,Source: CMS list provided; payer IDs vary by clearinghouse/plan.
H&E Equipment Services,Commercial,,h-and-e-equipment-services,,Source: CMS list provided; payer IDs vary by clearinghouse/plan.
HAP CareSource,Commercial,,hap-caresource,,Source: CMS list provided; payer IDs vary by clearinghouse/plan.
HAP CareSource MI Health Link,Medicare Advantage,,hap-caresource-mi-health-link,,Source: CMS list provided; payer IDs vary by clearinghouse/plan.
HAP Senior Plus,Medicare Advantage,,hap-senior-plus,,Source: CMS list provided; payer IDs vary by clearinghouse/plan.
HAP Senior Plus (PPO),Medicare Advantage,,hap-senior-plus-ppo,,Source: CMS list provided; payer IDs vary by clearinghouse/plan.
"HBD Industries, Inc.",Commercial,,hbd-industries-inc,,Source: CMS list provided; payer IDs vary by clearinghouse/plan.
HCC Life Insurance Company,Commercial,,hcc-life-insurance-company,,Source: CMS list provided; payer IDs vary by clearinghouse/plan.
HD Supply,Commercial,,hd-supply,,Source: CMS list provided; payer IDs vary by clearinghouse/plan.
HEALTH PLAN OF SAN MATEO,Medicare Advantage,,health-plan-of-san-mateo,,Source: CMS list provided; payer IDs vary by clearinghouse/plan.
HEALTHCHOICE of MICHIGAN,Commercial,,healthchoice-of-michigan,,Source: CMS list provided; payer IDs vary by clearinghouse/plan.
HIP Insurance Company of New York,Commercial,,hip-insurance-company-of-new-york,,Source: CMS list provided; payer IDs vary by clearinghouse/plan.
HM Health Insurance Company,Commercial,,hm-health-insurance-company,,Source: CMS list provided; payer IDs vary by clearinghouse/plan.
HM Life Insurance Company,Commercial,,hm-life-insurance-company,,Source: CMS list provided; payer IDs vary by clearinghouse/plan.
HM Life Insurance Company of New York,Commercial,,hm-life-insurance-company-of-new-york,,Source: CMS list provided; payer IDs vary by clearinghouse/plan.
"HMO Colorado, Inc.",Commercial,,hmo-colorado-inc,,Source: CMS list provided; payer IDs vary by clearinghouse/plan.
"HMO Colorado, Inc., dba HMO Nevada",Commercial,,hmo-colorado-inc-dba-hmo-nevada,,Source: CMS list provided; payer IDs vary by clearinghouse/plan.
"HMO Louisiana, Inc.",Commercial,,hmo-louisiana-inc,,Source: CMS list provided; payer IDs vary by clearinghouse/plan.
HMO Minnesota dba Blue Plus,Commercial,,hmo-minnesota-dba-blue-plus,,Source: CMS list provided; payer IDs vary by clearinghouse/plan.
"HMO Missouri, Inc.",Commercial,,hmo-missouri-inc,,Source: CMS list provided; payer IDs vary by clearinghouse/plan.
"HMO Missouri, Inc.(Anthem BCBS)",Commercial,Anthem Blue Cross Blue Shield,hmo-missouri-inc-anthem-bcbs,,Source: CMS list provided; payer IDs vary by clearinghouse/plan.
"HMO Partners, Inc.",Commercial,,hmo-partners-inc,,Source: CMS list provided; payer IDs vary by clearinghouse/plan.
HMSA Akamai Advantage,Medicare Advantage,,hmsa-akamai-advantage,,Source: CMS list provided; payer IDs vary by clearinghouse/plan.
HMSAs Medicare Rx Plan,Medicare Advantage,Medicare,hmsas-medicare-rx-plan,,Source: CMS list provided; payer IDs vary by clearinghouse/plan.
"HOMETOWN HEALTH PLAN, INC",Commercial,,hometown-health-plan-inc,,Source: CMS list provided; payer IDs vary by clearinghouse/plan.
HOMETOWN HEALTH PROVIDERS INS. CO. INC.,Commercial,,hometown-health-providers-ins-co-inc,,Source: CMS list provided; payer IDs vary by clearinghouse/plan.
HPHC Insurance Company Inc.,Commercial,,hphc-insurance-company-inc,,Source: CMS list provided; payer IDs vary by clearinghouse/plan.
"HPHC Insurance Company, Inc",Commercial,,hphc-insurance-company-inc,,Source: CMS list provided; payer IDs vary by clearinghouse/plan.
"HPHC Insurance Company, Inc.",Commercial,,hphc-insurance-company-inc,,Source: CMS list provided; payer IDs vary by clearinghouse/plan.
Habitat Health Sacramento,Medicare Advantage,,habitat-health-sacramento,,Source: CMS list provided; payer IDs vary by clearinghouse/plan.
"Hamaspik, Inc.",Medicare Advantage,,hamaspik-inc,,Source: CMS list provided; payer IDs vary by clearinghouse/plan.
"Hamaspik, Inc.",Commercial,,hamaspik-inc,,Source: CMS list provided; payer IDs vary by clearinghouse/plan.
"Hamilton Storage Technologies, Inc.",Commercial,,hamilton-storage-technologies-inc,,Source: CMS list provided; payer IDs vary by clearinghouse/plan.
Harbor Health Insurance Company,Commercial,,harbor-health-insurance-company,,Source: CMS list provided; payer IDs vary by clearinghouse/plan.
"Harbor Health Plan, Inc.",Commercial,,harbor-health-plan-inc,,Source: CMS list provided; payer IDs vary by clearinghouse/plan.
Harken Health Insurance Company,Commercial,,harken-health-insurance-company,,Source: CMS list provided; payer IDs vary by clearinghouse/plan.
Hartford Life & Accident Insurance Company,Commercial,,hartford-life-and-accident-insurance-company,,Source: CMS list provided; payer IDs vary by clearinghouse/plan.
Harvard Pilgrim Health Care Inc.,Commercial,Harvard Pilgrim Health Care,harvard-pilgrim-health-care-inc,,Source: CMS list provided; payer IDs vary by clearinghouse/plan.
"Harvard Pilgrim Health Care of Connecticut, Inc.",Commercial,Harvard Pilgrim Health Care,harvard-pilgrim-health-care-of-connecticut-inc,,Source: CMS list provided; payer IDs vary by clearinghouse/plan.
Harvard Pilgrim Health Care of NE,Commercial,Harvard Pilgrim Health Care,harvard-pilgrim-health-care-of-ne,,Source: CMS list provided; payer IDs vary by clearinghouse/plan.
"Harvard Pilgrim Health Care of New England, Inc.",Commercial,Harvard Pilgrim Health Care,harvard-pilgrim-health-care-of-new-england-inc,,Source: CMS list provided; payer IDs vary by clearinghouse/plan.
"Harvard Pilgrim Health Care, Inc.",Commercial,Harvard Pilgrim Health Care,harvard-pilgrim-health-care-inc,,Source: CMS list provided; payer IDs vary by clearinghouse/plan.
Harvest Land Cooperative,Commercial,,harvest-land-cooperative,,Source: CMS list provided; payer IDs vary by clearinghouse/plan.
Hawaii Dental Service,Commercial,,hawaii-dental-service,,Source: CMS list provided; payer IDs vary by clearinghouse/plan.
Hawaii Medical Assurance Association,Commercial,,hawaii-medical-assurance-association,,Source: CMS list provided; payer IDs vary by clearinghouse/plan.
Hawaii Medical Service Association,Commercial,,hawaii-medical-service-association,,Source: CMS list provided; payer IDs vary by clearinghouse/plan.
"Health Access Pueblo, Inc",Commercial,,health-access-pueblo-inc,,Source: CMS list provided; payer IDs vary by clearinghouse/plan.
"Health Alliance Connect, Inc.",Commercial,,health-alliance-connect-inc,,Source: CMS list provided; payer IDs vary by clearinghouse/plan.
"Health Alliance Medical Plans, Inc.",Commercial,,health-alliance-medical-plans-inc,,Source: CMS list provided; payer IDs vary by clearinghouse/plan.
Health Alliance Medicare,Medicare Advantage,Medicare,health-alliance-medicare,,Source: CMS list provided; payer IDs vary by clearinghouse/plan.
Health Alliance Midwest Inc.,Commercial,,health-alliance-midwest-inc,,Source: CMS list provided; payer IDs vary by clearinghouse/plan.
"Health Alliance Midwest, Inc.",Commercial,,health-alliance-midwest-inc,,Source: CMS list provided; payer IDs vary by clearinghouse/plan.
Health Alliance Northwest Health Plan,Commercial,,health-alliance-northwest-health-plan,,Source: CMS list provided; payer IDs vary by clearinghouse/plan.
Health Alliance Plan (HAP),Commercial,,health-alliance-plan-hap,,Source: CMS list provided; payer IDs vary by clearinghouse/plan.
Health Care Service Corp. (HCSC),Medicare Advantage,,health-care-service-corp-hcsc,,Source: CMS list provided; payer IDs vary by clearinghouse/plan.
Health Choice Arizona Inc,Commercial,,health-choice-arizona-inc,,Source: CMS list provided; payer IDs vary by clearinghouse/plan.
Health Choice Insurance Co.,Commercial,,health-choice-insurance-co,,Source: CMS list provided; payer IDs vary by clearinghouse/plan.
"Health First Commercial Plans, Inc.",Commercial,,health-first-commercial-plans-inc,,Source: CMS list provided; payer IDs vary by clearinghouse/plan.
"Health First Government Plans, Inc.",Commercial,,health-first-government-plans-inc,,Source: CMS list provided; payer IDs vary by clearinghouse/plan.
"Health First Health Plans, Inc.",Commercial,,health-first-health-plans-inc,,Source: CMS list provided; payer IDs vary by clearinghouse/plan.
"Health First Health Plans, Inc.",Medicare Advantage,,health-first-health-plans-inc,,Source: CMS list provided; payer IDs vary by clearinghouse/plan.
"Health First Insurance, Inc.",Commercial,,health-first-insurance-inc,,Source: CMS list provided; payer IDs vary by clearinghouse/plan.
Health Insurance Plan of Greater New York,Commercial,,health-insurance-plan-of-greater-new-york,,Source: CMS list provided; payer IDs vary by clearinghouse/plan.
Health Matters of Central Oregon,Commercial,,health-matters-of-central-oregon,,Source: CMS list provided; payer IDs vary by clearinghouse/plan.
Health Net Community Solutions of Arizona Inc,Commercial,Health Net (Centene),health-net-community-solutions-of-arizona-inc,,Source: CMS list provided; payer IDs vary by clearinghouse/plan.
"Health Net Health Plan of Oregon, Inc",Commercial,Health Net (Centene),health-net-health-plan-of-oregon-inc,,Source: CMS list provided; payer IDs vary by clearinghouse/plan.
"Health Net Health Plan of Oregon, Inc.",Commercial,Health Net (Centene),health-net-health-plan-of-oregon-inc,,Source: CMS list provided; payer IDs vary by clearinghouse/plan.
"Health Net Insurance of New York, Inc.",Commercial,Health Net (Centene),health-net-insurance-of-new-york-inc,,Source: CMS list provided; payer IDs vary by clearinghouse/plan.
Health Net Life Insurance Company,Commercial,Health Net (Centene),health-net-life-insurance-company,,Source: CMS list provided; payer IDs vary by clearinghouse/plan.
"Health Net of Arizona, Inc",Commercial,Health Net (Centene),health-net-of-arizona-inc,,Source: CMS list provided; payer IDs vary by clearinghouse/plan.
"Health Net of Arizona, Inc.",Commercial,Health Net (Centene),health-net-of-arizona-inc,,Source: CMS list provided; payer IDs vary by clearinghouse/plan.
"Health Net of California, Inc",Commercial,Health Net (Centene),health-net-of-california-inc,,Source: CMS list provided; payer IDs vary by clearinghouse/plan.
"Health Net of Connecticut, Inc.",Commercial,Health Net (Centene),health-net-of-connecticut-inc,,Source: CMS list provided; payer IDs vary by clearinghouse/plan.
"Health Net of New York, Inc.",Commercial,Health Net (Centene),health-net-of-new-york-inc,,Source: CMS list provided; payer IDs vary by clearinghouse/plan.
Health New England Medicare Advantage Plans,Medicare Advantage,,health-new-england-medicare-advantage-plans,,Source: CMS list provided; payer IDs vary by clearinghouse/plan.
"Health New England, Inc.",Commercial,,health-new-england-inc,,Source: CMS list provided; payer IDs vary by clearinghouse/plan.
"Health Options, Inc.",Commercial,,health-options-inc,,Source: CMS list provided; payer IDs vary by clearinghouse/plan.
Health Partners of Philadelphia Inc.,Commercial,,health-partners-of-philadelphia-inc,,Source: CMS list provided; payer IDs vary by clearinghouse/plan.
"Health Plan of Nevada, Inc.",Commercial,,health-plan-of-nevada-inc,,Source: CMS list provided; payer IDs vary by clearinghouse/plan.
Health Plan of San Joaquin Joint Powers Authority,Commercial,,health-plan-of-san-joaquin-joint-powers-authority,,Source: CMS list provided; payer IDs vary by clearinghouse/plan.
Health Republic Insurance Company,Commercial,,health-republic-insurance-company,,Source: CMS list provided; payer IDs vary by clearinghouse/plan.
Health Resources of Ohio Inc,Commercial,,health-resources-of-ohio-inc,,Source: CMS list provided; payer IDs vary by clearinghouse/plan.
"Health Resources, Inc.",Commercial,,health-resources-inc,,Source: CMS list provided; payer IDs vary by clearinghouse/plan.
Health Tradition Health Plan,Commercial,,health-tradition-health-plan,,Source: CMS list provided; payer IDs vary by clearinghouse/plan.
"HealthAmerica Pennsylvania, Inc",Commercial,,healthamerica-pennsylvania-inc,,Source: CMS list provided; payer IDs vary by clearinghouse/plan.
"HealthAmerica Pennsylvania, Inc.",Commercial,,healthamerica-pennsylvania-inc,,Source: CMS list provided; payer IDs vary by clearinghouse/plan.
"HealthAssurance PA, Inc",Commercial,,healthassurance-pa-inc,,Source: CMS list provided; payer IDs vary by clearinghouse/plan.
"HealthKeepers, Inc.",Commercial,,healthkeepers-inc,,Source: CMS list provided; payer IDs vary by clearinghouse/plan.
"HealthLink HMO, Inc.",Commercial,,healthlink-hmo-inc,,Source: CMS list provided; payer IDs vary by clearinghouse/plan.
HealthMatters of Central Oregon,Commercial,,healthmatters-of-central-oregon,,Source: CMS list provided; payer IDs vary by clearinghouse/plan.
HealthNet of New Jersey Inc.,Commercial,Health Net (Centene),healthnet-of-new-jersey-inc,,Source: CMS list provided; payer IDs vary by clearinghouse/plan.
HealthNow New York Inc.,Commercial,,healthnow-new-york-inc,,Source: CMS list provided; payer IDs vary by clearinghouse/plan.
HealthPartners,Medicare Advantage,,healthpartners,,Source: CMS list provided; payer IDs vary by clearinghouse/plan.
"HealthPartners Administrators, Inc.",Commercial,,healthpartners-administrators-inc,,Source: CMS list provided; payer IDs vary by clearinghouse/plan.
HealthPartners Insurance Company,Commercial,,healthpartners-insurance-company,,Source: CMS list provided; payer IDs vary by clearinghouse/plan.
"HealthPartners UnityPoint Health, Inc.",Commercial,,healthpartners-unitypoint-health-inc,,Source: CMS list provided; payer IDs vary by clearinghouse/plan.
"HealthPartners, Inc.",Commercial,,healthpartners-inc,,Source: CMS list provided; payer IDs vary by clearinghouse/plan.
HealthPlan Services,Commercial,,healthplan-services,,Source: CMS list provided; payer IDs vary by clearinghouse/plan.
HealthPlus Insurance Company,Commercial,,healthplus-insurance-company,,Source: CMS list provided; payer IDs vary by clearinghouse/plan.
"HealthPlus Partners, Inc.",Commercial,,healthplus-partners-inc,,Source: CMS list provided; payer IDs vary by clearinghouse/plan.
HealthPlus of Michigan,Commercial,,healthplus-of-michigan,,Source: CMS list provided; payer IDs vary by clearinghouse/plan.
"HealthPlus of Michigan, Inc.",Commercial,,healthplus-of-michigan-inc,,Source: CMS list provided; payer IDs vary by clearinghouse/plan.
HealthSpan,Commercial,,healthspan,,Source: CMS list provided; payer IDs vary by clearinghouse/plan.
HealthSpan Integrated Care,Commercial,,healthspan-integrated-care,,Source: CMS list provided; payer IDs vary by clearinghouse/plan.
"HealthSpring of Alabama, Inc.",Commercial,,healthspring-of-alabama-inc,,Source: CMS list provided; payer IDs vary by clearinghouse/plan.
"HealthSpring of TN, Inc",Commercial,,healthspring-of-tn-inc,,Source: CMS list provided; payer IDs vary by clearinghouse/plan.
"HealthSpring of Tennessee, Inc.",Commercial,,healthspring-of-tennessee-inc,,Source: CMS list provided; payer IDs vary by clearinghouse/plan.
"HealthSun Health Plans, Inc.",Medicare Advantage,,healthsun-health-plans-inc,,Source: CMS list provided; payer IDs vary by clearinghouse/plan.
HealthTeam Advantage,Medicare Advantage,,healthteam-advantage,,Source: CMS list provided; payer IDs vary by clearinghouse/plan.
"Healthfirst Health Plan, Inc.",Commercial,Healthfirst,healthfirst-health-plan-inc,,Source: CMS list provided; payer IDs vary by clearinghouse/plan.
"Healthfirst Insurance Company, Inc.",Commercial,Healthfirst,healthfirst-insurance-company-inc,,Source: CMS list provided; payer IDs vary by clearinghouse/plan.
Healthfirst Medicare Plan,Medicare Advantage,Healthfirst,healthfirst-medicare-plan,,Source: CMS list provided; payer IDs vary by clearinghouse/plan.
"Healthfirst PHSP, Inc.",Commercial,Healthfirst,healthfirst-phsp-inc,,Source: CMS list provided; payer IDs vary by clearinghouse/plan.
Healthplex Dental Services Inc.,Commercial,,healthplex-dental-services-inc,,Source: CMS list provided; payer IDs vary by clearinghouse/plan.
Healthplex Insurance Company,Commercial,,healthplex-insurance-company,,Source: CMS list provided; payer IDs vary by clearinghouse/plan.
Healthy Alliance Life Co(Anthem BCBS),Commercial,Anthem Blue Cross Blue Shield,healthy-alliance-life-co-anthem-bcbs,,Source: CMS list provided; payer IDs vary by clearinghouse/plan.
Healthy Alliance Life Insurance Company,Commercial,,healthy-alliance-life-insurance-company,,Source: CMS list provided; payer IDs vary by clearinghouse/plan.
Healthy Blue,Medicare Advantage,,healthy-blue,,Source: CMS list provided; payer IDs vary by clearinghouse/plan.
"Healthy Mississippi, Inc.",Medicare Advantage,,healthy-mississippi-inc,,Source: CMS list provided; payer IDs vary by clearinghouse/plan.
"HealthyCT, Inc.",Commercial,,healthyct-inc,,Source: CMS list provided; payer IDs vary by clearinghouse/plan.
Heart of America Health Plan,Commercial,,heart-of-america-health-plan,,Source: CMS list provided; payer IDs vary by clearinghouse/plan.
"Heartland Technology Group, Inc.",Commercial,,heartland-technology-group-inc,,Source: CMS list provided; payer IDs vary by clearinghouse/plan.
Hendricks Holding Company,Commercial,,hendricks-holding-company,,Source: CMS list provided; payer IDs vary by clearinghouse/plan.
HeritAge PACE,Medicare Advantage,,heritage-pace,,Source: CMS list provided; payer IDs vary by clearinghouse/plan.
Hi Tech Fasteners,Commercial,,hi-tech-fasteners,,Source: CMS list provided; payer IDs vary by clearinghouse/plan.
High Desert PACE,Medicare Advantage,,high-desert-pace,,Source: CMS list provided; payer IDs vary by clearinghouse/plan.
Highmark Assure Health Inc,Commercial,Blue Cross Blue Shield,highmark-assure-health-inc,,Source: CMS list provided; payer IDs vary by clearinghouse/plan.
Highmark BCBSD Inc.,Commercial,Blue Cross Blue Shield,highmark-bcbsd-inc,,Source: CMS list provided; payer IDs vary by clearinghouse/plan.
Highmark Benefits Group Inc.,Commercial,Blue Cross Blue Shield,highmark-benefits-group-inc,,Source: CMS list provided; payer IDs vary by clearinghouse/plan.
Highmark Blue Cross Blue Shield,Medicare Advantage,Blue Cross Blue Shield,highmark-blue-cross-blue-shield,,Source: CMS list provided; payer IDs vary by clearinghouse/plan.
Highmark Blue Cross Blue Shield,Commercial,Blue Cross Blue Shield,highmark-blue-cross-blue-shield,,Source: CMS list provided; payer IDs vary by clearinghouse/plan.
Highmark Blue Cross Blue Shield West Virginia,Commercial,Blue Cross Blue Shield,highmark-blue-cross-blue-shield-west-virginia,,Source: CMS list provided; payer IDs vary by clearinghouse/plan.
Highmark Blue Cross Blue Shield of Western New York,Commercial,Blue Cross Blue Shield,highmark-blue-cross-blue-shield-of-western-new-york,,Source: CMS list provided; payer IDs vary by clearinghouse/plan.
Highmark Blue Cross Blue Shield or Highmark Blue Shield,Medicare Advantage,Blue Cross Blue Shield,highmark-blue-cross-blue-shield-or-highmark-blue-shield,,Source: CMS list provided; payer IDs vary by clearinghouse/plan.
Highmark Blue Shield,Medicare Advantage,Blue Cross Blue Shield,highmark-blue-shield,,Source: CMS list provided; payer IDs vary by clearinghouse/plan.
Highmark Blue Shield of Northeastern New York,Commercial,Blue Cross Blue Shield,highmark-blue-shield-of-northeastern-new-york,,Source: CMS list provided; payer IDs vary by clearinghouse/plan.
Highmark Care Benefits Inc,Commercial,Blue Cross Blue Shield,highmark-care-benefits-inc,,Source: CMS list provided; payer IDs vary by clearinghouse/plan.
Highmark Choice Company,Commercial,Blue Cross Blue Shield,highmark-choice-company,,Source: CMS list provided; payer IDs vary by clearinghouse/plan.
Highmark Coverage Advantage Inc.,Commercial,Blue Cross Blue Shield,highmark-coverage-advantage-inc,,Source: CMS list provided; payer IDs vary by clearinghouse/plan.
Highmark Health Insurance Company,Commercial,Blue Cross Blue Shield,highmark-health-insurance-company,,Source: CMS list provided; payer IDs vary by clearinghouse/plan.
Highmark Health Insurance Company - West,Commercial,Blue Cross Blue Shield,highmark-health-insurance-company-west,,Source: CMS list provided; payer IDs vary by clearinghouse/plan.
Highmark Inc.,Commercial,Blue Cross Blue Shield,highmark-inc,,Source: CMS list provided; payer IDs vary by clearinghouse/plan.
Highmark Select Resources Inc.,Commercial,Blue Cross Blue Shield,highmark-select-resources-inc,,Source: CMS list provided; payer IDs vary by clearinghouse/plan.
Highmark Senior Health Company,Commercial,Blue Cross Blue Shield,highmark-senior-health-company,,Source: CMS list provided; payer IDs vary by clearinghouse/plan.
"Highmark West Virginia, Inc.",Commercial,Blue Cross Blue Shield,highmark-west-virginia-inc,,Source: CMS list provided; payer IDs vary by clearinghouse/plan.
Highmark Western and Northeastern New York,Commercial,Blue Cross Blue Shield,highmark-western-and-northeastern-new-york,,Source: CMS list provided; payer IDs vary by clearinghouse/plan.
Highmark Wholecare Medicare Assured,Medicare Advantage,Blue Cross Blue Shield,highmark-wholecare-medicare-assured,,Source: CMS list provided; payer IDs vary by clearinghouse/plan.
"Highmark, Inc.",Commercial,Blue Cross Blue Shield,highmark-inc,,Source: CMS list provided; payer IDs vary by clearinghouse/plan.
Hollister Incorporated,Commercial,,hollister-incorporated,,Source: CMS list provided; payer IDs vary by clearinghouse/plan.
Holman Professional Counseling Centers,Commercial,,holman-professional-counseling-centers,,Source: CMS list provided; payer IDs vary by clearinghouse/plan.
"Home State Health Plan, Inc",Commercial,,home-state-health-plan-inc,,Source: CMS list provided; payer IDs vary by clearinghouse/plan.
"Hometown Health Plan, Inc.",Commercial,,hometown-health-plan-inc,,Source: CMS list provided; payer IDs vary by clearinghouse/plan.
"Hometown Health Providers Insurance Company, Inc.",Commercial,,hometown-health-providers-insurance-company-inc,,Source: CMS list provided; payer IDs vary by clearinghouse/plan.
Hope PACE,Medicare Advantage,,hope-pace,,Source: CMS list provided; payer IDs vary by clearinghouse/plan.
HopeWest PACE,Medicare Advantage,,hopewest-pace,,Source: CMS list provided; payer IDs vary by clearinghouse/plan.
Hopkins ElderPlus,Medicare Advantage,,hopkins-elderplus,,Source: CMS list provided; payer IDs vary by clearinghouse/plan.
Horizon - PACE,Medicare Advantage,,horizon-pace,,Source: CMS list provided; payer IDs vary by clearinghouse/plan.
Horizon Blue Cross Blue Shield of New Jersey,Medicare Advantage,Blue Cross Blue Shield,horizon-blue-cross-blue-shield-of-new-jersey,,Source: CMS list provided; payer IDs vary by clearinghouse/plan.
"Horizon Healthcare Services, Inc.",Commercial,,horizon-healthcare-services-inc,,Source: CMS list provided; payer IDs vary by clearinghouse/plan.
"Horizon Healthcare of New Jersey, Inc.",Commercial,,horizon-healthcare-of-new-jersey-inc,,Source: CMS list provided; payer IDs vary by clearinghouse/plan.
Hotel Employees Restaurant Employees Health Trust,Commercial,,hotel-employees-restaurant-employees-health-trust,,Source: CMS list provided; payer IDs vary by clearinghouse/plan.
Howard Baer Inc,Commercial,,howard-baer-inc,,Source: CMS list provided; payer IDs vary by clearinghouse/plan.
Humana,Medicare Advantage,Humana,humana,,Source: CMS list provided; payer IDs vary by clearinghouse/plan.
"Humana Benefit Plan of Ill.,Inc.",Commercial,Humana,humana-benefit-plan-of-ill-inc,,Source: CMS list provided; payer IDs vary by clearinghouse/plan.
"Humana Benefit Plan of Illinois, Inc.",Commercial,Humana,humana-benefit-plan-of-illinois-inc,,Source: CMS list provided; payer IDs vary by clearinghouse/plan.
"Humana Employers Health Plan of Georgia, Inc.",Commercial,Humana,humana-employers-health-plan-of-georgia-inc,,Source: CMS list provided; payer IDs vary by clearinghouse/plan.
"Humana Health Benefit Plan of Louisiana, Inc.",Commercial,Humana,humana-health-benefit-plan-of-louisiana-inc,,Source: CMS list provided; payer IDs vary by clearinghouse/plan.
"Humana Health Insurance Co of FL, Inc.",Commercial,Humana,humana-health-insurance-co-of-fl-inc,,Source: CMS list provided; payer IDs vary by clearinghouse/plan.
Humana Health Plan,Commercial,Humana,humana-health-plan,,Source: CMS list provided; payer IDs vary by clearinghouse/plan.
Humana Health Plan Inc.,Commercial,Humana,humana-health-plan-inc,,Source: CMS list provided; payer IDs vary by clearinghouse/plan.
Humana Health Plan of Ohio,Commercial,Humana,humana-health-plan-of-ohio,,Source: CMS list provided; payer IDs vary by clearinghouse/plan.
"Humana Health Plan of Ohio, Inc.",Commercial,Humana,humana-health-plan-of-ohio-inc,,Source: CMS list provided; payer IDs vary by clearinghouse/plan.
"Humana Health Plan of Texas, Inc.",Commercial,Humana,humana-health-plan-of-texas-inc,,Source: CMS list provided; payer IDs vary by clearinghouse/plan.
"Humana Health Plan, Inc.",Commercial,Humana,humana-health-plan-inc,,Source: CMS list provided; payer IDs vary by clearinghouse/plan.
Humana Health Plan. Inc.,Commercial,Humana,humana-health-plan-inc,,Source: CMS list provided; payer IDs vary by clearinghouse/plan.
Humana Health Plans of Puerto Rico,Commercial,Humana,humana-health-plans-of-puerto-rico,,Source: CMS list provided; payer IDs vary by clearinghouse/plan.
Humana Insurance Co of Kentucky,Commercial,Humana,humana-insurance-co-of-kentucky,,Source: CMS list provided; payer IDs vary by clearinghouse/plan.
Humana Insurance Company,Commercial,Humana,humana-insurance-company,,Source: CMS list provided; payer IDs vary by clearinghouse/plan.
"Humana Insurance Company of Kentucky, Inc.",Commercial,Humana,humana-insurance-company-of-kentucky-inc,,Source: CMS list provided; payer IDs vary by clearinghouse/plan.
"Humana Insurance Company of New York, Inc.",Commercial,Humana,humana-insurance-company-of-new-york-inc,,Source: CMS list provided; payer IDs vary by clearinghouse/plan.
Humana Insurance of Puerto Rico,Commercial,Humana,humana-insurance-of-puerto-rico,,Source: CMS list provided; payer IDs vary by clearinghouse/plan.
"Humana Medical Plan of Michigan, Inc.",Commercial,Humana,humana-medical-plan-of-michigan-inc,,Source: CMS list provided; payer IDs vary by clearinghouse/plan.
"Humana Medical Plan of Utah, Inc.",Commercial,Humana,humana-medical-plan-of-utah-inc,,Source: CMS list provided; payer IDs vary by clearinghouse/plan.
"Humana Medical Plan, Inc.",Commercial,Humana,humana-medical-plan-inc,,Source: CMS list provided; payer IDs vary by clearinghouse/plan.
Humana Wisconsin Health Org. Ins. Corp.,Commercial,Humana,humana-wisconsin-health-org-ins-corp,,Source: CMS list provided; payer IDs vary by clearinghouse/plan.
Huron Valley PACE,Medicare Advantage,,huron-valley-pace,,Source: CMS list provided; payer IDs vary by clearinghouse/plan.
"Hyland Software, Inc.",Commercial,,hyland-software-inc,,Source: CMS list provided; payer IDs vary by clearinghouse/plan.
IEHP DualChoice,Medicare Advantage,,iehp-dualchoice,,Source: CMS list provided; payer IDs vary by clearinghouse/plan.
"IMC Manager, LLC",Commercial,,imc-manager-llc,,Source: CMS list provided; payer IDs vary by clearinghouse/plan.
ING Life Insurance and Annuity Company,Commercial,,ing-life-insurance-and-annuity-company,,Source: CMS list provided; payer IDs vary by clearinghouse/plan.
ISLAND HOME INSURANCE COMPANY,Commercial,,island-home-insurance-company,,Source: CMS list provided; payer IDs vary by clearinghouse/plan.
"IlliniCare Health Plan, Inc.",Commercial,,illinicare-health-plan-inc,,Source: CMS list provided; payer IDs vary by clearinghouse/plan.
Illinois Mutual Life Insurance Company,Commercial,,illinois-mutual-life-insurance-company,,Source: CMS list provided; payer IDs vary by clearinghouse/plan.
Immanuel Pathways Iowa,Medicare Advantage,,immanuel-pathways-iowa,,Source: CMS list provided; payer IDs vary by clearinghouse/plan.
Immanuel Pathways Omaha,Medicare Advantage,,immanuel-pathways-omaha,,Source: CMS list provided; payer IDs vary by clearinghouse/plan.
"Imperial Health Plan of California, Inc.",Commercial,,imperial-health-plan-of-california-inc,,Source: CMS list provided; payer IDs vary by clearinghouse/plan.
"Imperial Health Plan of California, Inc.",Medicare Advantage,,imperial-health-plan-of-california-inc,,Source: CMS list provided; payer IDs vary by clearinghouse/plan.
"Imperial Health Plan of the Southwest, Inc.",Commercial,,imperial-health-plan-of-the-southwest-inc,,Source: CMS list provided; payer IDs vary by clearinghouse/plan.
"Imperial Insurance Companies, Inc.",Commercial,,imperial-insurance-companies-inc,,Source: CMS list provided; payer IDs vary by clearinghouse/plan.
InStil Health Insurance Company,Commercial,,instil-health-insurance-company,,Source: CMS list provided; payer IDs vary by clearinghouse/plan.
Independence American Ins Co,Commercial,,independence-american-ins-co,,Source: CMS list provided; payer IDs vary by clearinghouse/plan.
Independence American Insurance Company,Commercial,,independence-american-insurance-company,,Source: CMS list provided; payer IDs vary by clearinghouse/plan.
Independence Assurance Company,Commercial,,independence-assurance-company,,Source: CMS list provided; payer IDs vary by clearinghouse/plan.
Independence Blue Cross,Medicare Advantage,Blue Cross Blue Shield,independence-blue-cross,,Source: CMS list provided; payer IDs vary by clearinghouse/plan.
Independence Blue Cross (QCC Ins. Co.),Commercial,Blue Cross Blue Shield,independence-blue-cross-qcc-ins-co,,Source: CMS list provided; payer IDs vary by clearinghouse/plan.
"Independence Hospital Indemnity Plan, Inc.",Commercial,,independence-hospital-indemnity-plan-inc,,Source: CMS list provided; payer IDs vary by clearinghouse/plan.
Independent Health,Medicare Advantage,,independent-health,,Source: CMS list provided; payer IDs vary by clearinghouse/plan.
"Independent Health Association, Inc",Commercial,,independent-health-association-inc,,Source: CMS list provided; payer IDs vary by clearinghouse/plan.
Independent Health Benefits Corporation,Commercial,,independent-health-benefits-corporation,,Source: CMS list provided; payer IDs vary by clearinghouse/plan.
Independent Living Srvcs Of Central Ny,Medicare Advantage,,independent-living-srvcs-of-central-ny,,Source: CMS list provided; payer IDs vary by clearinghouse/plan.
"Independent Living for Seniors, Inc",Commercial,,independent-living-for-seniors-inc,,Source: CMS list provided; payer IDs vary by clearinghouse/plan.
"Indiana University Health Plans, Inc.",Commercial,,indiana-university-health-plans-inc,,Source: CMS list provided; payer IDs vary by clearinghouse/plan.
Inland Empire Health Plan,Commercial,,inland-empire-health-plan,,Source: CMS list provided; payer IDs vary by clearinghouse/plan.
InnovAge California PACE,Medicare Advantage,,innovage-california-pace,,Source: CMS list provided; payer IDs vary by clearinghouse/plan.
InnovAge California PACE - Crenshaw,Medicare Advantage,,innovage-california-pace-crenshaw,,Source: CMS list provided; payer IDs vary by clearinghouse/plan.
InnovAge California PACE - Sacramento,Medicare Advantage,,innovage-california-pace-sacramento,,Source: CMS list provided; payer IDs vary by clearinghouse/plan.
InnovAge Colorado PACE,Medicare Advantage,,innovage-colorado-pace,,Source: CMS list provided; payer IDs vary by clearinghouse/plan.
InnovAge Florida PACE - Orlando,Medicare Advantage,,innovage-florida-pace-orlando,,Source: CMS list provided; payer IDs vary by clearinghouse/plan.
InnovAge Florida PACE - Tampa,Medicare Advantage,,innovage-florida-pace-tampa,,Source: CMS list provided; payer IDs vary by clearinghouse/plan.
InnovAge New Mexico PACE,Medicare Advantage,,innovage-new-mexico-pace,,Source: CMS list provided; payer IDs vary by clearinghouse/plan.
InnovAge Pennsylvania LIFE,Medicare Advantage,,innovage-pennsylvania-life,,Source: CMS list provided; payer IDs vary by clearinghouse/plan.
InnovAge Virginia PACE - Blue Ridge,Medicare Advantage,,innovage-virginia-pace-blue-ridge,,Source: CMS list provided; payer IDs vary by clearinghouse/plan.
InnovAge Virginia PACE - Richmond and Peninsula,Medicare Advantage,,innovage-virginia-pace-richmond-and-peninsula,,Source: CMS list provided; payer IDs vary by clearinghouse/plan.
InnovAge Virginia PACE- Roanoke Valley,Medicare Advantage,,innovage-virginia-pace-roanoke-valley,,Source: CMS list provided; payer IDs vary by clearinghouse/plan.
Innovation Health Insurance Company,Commercial,,innovation-health-insurance-company,,Source: CMS list provided; payer IDs vary by clearinghouse/plan.
"Innovation Health Plan, Inc.",Commercial,,innovation-health-plan-inc,,Source: CMS list provided; payer IDs vary by clearinghouse/plan.
Innovative Integrated Health Inc.,Medicare Advantage,,innovative-integrated-health-inc,,Source: CMS list provided; payer IDs vary by clearinghouse/plan.
"Inovalon, Inc",Commercial,,inovalon-inc,,Source: CMS list provided; payer IDs vary by clearinghouse/plan.
Inspira Health Network LIFE,Medicare Advantage,Health Net (Centene),inspira-health-network-life,,Source: CMS list provided; payer IDs vary by clearinghouse/plan.
Institute for Defense Analyses,Commercial,,institute-for-defense-analyses,,Source: CMS list provided; payer IDs vary by clearinghouse/plan.
Integon National Insurance Company,Commercial,,integon-national-insurance-company,,Source: CMS list provided; payer IDs vary by clearinghouse/plan.
"IntelliBenefits Insurance Services, Inc.",Commercial,,intellibenefits-insurance-services-inc,,Source: CMS list provided; payer IDs vary by clearinghouse/plan.
Inter-County Health Plan,Commercial,,inter-county-health-plan,,Source: CMS list provided; payer IDs vary by clearinghouse/plan.
Inter-County Hospital Plan,Commercial,,inter-county-hospital-plan,,Source: CMS list provided; payer IDs vary by clearinghouse/plan.
"Interface, Inc.",Commercial,,interface-inc,,Source: CMS list provided; payer IDs vary by clearinghouse/plan.
Intermountain Health Care Inc. (dba Intermountain,Commercial,,intermountain-health-care-inc-dba-intermountain,,Source: CMS list provided; payer IDs vary by clearinghouse/plan.
International Community Health Services,Medicare Advantage,,international-community-health-services,,Source: CMS list provided; payer IDs vary by clearinghouse/plan.
"International Healthcare Services, Inc.",Commercial,,international-healthcare-services-inc,,Source: CMS list provided; payer IDs vary by clearinghouse/plan.
Investors Life Insurance Company of North America,Commercial,,investors-life-insurance-company-of-north-america,,Source: CMS list provided; payer IDs vary by clearinghouse/plan.
Iowa Health Advantage,Medicare Advantage,,iowa-health-advantage,,Source: CMS list provided; payer IDs vary by clearinghouse/plan.
"Iowa Pacific Holdings, LLC",Commercial,,iowa-pacific-holdings-llc,,Source: CMS list provided; payer IDs vary by clearinghouse/plan.
"Iowa Total Care, Inc.",Commercial,,iowa-total-care-inc,,Source: CMS list provided; payer IDs vary by clearinghouse/plan.
Itasca Medical Care/IMCare Classic,Medicare Advantage,,itasca-medical-care-imcare-classic,,Source: CMS list provided; payer IDs vary by clearinghouse/plan.
"Ivey Mechanical Company, LLC",Commercial,,ivey-mechanical-company-llc,,Source: CMS list provided; payer IDs vary by clearinghouse/plan.
"J & M Manufacturing Co., Inc.",Commercial,,j-and-m-manufacturing-co-inc,,Source: CMS list provided; payer IDs vary by clearinghouse/plan.
"JPS Industries, Inc.",Commercial,,jps-industries-inc,,Source: CMS list provided; payer IDs vary by clearinghouse/plan.
Jack in the Box Inc.,Commercial,,jack-in-the-box-inc,,Source: CMS list provided; payer IDs vary by clearinghouse/plan.
"Jack's Family Restaurants, Inc.",Commercial,,jack-s-family-restaurants-inc,,Source: CMS list provided; payer IDs vary by clearinghouse/plan.
James M Pleasants Co,Commercial,,james-m-pleasants-co,,Source: CMS list provided; payer IDs vary by clearinghouse/plan.
Jayco Inc,Commercial,,jayco-inc,,Source: CMS list provided; payer IDs vary by clearinghouse/plan.
Jefferson Bank of Missouri,Commercial,,jefferson-bank-of-missouri,,Source: CMS list provided; payer IDs vary by clearinghouse/plan.
Jefferson Health Plans,Medicare Advantage,,jefferson-health-plans,,Source: CMS list provided; payer IDs vary by clearinghouse/plan.
Jefferson Life Insurance Company,Commercial,,jefferson-life-insurance-company,,Source: CMS list provided; payer IDs vary by clearinghouse/plan.
John A Van Den Bosch Co,Commercial,,john-a-van-den-bosch-co,,Source: CMS list provided; payer IDs vary by clearinghouse/plan.
John Alden Life Insurance Company,Commercial,,john-alden-life-insurance-company,,Source: CMS list provided; payer IDs vary by clearinghouse/plan.
Johns Hopkins Advantage MD,Medicare Advantage,,johns-hopkins-advantage-md,,Source: CMS list provided; payer IDs vary by clearinghouse/plan.
Johns Manville,Commercial,,johns-manville,,Source: CMS list provided; payer IDs vary by clearinghouse/plan.
"Jones Lang LaSalle Americas, Inc.",Commercial,,jones-lang-lasalle-americas-inc,,Source: CMS list provided; payer IDs vary by clearinghouse/plan.
Jordan Valley Senior Care,Medicare Advantage,,jordan-valley-senior-care,,Source: CMS list provided; payer IDs vary by clearinghouse/plan.
K-Day PACE,Medicare Advantage,,k-day-pace,,Source: CMS list provided; payer IDs vary by clearinghouse/plan.
"KALAMAZOO ANESTHESIOLOGY, P.C.",Commercial,,kalamazoo-anesthesiology-p-c,,Source: CMS list provided; payer IDs vary by clearinghouse/plan.
KINGS HEALTH BROKERAGE,Commercial,,kings-health-brokerage,,Source: CMS list provided; payer IDs vary by clearinghouse/plan.
KPS Health Plans,Commercial,,kps-health-plans,,Source: CMS list provided; payer IDs vary by clearinghouse/plan.
"KS Plan Administrators, LLC",Commercial,,ks-plan-administrators-llc,,Source: CMS list provided; payer IDs vary by clearinghouse/plan.
Kaiser Foundation Health Plan of Colo.,Commercial,Kaiser Permanente,kaiser-foundation-health-plan-of-colo,,Source: CMS list provided; payer IDs vary by clearinghouse/plan.
Kaiser Foundation Health Plan of Georgia,Commercial,Kaiser Permanente,kaiser-foundation-health-plan-of-georgia,,Source: CMS list provided; payer IDs vary by clearinghouse/plan.
"Kaiser Foundation Health Plan of Georgia, Inc.",Commercial,Kaiser Permanente,kaiser-foundation-health-plan-of-georgia-inc,,Source: CMS list provided; payer IDs vary by clearinghouse/plan.
"Kaiser Foundation Health Plan of Mid-Atlantic States, Inc.",Commercial,Kaiser Permanente,kaiser-foundation-health-plan-of-mid-atlantic-states-inc,,Source: CMS list provided; payer IDs vary by clearinghouse/plan.
Kaiser Foundation Health Plan of Washington,Commercial,Kaiser Permanente,kaiser-foundation-health-plan-of-washington,,Source: CMS list provided; payer IDs vary by clearinghouse/plan.
"Kaiser Foundation Health Plan of Washington Options, Inc.",Commercial,Kaiser Permanente,kaiser-foundation-health-plan-of-washington-options-inc,,Source: CMS list provided; payer IDs vary by clearinghouse/plan.
"Kaiser Foundation Health Plan of the Mid-Atlantic States, Inc.",Commercial,Kaiser Permanente,kaiser-foundation-health-plan-of-the-mid-atlantic-states-inc,,Source: CMS list provided; payer IDs vary by clearinghouse/plan.
Kaiser Foundation Health Plan of the Northwest,Commercial,Kaiser Permanente,kaiser-foundation-health-plan-of-the-northwest,,Source: CMS list provided; payer IDs vary by clearinghouse/plan.
"Kaiser Foundation Health Plan, Inc.",Commercial,Kaiser Permanente,kaiser-foundation-health-plan-inc,,Source: CMS list provided; payer IDs vary by clearinghouse/plan.
Kaiser Foundation Healthplan of the NW,Commercial,Kaiser Permanente,kaiser-foundation-healthplan-of-the-nw,,Source: CMS list provided; payer IDs vary by clearinghouse/plan.
Kaiser Permanente,Medicare Advantage,Kaiser Permanente,kaiser-permanente,,Source: CMS list provided; payer IDs vary by clearinghouse/plan.
Kaiser Permanente Insurance Company,Commercial,Kaiser Permanente,kaiser-permanente-insurance-company,,Source: CMS list provided; payer IDs vary by clearinghouse/plan.
Kanawha Insurance Company,Commercial,,kanawha-insurance-company,,Source: CMS list provided; payer IDs vary by clearinghouse/plan.
Kansas City Life Insurance Company,Commercial,,kansas-city-life-insurance-company,,Source: CMS list provided; payer IDs vary by clearinghouse/plan.
Kansas Health Advantage,Medicare Advantage,,kansas-health-advantage,,Source: CMS list provided; payer IDs vary by clearinghouse/plan.
KelseyCare Advantage,Medicare Advantage,,kelseycare-advantage,,Source: CMS list provided; payer IDs vary by clearinghouse/plan.
Kentucky Health Cooperative,Commercial,,kentucky-health-cooperative,,Source: CMS list provided; payer IDs vary by clearinghouse/plan.
KeyCare Advantage,Medicare Advantage,,keycare-advantage,,Source: CMS list provided; payer IDs vary by clearinghouse/plan.
Keystone Family Health Plan,Commercial,,keystone-family-health-plan,,Source: CMS list provided; payer IDs vary by clearinghouse/plan.
Keystone Health Plan Central,Commercial,,keystone-health-plan-central,,Source: CMS list provided; payer IDs vary by clearinghouse/plan.
"Keystone Health Plan East, Inc",Commercial,,keystone-health-plan-east-inc,,Source: CMS list provided; payer IDs vary by clearinghouse/plan.
"Kinder Morgan, Inc",Commercial,,kinder-morgan-inc,,Source: CMS list provided; payer IDs vary by clearinghouse/plan.
Kirby Corporation,Commercial,,kirby-corporation,,Source: CMS list provided; payer IDs vary by clearinghouse/plan.
Knights of Columbus,Commercial,,knights-of-columbus,,Source: CMS list provided; payer IDs vary by clearinghouse/plan.
L.A. Care Health Plan,Medicare Advantage,,l-a-care-health-plan,,Source: CMS list provided; payer IDs vary by clearinghouse/plan.
"LIBERTY Dental Plan of California, Inc.",Commercial,,liberty-dental-plan-of-california-inc,,Source: CMS list provided; payer IDs vary by clearinghouse/plan.
"LIBERTY Dental Plan of Florida, Inc.",Commercial,,liberty-dental-plan-of-florida-inc,,Source: CMS list provided; payer IDs vary by clearinghouse/plan.
LIBERTY Dental Plan of Missouri,Commercial,,liberty-dental-plan-of-missouri,,Source: CMS list provided; payer IDs vary by clearinghouse/plan.
"LIBERTY Dental Plan of Nevada, Inc.",Commercial,,liberty-dental-plan-of-nevada-inc,,Source: CMS list provided; payer IDs vary by clearinghouse/plan.
LIFE Armstrong,Medicare Advantage,,life-armstrong,,Source: CMS list provided; payer IDs vary by clearinghouse/plan.
LIFE Beaver and Lawrence Counties,Medicare Advantage,,life-beaver-and-lawrence-counties,,Source: CMS list provided; payer IDs vary by clearinghouse/plan.
LIFE Butler County,Medicare Advantage,,life-butler-county,,Source: CMS list provided; payer IDs vary by clearinghouse/plan.
LIFE COORDINATED COMMONWEALTH PACE INC,Medicare Advantage,,life-coordinated-commonwealth-pace-inc,,Source: CMS list provided; payer IDs vary by clearinghouse/plan.
LIFE Geisinger,Medicare Advantage,,life-geisinger,,Source: CMS list provided; payer IDs vary by clearinghouse/plan.
LIFE Northwestern Pennsylvania,Medicare Advantage,,life-northwestern-pennsylvania,,Source: CMS list provided; payer IDs vary by clearinghouse/plan.
"LIFE PACE, INC.",Medicare Advantage,,life-pace-inc,,Source: CMS list provided; payer IDs vary by clearinghouse/plan.
LIFE Pittsburgh,Medicare Advantage,,life-pittsburgh,,Source: CMS list provided; payer IDs vary by clearinghouse/plan.
LIFE St. Joseph of the Pines,Medicare Advantage,,life-st-joseph-of-the-pines,,Source: CMS list provided; payer IDs vary by clearinghouse/plan.
LIFE St. Mary,Medicare Advantage,,life-st-mary,,Source: CMS list provided; payer IDs vary by clearinghouse/plan.
LIFECIRCLES,Medicare Advantage,,lifecircles,,Source: CMS list provided; payer IDs vary by clearinghouse/plan.
"Lake Hospital System, Inc. dba Lake Health",Commercial,,lake-hospital-system-inc-dba-lake-health,,Source: CMS list provided; payer IDs vary by clearinghouse/plan.
"Lakeview Academy of Arts, Science and Technology",Commercial,,lakeview-academy-of-arts-science-and-technology,,Source: CMS list provided; payer IDs vary by clearinghouse/plan.
Land of Lincoln Mutual Health Insurance Company,Commercial,,land-of-lincoln-mutual-health-insurance-company,,Source: CMS list provided; payer IDs vary by clearinghouse/plan.
"Landauer, Inc.",Commercial,,landauer-inc,,Source: CMS list provided; payer IDs vary by clearinghouse/plan.
"Landmark U.S. Holdings, LLC",Commercial,,landmark-u-s-holdings-llc,,Source: CMS list provided; payer IDs vary by clearinghouse/plan.
Lani Eko & Company,Commercial,,lani-eko-and-company,,Source: CMS list provided; payer IDs vary by clearinghouse/plan.
Lawndale Christian Health Center,Medicare Advantage,,lawndale-christian-health-center,,Source: CMS list provided; payer IDs vary by clearinghouse/plan.
"Leon Health, Inc.",Medicare Advantage,,leon-health-inc,,Source: CMS list provided; payer IDs vary by clearinghouse/plan.
Liberty Medicare Advantage,Medicare Advantage,,liberty-medicare-advantage,,Source: CMS list provided; payer IDs vary by clearinghouse/plan.
Liberty Mutual Insurance Company,Commercial,,liberty-mutual-insurance-company,,Source: CMS list provided; payer IDs vary by clearinghouse/plan.
Liberty National Life Insurance Co,Commercial,,liberty-national-life-insurance-co,,Source: CMS list provided; payer IDs vary by clearinghouse/plan.
Liberty Union Life Assurance Company,Commercial,,liberty-union-life-assurance-company,,Source: CMS list provided; payer IDs vary by clearinghouse/plan.
Life of America,Commercial,,life-of-america,,Source: CMS list provided; payer IDs vary by clearinghouse/plan.
LifeMap Assurance Company,Commercial,,lifemap-assurance-company,,Source: CMS list provided; payer IDs vary by clearinghouse/plan.
LifeSecure Insurance Company,Commercial,,lifesecure-insurance-company,,Source: CMS list provided; payer IDs vary by clearinghouse/plan.
LifeWise Assurance Company,Commercial,,lifewise-assurance-company,,Source: CMS list provided; payer IDs vary by clearinghouse/plan.
LifeWise Health Plan of Oregon,Commercial,,lifewise-health-plan-of-oregon,,Source: CMS list provided; payer IDs vary by clearinghouse/plan.
LifeWise Health Plan of WA,Commercial,,lifewise-health-plan-of-wa,,Source: CMS list provided; payer IDs vary by clearinghouse/plan.
Lifeworks Advantage,Medicare Advantage,,lifeworks-advantage,,Source: CMS list provided; payer IDs vary by clearinghouse/plan.
Lincoln Life & Annuity Company of New York,Commercial,,lincoln-life-and-annuity-company-of-new-york,,Source: CMS list provided; payer IDs vary by clearinghouse/plan.
Local Initiative Health Authority for Los Angeles County,Commercial,,local-initiative-health-authority-for-los-angeles-county,,Source: CMS list provided; payer IDs vary by clearinghouse/plan.
Loews Hotels at Universal Orlando,Commercial,,loews-hotels-at-universal-orlando,,Source: CMS list provided; payer IDs vary by clearinghouse/plan.
Loma Linda University Health PACE,Medicare Advantage,,loma-linda-university-health-pace,,Source: CMS list provided; payer IDs vary by clearinghouse/plan.
Longevity Health,Medicare Advantage,,longevity-health,,Source: CMS list provided; payer IDs vary by clearinghouse/plan.
Longevity Health Plan,Medicare Advantage,,longevity-health-plan,,Source: CMS list provided; payer IDs vary by clearinghouse/plan.
"Longevity Health Plan of Colorado, Inc.",Commercial,,longevity-health-plan-of-colorado-inc,,Source: CMS list provided; payer IDs vary by clearinghouse/plan.
"Longevity Health Plan of Michigan, Inc.",Commercial,,longevity-health-plan-of-michigan-inc,,Source: CMS list provided; payer IDs vary by clearinghouse/plan.
"Longevity Health Plan of North Carolina, Inc.",Commercial,,longevity-health-plan-of-north-carolina-inc,,Source: CMS list provided; payer IDs vary by clearinghouse/plan.
"Louisiana Health Cooperative, Inc.",Commercial,,louisiana-health-cooperative-inc,,Source: CMS list provided; payer IDs vary by clearinghouse/plan.
Louisiana Health Service & Indemnity Company,Commercial,,louisiana-health-service-and-indemnity-company,,Source: CMS list provided; payer IDs vary by clearinghouse/plan.
Louisiana Healthcare Connections,Commercial,,louisiana-healthcare-connections,,Source: CMS list provided; payer IDs vary by clearinghouse/plan.
"Lovelace Health System, Inc.",Commercial,,lovelace-health-system-inc,,Source: CMS list provided; payer IDs vary by clearinghouse/plan.
Lovelace Insurance Company,Commercial,,lovelace-insurance-company,,Source: CMS list provided; payer IDs vary by clearinghouse/plan.
Loyal American Life Insurance Company,Commercial,,loyal-american-life-insurance-company,,Source: CMS list provided; payer IDs vary by clearinghouse/plan.
Lutheran Senior LIFE,Medicare Advantage,,lutheran-senior-life,,Source: CMS list provided; payer IDs vary by clearinghouse/plan.
M&T Bank Corporation,Commercial,,m-and-t-bank-corporation,,Source: CMS list provided; payer IDs vary by clearinghouse/plan.
MAMSI Life and Health Insurance Company,Commercial,,mamsi-life-and-health-insurance-company,,Source: CMS list provided; payer IDs vary by clearinghouse/plan.
MAMSI Life and Health Insurance Company,Commercial,,mamsi-life-and-health-insurance-company,,Source: CMS list provided; payer IDs vary by clearinghouse/plan.
MAPFRE Life Insurance Company,Commercial,,mapfre-life-insurance-company,,Source: CMS list provided; payer IDs vary by clearinghouse/plan.
MCNA Insurance Company,Commercial,,mcna-insurance-company,,Source: CMS list provided; payer IDs vary by clearinghouse/plan.
"MCS ADVANTAGE, INC.",Commercial,,mcs-advantage-inc,,Source: CMS list provided; payer IDs vary by clearinghouse/plan.
MCS Classicare,Medicare Advantage,,mcs-classicare,,Source: CMS list provided; payer IDs vary by clearinghouse/plan.
MCS Life Insurance Company,Commercial,,mcs-life-insurance-company,,Source: CMS list provided; payer IDs vary by clearinghouse/plan.
"MD-Individual Practice Assocation, Inc",Commercial,,md-individual-practice-assocation-inc,,Source: CMS list provided; payer IDs vary by clearinghouse/plan.
"MDC Holdings, Inc",Commercial,,mdc-holdings-inc,,Source: CMS list provided; payer IDs vary by clearinghouse/plan.
"MDwise Marketplace, Inc.",Commercial,,mdwise-marketplace-inc,,Source: CMS list provided; payer IDs vary by clearinghouse/plan.
"MDwise, Inc.",Commercial,,mdwise-inc,,Source: CMS list provided; payer IDs vary by clearinghouse/plan.
METRO METALS NORTHWEST INC,Commercial,,metro-metals-northwest-inc,,Source: CMS list provided; payer IDs vary by clearinghouse/plan.
MG Insurance Company,Medicare Advantage,,mg-insurance-company,,Source: CMS list provided; payer IDs vary by clearinghouse/plan.
"MMM Healthcare, LLC.",Commercial,,mmm-healthcare-llc,,Source: CMS list provided; payer IDs vary by clearinghouse/plan.
MOLINA HEALTHCARE OF CALIFORNIA,Commercial,Molina Healthcare,molina-healthcare-of-california,,Source: CMS list provided; payer IDs vary by clearinghouse/plan.
"MOLINA HEALTHCARE OF SOUTH CAROLINA, INC",Commercial,Molina Healthcare,molina-healthcare-of-south-carolina-inc,,Source: CMS list provided; payer IDs vary by clearinghouse/plan.
MONY Life Insurance Company,Commercial,,mony-life-insurance-company,,Source: CMS list provided; payer IDs vary by clearinghouse/plan.
"MPG Operations, LLC",Commercial,,mpg-operations-llc,,Source: CMS list provided; payer IDs vary by clearinghouse/plan.
MVP HEALTH CARE,Medicare Advantage,,mvp-health-care,,Source: CMS list provided; payer IDs vary by clearinghouse/plan.
MVP Health Insurance Company,Commercial,,mvp-health-insurance-company,,Source: CMS list provided; payer IDs vary by clearinghouse/plan.
"MVP Health Insurance Company of New Hampshire, Inc.",Commercial,,mvp-health-insurance-company-of-new-hampshire-inc,,Source: CMS list provided; payer IDs vary by clearinghouse/plan.
"MVP Health Plan of New Hampshire, Inc.",Commercial,,mvp-health-plan-of-new-hampshire-inc,,Source: CMS list provided; payer IDs vary by clearinghouse/plan.
"MVP Health Plan, Inc.",Commercial,,mvp-health-plan-inc,,Source: CMS list provided; payer IDs vary by clearinghouse/plan.
MVP Health Services Corp.,Commercial,,mvp-health-services-corp,,Source: CMS list provided; payer IDs vary by clearinghouse/plan.
Madison National Life,Commercial,,madison-national-life,,Source: CMS list provided; payer IDs vary by clearinghouse/plan.
Madison National Life Insurance Company,Commercial,,madison-national-life-insurance-company,,Source: CMS list provided; payer IDs vary by clearinghouse/plan.
"Madison National Life Insurance Company, Inc.",Commercial,,madison-national-life-insurance-company-inc,,Source: CMS list provided; payer IDs vary by clearinghouse/plan.
Magnolia Health Plan,Commercial,,magnolia-health-plan,,Source: CMS list provided; payer IDs vary by clearinghouse/plan.
Maine Community Health Options,Commercial,,maine-community-health-options,,Source: CMS list provided; payer IDs vary by clearinghouse/plan.
Maine Dental Service Corporation,Commercial,,maine-dental-service-corporation,,Source: CMS list provided; payer IDs vary by clearinghouse/plan.
"Managed Care of North America, Inc",Commercial,,managed-care-of-north-america-inc,,Source: CMS list provided; payer IDs vary by clearinghouse/plan.
Managed Dental Care of California,Commercial,,managed-dental-care-of-california,,Source: CMS list provided; payer IDs vary by clearinghouse/plan.
"Managed DentalGuard, Inc.",Commercial,,managed-dentalguard-inc,,Source: CMS list provided; payer IDs vary by clearinghouse/plan.
"Managed DentalGuard,Inc.",Commercial,,managed-dentalguard-inc,,Source: CMS list provided; payer IDs vary by clearinghouse/plan.
"Managed Health Network, A California Corporation",Commercial,Health Net (Centene),managed-health-network-a-california-corporation,,Source: CMS list provided; payer IDs vary by clearinghouse/plan.
Managed Health Services Insurance Corporation,Commercial,,managed-health-services-insurance-corporation,,Source: CMS list provided; payer IDs vary by clearinghouse/plan.
Martin Resource Management Corporation,Commercial,,martin-resource-management-corporation,,Source: CMS list provided; payer IDs vary by clearinghouse/plan.
Martin's Point Generations Advantage,Medicare Advantage,,martin-s-point-generations-advantage,,Source: CMS list provided; payer IDs vary by clearinghouse/plan.
"Martin's Point Generations, LLC",Commercial,,martin-s-point-generations-llc,,Source: CMS list provided; payer IDs vary by clearinghouse/plan.
Martin's Super Markets Inc.,Commercial,,martin-s-super-markets-inc,,Source: CMS list provided; payer IDs vary by clearinghouse/plan.
Mass Advantage,Medicare Advantage,,mass-advantage,,Source: CMS list provided; payer IDs vary by clearinghouse/plan.
Mass General Brigham Health Insurance Company,Commercial,,mass-general-brigham-health-insurance-company,,Source: CMS list provided; payer IDs vary by clearinghouse/plan.
Mass General Brigham Health Plan,Medicare Advantage,,mass-general-brigham-health-plan,,Source: CMS list provided; payer IDs vary by clearinghouse/plan.
"Mass General Brigham Health Plan Select, LLC",Commercial,,mass-general-brigham-health-plan-select-llc,,Source: CMS list provided; payer IDs vary by clearinghouse/plan.
"Mass General Brigham Health Plan, Inc",Commercial,,mass-general-brigham-health-plan-inc,,Source: CMS list provided; payer IDs vary by clearinghouse/plan.
Massachusetts Institute of Technology,Commercial,,massachusetts-institute-of-technology,,Source: CMS list provided; payer IDs vary by clearinghouse/plan.
MasterCraft Boat Company,Commercial,,mastercraft-boat-company,,Source: CMS list provided; payer IDs vary by clearinghouse/plan.
"Matthew Thornton Health Plan, Inc.",Commercial,,matthew-thornton-health-plan-inc,,Source: CMS list provided; payer IDs vary by clearinghouse/plan.
Matthew Thornton Hlth Plan(Anthem BCBS),Commercial,Anthem Blue Cross Blue Shield,matthew-thornton-hlth-plan-anthem-bcbs,,Source: CMS list provided; payer IDs vary by clearinghouse/plan.
McGregor PACE,Medicare Advantage,,mcgregor-pace,,Source: CMS list provided; payer IDs vary by clearinghouse/plan.
McLaren Health Plan,Commercial,,mclaren-health-plan,,Source: CMS list provided; payer IDs vary by clearinghouse/plan.
McLaren Health Plan Community,Commercial,,mclaren-health-plan-community,,Source: CMS list provided; payer IDs vary by clearinghouse/plan.
McLaren Health Plan Insurance Company,Commercial,,mclaren-health-plan-insurance-company,,Source: CMS list provided; payer IDs vary by clearinghouse/plan.
McLaren Medicare,Medicare Advantage,Medicare,mclaren-medicare,,Source: CMS list provided; payer IDs vary by clearinghouse/plan.
"Meadow Valley Contractors, Inc.",Commercial,,meadow-valley-contractors-inc,,Source: CMS list provided; payer IDs vary by clearinghouse/plan.
"MedAssets Services, LLC",Commercial,,medassets-services-llc,,Source: CMS list provided; payer IDs vary by clearinghouse/plan.
"MedCost Benefit Services, LLC",Commercial,,medcost-benefit-services-llc,,Source: CMS list provided; payer IDs vary by clearinghouse/plan.
MedMutual Life Insurance Company,Commercial,,medmutual-life-insurance-company,,Source: CMS list provided; payer IDs vary by clearinghouse/plan.
Medi-Excel,Commercial,,medi-excel,,Source: CMS list provided; payer IDs vary by clearinghouse/plan.
MediGold,Medicare Advantage,,medigold,,Source: CMS list provided; payer IDs vary by clearinghouse/plan.
Medica,Medicare Advantage,,medica,,Source: CMS list provided; payer IDs vary by clearinghouse/plan.
Medica Central Health Plan,Commercial,,medica-central-health-plan,,Source: CMS list provided; payer IDs vary by clearinghouse/plan.
Medica Central Insurance Company,Commercial,,medica-central-insurance-company,,Source: CMS list provided; payer IDs vary by clearinghouse/plan.
Medica Community Health Plan,Commercial,,medica-community-health-plan,,Source: CMS list provided; payer IDs vary by clearinghouse/plan.
Medica Health Plans,Commercial,,medica-health-plans,,Source: CMS list provided; payer IDs vary by clearinghouse/plan.
"Medica Health Plans of Florida, Inc",Commercial,,medica-health-plans-of-florida-inc,,Source: CMS list provided; payer IDs vary by clearinghouse/plan.
Medica Health Plans of Wisconsin,Commercial,,medica-health-plans-of-wisconsin,,Source: CMS list provided; payer IDs vary by clearinghouse/plan.
Medica Insurance Company,Commercial,,medica-insurance-company,,Source: CMS list provided; payer IDs vary by clearinghouse/plan.
Medical Associates Clinic Health Plan of Wisconsin,Medicare Advantage,,medical-associates-clinic-health-plan-of-wisconsin,,Source: CMS list provided; payer IDs vary by clearinghouse/plan.
"Medical Associates Health Plan, Inc",Commercial,,medical-associates-health-plan-inc,,Source: CMS list provided; payer IDs vary by clearinghouse/plan.
"Medical Associates Health Plan, Inc.",Medicare Advantage,,medical-associates-health-plan-inc,,Source: CMS list provided; payer IDs vary by clearinghouse/plan.
Medical Associates Health Plans,Commercial,,medical-associates-health-plans,,Source: CMS list provided; payer IDs vary by clearinghouse/plan.
Medical Benefits Mutual Life Insurance,Commercial,,medical-benefits-mutual-life-insurance,,Source: CMS list provided; payer IDs vary by clearinghouse/plan.
Medical Benefits Mutual Life Insurance Co.,Commercial,,medical-benefits-mutual-life-insurance-co,,Source: CMS list provided; payer IDs vary by clearinghouse/plan.
Medical Health Insuring Corp. of Ohio,Commercial,,medical-health-insuring-corp-of-ohio,,Source: CMS list provided; payer IDs vary by clearinghouse/plan.
Medical Mutual of Ohio,Medicare Advantage,,medical-mutual-of-ohio,,Source: CMS list provided; payer IDs vary by clearinghouse/plan.
Medical Mutual of Ohio,Commercial,,medical-mutual-of-ohio,,Source: CMS list provided; payer IDs vary by clearinghouse/plan.
Medical Services of America,Commercial,,medical-services-of-america,,Source: CMS list provided; payer IDs vary by clearinghouse/plan.
Medicare y Mucho Mas (MMM),Medicare Advantage,Medicare,medicare-y-mucho-mas-mmm,,Source: CMS list provided; payer IDs vary by clearinghouse/plan.
Medicare's Limited Income NET Program,Medicare Advantage,Medicare,medicare-s-limited-income-net-program,,Source: CMS list provided; payer IDs vary by clearinghouse/plan.
MedicareBlue Rx,Medicare Advantage,Medicare,medicareblue-rx,,Source: CMS list provided; payer IDs vary by clearinghouse/plan.
"Melaleuca, Inc.",Commercial,,melaleuca-inc,,Source: CMS list provided; payer IDs vary by clearinghouse/plan.
Memorial Hermann Commercial Health Plan,Commercial,,memorial-hermann-commercial-health-plan,,Source: CMS list provided; payer IDs vary by clearinghouse/plan.
"Memorial Hermann Health Insurance Company, Inc.",Commercial,,memorial-hermann-health-insurance-company-inc,,Source: CMS list provided; payer IDs vary by clearinghouse/plan.
Memorial Hermann Health Plan,Medicare Advantage,,memorial-hermann-health-plan,,Source: CMS list provided; payer IDs vary by clearinghouse/plan.
"Memorial Hermann Health Plan, Inc",Commercial,,memorial-hermann-health-plan-inc,,Source: CMS list provided; payer IDs vary by clearinghouse/plan.
"Mennonite General Hospital, Inc",Commercial,,mennonite-general-hospital-inc,,Source: CMS list provided; payer IDs vary by clearinghouse/plan.
Mercy Care Advantage,Medicare Advantage,,mercy-care-advantage,,Source: CMS list provided; payer IDs vary by clearinghouse/plan.
Mercy Health Plans,Commercial,,mercy-health-plans,,Source: CMS list provided; payer IDs vary by clearinghouse/plan.
"Mercy Health Plans of Missouri, Inc.",Commercial,,mercy-health-plans-of-missouri-inc,,Source: CMS list provided; payer IDs vary by clearinghouse/plan.
Mercy LIFE,Medicare Advantage,,mercy-life,,Source: CMS list provided; payer IDs vary by clearinghouse/plan.
Mercy LIFE - West Philadelphia,Medicare Advantage,,mercy-life-west-philadelphia,,Source: CMS list provided; payer IDs vary by clearinghouse/plan.
Mercy LIFE of Alabama,Medicare Advantage,,mercy-life-of-alabama,,Source: CMS list provided; payer IDs vary by clearinghouse/plan.
"MercyCare HMO, Inc.",Commercial,,mercycare-hmo-inc,,Source: CMS list provided; payer IDs vary by clearinghouse/plan.
MercyCare Insurance Company,Commercial,,mercycare-insurance-company,,Source: CMS list provided; payer IDs vary by clearinghouse/plan.
"Meridian Health Plan of Michigan, Inc.",Commercial,,meridian-health-plan-of-michigan-inc,,Source: CMS list provided; payer IDs vary by clearinghouse/plan.
Meridian Medicare-Medicaid Plan (MMP),Medicare Advantage,Medicaid,meridian-medicare-medicaid-plan-mmp,,Source: CMS list provided; payer IDs vary by clearinghouse/plan.
MeridianComplete (Medicare-Medicaid Plan),Medicare Advantage,Medicaid,meridiancomplete-medicare-medicaid-plan,,Source: CMS list provided; payer IDs vary by clearinghouse/plan.
Meritus Health Partners,Commercial,,meritus-health-partners,,Source: CMS list provided; payer IDs vary by clearinghouse/plan.
Meritus Mutual Health Partners,Commercial,,meritus-mutual-health-partners,,Source: CMS list provided; payer IDs vary by clearinghouse/plan.
"Mesa Industries, Inc.",Commercial,,mesa-industries-inc,,Source: CMS list provided; payer IDs vary by clearinghouse/plan.
"MetLife Health Plans, Inc., a Delaware Corporation",Commercial,,metlife-health-plans-inc-a-delaware-corporation,,Source: CMS list provided; payer IDs vary by clearinghouse/plan.
MetLife Insurance Company of Connecticut,Commercial,,metlife-insurance-company-of-connecticut,,Source: CMS list provided; payer IDs vary by clearinghouse/plan.
Metcalf Bank,Commercial,,metcalf-bank,,Source: CMS list provided; payer IDs vary by clearinghouse/plan.
MetroPlus Health Plan,Commercial,,metroplus-health-plan,,Source: CMS list provided; payer IDs vary by clearinghouse/plan.
MetroPlus Health Plan,Medicare Advantage,,metroplus-health-plan,,Source: CMS list provided; payer IDs vary by clearinghouse/plan.
Metropolitan Life Insurance Company,Commercial,,metropolitan-life-insurance-company,,Source: CMS list provided; payer IDs vary by clearinghouse/plan.
Metropolitan School District of Lawrence Township,Commercial,,metropolitan-school-district-of-lawrence-township,,Source: CMS list provided; payer IDs vary by clearinghouse/plan.
Michigan Planners Inc,Commercial,,michigan-planners-inc,,Source: CMS list provided; payer IDs vary by clearinghouse/plan.
"Mid Rogue Health Plan, Inc.",Commercial,,mid-rogue-health-plan-inc,,Source: CMS list provided; payer IDs vary by clearinghouse/plan.
Mid-Columbia Medical Center,Commercial,,mid-columbia-medical-center,,Source: CMS list provided; payer IDs vary by clearinghouse/plan.
Mid-Valley IPA Employee Benefit Trust,Commercial,,mid-valley-ipa-employee-benefit-trust,,Source: CMS list provided; payer IDs vary by clearinghouse/plan.
Mid-West National Life Insurance Company of Tennes,Commercial,,mid-west-national-life-insurance-company-of-tennes,,Source: CMS list provided; payer IDs vary by clearinghouse/plan.
Mid-West National Life Insurance Company of Tennessee,Commercial,,mid-west-national-life-insurance-company-of-tennessee,,Source: CMS list provided; payer IDs vary by clearinghouse/plan.
Midland Care PACE,Medicare Advantage,,midland-care-pace,,Source: CMS list provided; payer IDs vary by clearinghouse/plan.
Midwest Rubber Company,Commercial,,midwest-rubber-company,,Source: CMS list provided; payer IDs vary by clearinghouse/plan.
"Minuteman Health, Inc",Commercial,,minuteman-health-inc,,Source: CMS list provided; payer IDs vary by clearinghouse/plan.
Minuteman Insurance Company,Commercial,,minuteman-insurance-company,,Source: CMS list provided; payer IDs vary by clearinghouse/plan.
"Missouri Care, Inc.",Commercial,,missouri-care-inc,,Source: CMS list provided; payer IDs vary by clearinghouse/plan.
"Mitsubishi Motors North America, Inc-Manufacturing",Commercial,,mitsubishi-motors-north-america-inc-manufacturing,,Source: CMS list provided; payer IDs vary by clearinghouse/plan.
"Mitsui & Co. (U.S.A.), Inc.",Commercial,,mitsui-and-co-u-s-a-inc,,Source: CMS list provided; payer IDs vary by clearinghouse/plan.
Moda Assurance Company,Commercial,,moda-assurance-company,,Source: CMS list provided; payer IDs vary by clearinghouse/plan.
"Moda Health Plan, Inc",Commercial,,moda-health-plan-inc,,Source: CMS list provided; payer IDs vary by clearinghouse/plan.
"Moda Health Plan, Inc.",Medicare Advantage,,moda-health-plan-inc,,Source: CMS list provided; payer IDs vary by clearinghouse/plan.
"Moda Health Plan, Inc.",Commercial,,moda-health-plan-inc,,Source: CMS list provided; payer IDs vary by clearinghouse/plan.
Modine Manufacturing Company,Commercial,,modine-manufacturing-company,,Source: CMS list provided; payer IDs vary by clearinghouse/plan.
Molina Healthcare,Medicare Advantage,Molina Healthcare,molina-healthcare,,Source: CMS list provided; payer IDs vary by clearinghouse/plan.
Molina Healthcare of Arizona,Medicare Advantage,Molina Healthcare,molina-healthcare-of-arizona,,Source: CMS list provided; payer IDs vary by clearinghouse/plan.
Molina Healthcare of California,Medicare Advantage,Molina Healthcare,molina-healthcare-of-california,,Source: CMS list provided; payer IDs vary by clearinghouse/plan.
"Molina Healthcare of Florida, Inc",Commercial,Molina Healthcare,molina-healthcare-of-florida-inc,,Source: CMS list provided; payer IDs vary by clearinghouse/plan.
Molina Healthcare of Illinois,Medicare Advantage,Molina Healthcare,molina-healthcare-of-illinois,,Source: CMS list provided; payer IDs vary by clearinghouse/plan.
"Molina Healthcare of Illinois, Inc.",Commercial,Molina Healthcare,molina-healthcare-of-illinois-inc,,Source: CMS list provided; payer IDs vary by clearinghouse/plan.
"Molina Healthcare of Kentucky, Inc.",Commercial,Molina Healthcare,molina-healthcare-of-kentucky-inc,,Source: CMS list provided; payer IDs vary by clearinghouse/plan.
Molina Healthcare of Michigan,Medicare Advantage,Molina Healthcare,molina-healthcare-of-michigan,,Source: CMS list provided; payer IDs vary by clearinghouse/plan.
"Molina Healthcare of Michigan, Inc.",Commercial,Molina Healthcare,molina-healthcare-of-michigan-inc,,Source: CMS list provided; payer IDs vary by clearinghouse/plan.
"Molina Healthcare of Mississippi, Inc",Commercial,Molina Healthcare,molina-healthcare-of-mississippi-inc,,Source: CMS list provided; payer IDs vary by clearinghouse/plan.
Molina Healthcare of Nevada,Medicare Advantage,Molina Healthcare,molina-healthcare-of-nevada,,Source: CMS list provided; payer IDs vary by clearinghouse/plan.
"Molina Healthcare of Nevada, Inc.",Commercial,Molina Healthcare,molina-healthcare-of-nevada-inc,,Source: CMS list provided; payer IDs vary by clearinghouse/plan.
"Molina Healthcare of New Mexico, Inc.",Commercial,Molina Healthcare,molina-healthcare-of-new-mexico-inc,,Source: CMS list provided; payer IDs vary by clearinghouse/plan.
Molina Healthcare of Ohio,Medicare Advantage,Molina Healthcare,molina-healthcare-of-ohio,,Source: CMS list provided; payer IDs vary by clearinghouse/plan.
"Molina Healthcare of Ohio, Inc.",Commercial,Molina Healthcare,molina-healthcare-of-ohio-inc,,Source: CMS list provided; payer IDs vary by clearinghouse/plan.
Molina Healthcare of South Carolina,Medicare Advantage,Molina Healthcare,molina-healthcare-of-south-carolina,,Source: CMS list provided; payer IDs vary by clearinghouse/plan.
Molina Healthcare of Texas,Medicare Advantage,Molina Healthcare,molina-healthcare-of-texas,,Source: CMS list provided; payer IDs vary by clearinghouse/plan.
"Molina Healthcare of Texas, Inc.",Commercial,Molina Healthcare,molina-healthcare-of-texas-inc,,Source: CMS list provided; payer IDs vary by clearinghouse/plan.
"Molina Healthcare of Texas, Inc.",Medicare Advantage,Molina Healthcare,molina-healthcare-of-texas-inc,,Source: CMS list provided; payer IDs vary by clearinghouse/plan.
Molina Healthcare of Utah,Commercial,Molina Healthcare,molina-healthcare-of-utah,,Source: CMS list provided; payer IDs vary by clearinghouse/plan.
Molina Healthcare of Utah & Idaho,Medicare Advantage,Molina Healthcare,molina-healthcare-of-utah-and-idaho,,Source: CMS list provided; payer IDs vary by clearinghouse/plan.
"Molina Healthcare of Washington, Inc.",Commercial,Molina Healthcare,molina-healthcare-of-washington-inc,,Source: CMS list provided; payer IDs vary by clearinghouse/plan.
"Molina Healthcare of Washington, Inc.",Medicare Advantage,Molina Healthcare,molina-healthcare-of-washington-inc,,Source: CMS list provided; payer IDs vary by clearinghouse/plan.
"Molina Healthcare of Wisconsin, Inc.",Commercial,Molina Healthcare,molina-healthcare-of-wisconsin-inc,,Source: CMS list provided; payer IDs vary by clearinghouse/plan.
"Momentum Insurance Plans, Inc",Commercial,,momentum-insurance-plans-inc,,Source: CMS list provided; payer IDs vary by clearinghouse/plan.
Montana Health Cooperative,Commercial,,montana-health-cooperative,,Source: CMS list provided; payer IDs vary by clearinghouse/plan.
Montefiore Insurance Company Inc.,Commercial,,montefiore-insurance-company-inc,,Source: CMS list provided; payer IDs vary by clearinghouse/plan.
Moore & Van Allen PLLC,Commercial,,moore-and-van-allen-pllc,,Source: CMS list provided; payer IDs vary by clearinghouse/plan.
Moreton & Company,Commercial,,moreton-and-company,,Source: CMS list provided; payer IDs vary by clearinghouse/plan.
"Morganite Industries, Inc.",Commercial,,morganite-industries-inc,,Source: CMS list provided; payer IDs vary by clearinghouse/plan.
MotivHealth Insurance Company,Commercial,,motivhealth-insurance-company,,Source: CMS list provided; payer IDs vary by clearinghouse/plan.
Mount Auburn Professional Services,Commercial,,mount-auburn-professional-services,,Source: CMS list provided; payer IDs vary by clearinghouse/plan.
Mount Sinai Eldercare,Medicare Advantage,,mount-sinai-eldercare,,Source: CMS list provided; payer IDs vary by clearinghouse/plan.
Mountain Empire PACE,Medicare Advantage,,mountain-empire-pace,,Source: CMS list provided; payer IDs vary by clearinghouse/plan.
Mountain View PACE,Medicare Advantage,,mountain-view-pace,,Source: CMS list provided; payer IDs vary by clearinghouse/plan.
Mountaire Corporation,Commercial,,mountaire-corporation,,Source: CMS list provided; payer IDs vary by clearinghouse/plan.
Mutual of Omaha Insurance Company,Commercial,,mutual-of-omaha-insurance-company,,Source: CMS list provided; payer IDs vary by clearinghouse/plan.
My Choice Wisconsin,Medicare Advantage,,my-choice-wisconsin,,Source: CMS list provided; payer IDs vary by clearinghouse/plan.
MyTruAdvantage,Medicare Advantage,,mytruadvantage,,Source: CMS list provided; payer IDs vary by clearinghouse/plan.
"Myers Industries, Inc.",Commercial,,myers-industries-inc,,Source: CMS list provided; payer IDs vary by clearinghouse/plan.
ND Banks Benefit Trust,Commercial,,nd-banks-benefit-trust,,Source: CMS list provided; payer IDs vary by clearinghouse/plan.
NEIGHBORHOOD HEALTH PLAN OF RHODE ISLAND,Medicare Advantage,,neighborhood-health-plan-of-rhode-island,,Source: CMS list provided; payer IDs vary by clearinghouse/plan.
NHC Advantage,Medicare Advantage,,nhc-advantage,,Source: CMS list provided; payer IDs vary by clearinghouse/plan.
NHP of Indiana LLC,Commercial,,nhp-of-indiana-llc,,Source: CMS list provided; payer IDs vary by clearinghouse/plan.
NORTH BAY FORD,Commercial,,north-bay-ford,,Source: CMS list provided; payer IDs vary by clearinghouse/plan.
NY Hotel Trades Council and Hotel Assn. of NYC,Medicare Advantage,,ny-hotel-trades-council-and-hotel-assn-of-nyc,,Source: CMS list provided; payer IDs vary by clearinghouse/plan.
Nascentia Health Plus,Medicare Advantage,,nascentia-health-plus,,Source: CMS list provided; payer IDs vary by clearinghouse/plan.
"National Coatings & Supplies, Inc.",Commercial,,national-coatings-and-supplies-inc,,Source: CMS list provided; payer IDs vary by clearinghouse/plan.
National Education Association,Commercial,,national-education-association,,Source: CMS list provided; payer IDs vary by clearinghouse/plan.
National Foundation Life Insurance,Commercial,,national-foundation-life-insurance,,Source: CMS list provided; payer IDs vary by clearinghouse/plan.
National Foundation Life Insurance,Commercial,,national-foundation-life-insurance,,Source: CMS list provided; payer IDs vary by clearinghouse/plan.
National Foundation Life Insurance Company,Commercial,,national-foundation-life-insurance-company,,Source: CMS list provided; payer IDs vary by clearinghouse/plan.
National Guardian Life Insurance Company,Commercial,,national-guardian-life-insurance-company,,Source: CMS list provided; payer IDs vary by clearinghouse/plan.
National Health Insurance Company,Commercial,,national-health-insurance-company,,Source: CMS list provided; payer IDs vary by clearinghouse/plan.
"National Rifle Association of America, Inc.",Commercial,,national-rifle-association-of-america-inc,,Source: CMS list provided; payer IDs vary by clearinghouse/plan.
National Union Fire Insurance Company of Pittsburg,Commercial,,national-union-fire-insurance-company-of-pittsburg,,Source: CMS list provided; payer IDs vary by clearinghouse/plan.
"National Union Fire Insurance Company of Pittsburgh, Pa.",Commercial,,national-union-fire-insurance-company-of-pittsburgh-pa,,Source: CMS list provided; payer IDs vary by clearinghouse/plan.
Nationwide Life Insurance Company,Commercial,,nationwide-life-insurance-company,,Source: CMS list provided; payer IDs vary by clearinghouse/plan.
Nationwide Mutual Insurance Company,Commercial,,nationwide-mutual-insurance-company,,Source: CMS list provided; payer IDs vary by clearinghouse/plan.
Navitus MedicareRx,Medicare Advantage,Medicare,navitus-medicarerx,,Source: CMS list provided; payer IDs vary by clearinghouse/plan.
"Nebraska Total Care, Inc.",Commercial,,nebraska-total-care-inc,,Source: CMS list provided; payer IDs vary by clearinghouse/plan.
"Neighborhood Health Partnership, Inc.",Commercial,,neighborhood-health-partnership-inc,,Source: CMS list provided; payer IDs vary by clearinghouse/plan.
Neighborhood Health Plan of Rhode Island,Commercial,,neighborhood-health-plan-of-rhode-island,,Source: CMS list provided; payer IDs vary by clearinghouse/plan.
Neighborhood Healthcare PACE,Medicare Advantage,,neighborhood-healthcare-pace,,Source: CMS list provided; payer IDs vary by clearinghouse/plan.
Neighborhood PACE,Medicare Advantage,,neighborhood-pace,,Source: CMS list provided; payer IDs vary by clearinghouse/plan.
NetCare Life and Health Insurance Company,Commercial,,netcare-life-and-health-insurance-company,,Source: CMS list provided; payer IDs vary by clearinghouse/plan.
Network Health Insurance Corporation,Commercial,,network-health-insurance-corporation,,Source: CMS list provided; payer IDs vary by clearinghouse/plan.
Network Health Medicare Advantage Plans,Medicare Advantage,,network-health-medicare-advantage-plans,,Source: CMS list provided; payer IDs vary by clearinghouse/plan.
Network Health Plan,Commercial,,network-health-plan,,Source: CMS list provided; payer IDs vary by clearinghouse/plan.
"Nevada Dental Benefits, Ltd.",Commercial,,nevada-dental-benefits-ltd,,Source: CMS list provided; payer IDs vary by clearinghouse/plan.
Nevada Health CO-OP,Commercial,,nevada-health-co-op,,Source: CMS list provided; payer IDs vary by clearinghouse/plan.
New Era Life Insurance Co of Midwest,Commercial,,new-era-life-insurance-co-of-midwest,,Source: CMS list provided; payer IDs vary by clearinghouse/plan.
New Era Life Insurance Company,Commercial,,new-era-life-insurance-company,,Source: CMS list provided; payer IDs vary by clearinghouse/plan.
New Era Life Insurance Company of the MidWest,Commercial,,new-era-life-insurance-company-of-the-midwest,,Source: CMS list provided; payer IDs vary by clearinghouse/plan.
New Era Life Insurnace Company,Commercial,,new-era-life-insurnace-company,,Source: CMS list provided; payer IDs vary by clearinghouse/plan.
New Hampshire School Health Care Coalition,Commercial,,new-hampshire-school-health-care-coalition,,Source: CMS list provided; payer IDs vary by clearinghouse/plan.
New Health Ventures Inc,Commercial,,new-health-ventures-inc,,Source: CMS list provided; payer IDs vary by clearinghouse/plan.
New Mexico Health Connections,Commercial,,new-mexico-health-connections,,Source: CMS list provided; payer IDs vary by clearinghouse/plan.
New West Health Services,Commercial,,new-west-health-services,,Source: CMS list provided; payer IDs vary by clearinghouse/plan.
New York Life Insurance Co.,Commercial,,new-york-life-insurance-co,,Source: CMS list provided; payer IDs vary by clearinghouse/plan.
New York Life Insurance Company,Commercial,,new-york-life-insurance-company,,Source: CMS list provided; payer IDs vary by clearinghouse/plan.
New York Quality Healthcare Corporation,Commercial,,new-york-quality-healthcare-corporation,,Source: CMS list provided; payer IDs vary by clearinghouse/plan.
NewBridge Bank,Commercial,,newbridge-bank,,Source: CMS list provided; payer IDs vary by clearinghouse/plan.
"NexDent Dental Plans, Inc.",Commercial,,nexdent-dental-plans-inc,,Source: CMS list provided; payer IDs vary by clearinghouse/plan.
NextBlue of North Dakota,Medicare Advantage,,nextblue-of-north-dakota,,Source: CMS list provided; payer IDs vary by clearinghouse/plan.
Niagara Life and Health Insurance Company,Commercial,,niagara-life-and-health-insurance-company,,Source: CMS list provided; payer IDs vary by clearinghouse/plan.
Nippon Life Insurance Company of America,Commercial,,nippon-life-insurance-company-of-america,,Source: CMS list provided; payer IDs vary by clearinghouse/plan.
"North America Administrators, LP",Commercial,,north-america-administrators-lp,,Source: CMS list provided; payer IDs vary by clearinghouse/plan.
North American Insurance Co.,Commercial,,north-american-insurance-co,,Source: CMS list provided; payer IDs vary by clearinghouse/plan.
North Carolina Dental Society Healthcare Plan,Commercial,,north-carolina-dental-society-healthcare-plan,,Source: CMS list provided; payer IDs vary by clearinghouse/plan.
North East Medical Services - Program of All-Inclusive Care for the Elderly (PACE),Medicare Advantage,,north-east-medical-services-program-of-all-inclusive-care-for-the-elderly-pace,,Source: CMS list provided; payer IDs vary by clearinghouse/plan.
North Jersey Municipal Employee Benefit Fund,Commercial,,north-jersey-municipal-employee-benefit-fund,,Source: CMS list provided; payer IDs vary by clearinghouse/plan.
North Shore-LIJ Insurance Company Inc,Commercial,,north-shore-lij-insurance-company-inc,,Source: CMS list provided; payer IDs vary by clearinghouse/plan.
Northland PACE Senior Care Services,Medicare Advantage,,northland-pace-senior-care-services,,Source: CMS list provided; payer IDs vary by clearinghouse/plan.
Northwest Orthopaedic Specialists,Commercial,,northwest-orthopaedic-specialists,,Source: CMS list provided; payer IDs vary by clearinghouse/plan.
Nova Pathfinder Healthcare Limited,Commercial,,nova-pathfinder-healthcare-limited,,Source: CMS list provided; payer IDs vary by clearinghouse/plan.
"Novitex Enterprise Solutions, Inc",Commercial,,novitex-enterprise-solutions-inc,,Source: CMS list provided; payer IDs vary by clearinghouse/plan.
Nrinsurance Inc,Commercial,,nrinsurance-inc,,Source: CMS list provided; payer IDs vary by clearinghouse/plan.
O'Hara Corporation,Commercial,,o-hara-corporation,,Source: CMS list provided; payer IDs vary by clearinghouse/plan.
OACT TESTING,Commercial,,oact-testing,,Source: CMS list provided; payer IDs vary by clearinghouse/plan.
OHIOHEALTHY HEALTH INSURING CORPORATION,Commercial,,ohiohealthy-health-insuring-corporation,,Source: CMS list provided; payer IDs vary by clearinghouse/plan.
OHIOHEALTHY INSURANCE COMPANY,Commercial,,ohiohealthy-insurance-company,,Source: CMS list provided; payer IDs vary by clearinghouse/plan.
ONB Bank and Trust,Commercial,,onb-bank-and-trust,,Source: CMS list provided; payer IDs vary by clearinghouse/plan.
"ONECare by Care1st Health Plan Arizona, Inc.",Commercial,,onecare-by-care1st-health-plan-arizona-inc,,Source: CMS list provided; payer IDs vary by clearinghouse/plan.
OSF Healthcare PACE,Medicare Advantage,,osf-healthcare-pace,,Source: CMS list provided; payer IDs vary by clearinghouse/plan.
Ochsner Health Plan,Medicare Advantage,,ochsner-health-plan,,Source: CMS list provided; payer IDs vary by clearinghouse/plan.
"Ochsner Health Plan, Inc.",Commercial,,ochsner-health-plan-inc,,Source: CMS list provided; payer IDs vary by clearinghouse/plan.
Offshore Group,Commercial,,offshore-group,,Source: CMS list provided; payer IDs vary by clearinghouse/plan.
On Lok PACE,Medicare Advantage,,on-lok-pace,,Source: CMS list provided; payer IDs vary by clearinghouse/plan.
Optima Medicare,Medicare Advantage,Medicare,optima-medicare,,Source: CMS list provided; payer IDs vary by clearinghouse/plan.
Optimum Choice Inc.,Commercial,,optimum-choice-inc,,Source: CMS list provided; payer IDs vary by clearinghouse/plan.
"Optimum Choice, Inc.",Commercial,,optimum-choice-inc,,Source: CMS list provided; payer IDs vary by clearinghouse/plan.
"Optimum HealthCare, Inc.",Medicare Advantage,,optimum-healthcare-inc,,Source: CMS list provided; payer IDs vary by clearinghouse/plan.
"Optum Insurance of Ohio, Inc.",Medicare Advantage,UnitedHealthcare,optum-insurance-of-ohio-inc,,Source: CMS list provided; payer IDs vary by clearinghouse/plan.
OptumRx Inc,Commercial,UnitedHealthcare,optumrx-inc,,Source: CMS list provided; payer IDs vary by clearinghouse/plan.
Orangeburg Senior Helping Center: A PACE Healthcare Program,Medicare Advantage,,orangeburg-senior-helping-center-a-pace-healthcare-program,,Source: CMS list provided; payer IDs vary by clearinghouse/plan.
Orchard Brands Corporation,Commercial,,orchard-brands-corporation,,Source: CMS list provided; payer IDs vary by clearinghouse/plan.
Oregon Dental Service,Commercial,,oregon-dental-service,,Source: CMS list provided; payer IDs vary by clearinghouse/plan.
"Oregon Dental Service, DBA Delta Dental Plan of Oregon",Commercial,,oregon-dental-service-dba-delta-dental-plan-of-oregon,,Source: CMS list provided; payer IDs vary by clearinghouse/plan.
Oregon's Health CO-OP,Commercial,,oregon-s-health-co-op,,Source: CMS list provided; payer IDs vary by clearinghouse/plan.
OrthoPediatrics Corp,Commercial,,orthopediatrics-corp,,Source: CMS list provided; payer IDs vary by clearinghouse/plan.
Orthopaedic & Spine Center of the Rockies,Commercial,,orthopaedic-and-spine-center-of-the-rockies,,Source: CMS list provided; payer IDs vary by clearinghouse/plan.
Oscar Buckeye State Insurance Corp.,Commercial,Oscar Health,oscar-buckeye-state-insurance-corp,,Source: CMS list provided; payer IDs vary by clearinghouse/plan.
Oscar Garden State Insurance Corporation,Commercial,Oscar Health,oscar-garden-state-insurance-corporation,,Source: CMS list provided; payer IDs vary by clearinghouse/plan.
Oscar Health Maintenance Organization of Florida,Commercial,Oscar Health,oscar-health-maintenance-organization-of-florida,,Source: CMS list provided; payer IDs vary by clearinghouse/plan.
Oscar Health Plan of California,Commercial,Oscar Health,oscar-health-plan-of-california,,Source: CMS list provided; payer IDs vary by clearinghouse/plan.
Oscar Health Plan of Georgia,Commercial,Oscar Health,oscar-health-plan-of-georgia,,Source: CMS list provided; payer IDs vary by clearinghouse/plan.
"Oscar Health Plan of North Carolina, Inc",Commercial,Oscar Health,oscar-health-plan-of-north-carolina-inc,,Source: CMS list provided; payer IDs vary by clearinghouse/plan.
"Oscar Health Plan of Pennsylvania, Inc.",Commercial,Oscar Health,oscar-health-plan-of-pennsylvania-inc,,Source: CMS list provided; payer IDs vary by clearinghouse/plan.
Oscar Health Plan of South Carolina,Commercial,Oscar Health,oscar-health-plan-of-south-carolina,,Source: CMS list provided; payer IDs vary by clearinghouse/plan.
"Oscar Health Plan, Inc.",Commercial,Oscar Health,oscar-health-plan-inc,,Source: CMS list provided; payer IDs vary by clearinghouse/plan.
Oscar Insurance Company,Commercial,Oscar Health,oscar-insurance-company,,Source: CMS list provided; payer IDs vary by clearinghouse/plan.
Oscar Insurance Company of Florida,Commercial,Oscar Health,oscar-insurance-company-of-florida,,Source: CMS list provided; payer IDs vary by clearinghouse/plan.
Oscar Insurance Company of Illinois,Commercial,Oscar Health,oscar-insurance-company-of-illinois,,Source: CMS list provided; payer IDs vary by clearinghouse/plan.
Oscar Insurance Company of Texas,Commercial,Oscar Health,oscar-insurance-company-of-texas,,Source: CMS list provided; payer IDs vary by clearinghouse/plan.
Oscar Insurance Corporation,Commercial,Oscar Health,oscar-insurance-corporation,,Source: CMS list provided; payer IDs vary by clearinghouse/plan.
Oscar Insurance Corporation of New Jersey,Commercial,Oscar Health,oscar-insurance-corporation-of-new-jersey,,Source: CMS list provided; payer IDs vary by clearinghouse/plan.
Oscar Insurance Corporation of Ohio,Commercial,Oscar Health,oscar-insurance-corporation-of-ohio,,Source: CMS list provided; payer IDs vary by clearinghouse/plan.
"Oxford Health Insurance, Inc.",Commercial,UnitedHealthcare,oxford-health-insurance-inc,,Source: CMS list provided; payer IDs vary by clearinghouse/plan.
"Oxford Health Plans (CT), Inc",Commercial,UnitedHealthcare,oxford-health-plans-ct-inc,,Source: CMS list provided; payer IDs vary by clearinghouse/plan.
"Oxford Health Plans (CT), Inc.",Commercial,UnitedHealthcare,oxford-health-plans-ct-inc,,Source: CMS list provided; payer IDs vary by clearinghouse/plan.
"Oxford Health Plans (NJ), Inc",Commercial,UnitedHealthcare,oxford-health-plans-nj-inc,,Source: CMS list provided; payer IDs vary by clearinghouse/plan.
"Oxford Health Plans (NJ), Inc.",Commercial,UnitedHealthcare,oxford-health-plans-nj-inc,,Source: CMS list provided; payer IDs vary by clearinghouse/plan.
"Oxford Health Plans (NY), Inc.",Commercial,UnitedHealthcare,oxford-health-plans-ny-inc,,Source: CMS list provided; payer IDs vary by clearinghouse/plan.
Ozark Mountain Bank,Commercial,,ozark-mountain-bank,,Source: CMS list provided; payer IDs vary by clearinghouse/plan.
PACE Baton Rouge,Medicare Advantage,,pace-baton-rouge,,Source: CMS list provided; payer IDs vary by clearinghouse/plan.
PACE Central Michigan,Medicare Advantage,,pace-central-michigan,,Source: CMS list provided; payer IDs vary by clearinghouse/plan.
PACE KC,Medicare Advantage,,pace-kc,,Source: CMS list provided; payer IDs vary by clearinghouse/plan.
PACE North,Medicare Advantage,,pace-north,,Source: CMS list provided; payer IDs vary by clearinghouse/plan.
PACE OF THE TRIAD,Medicare Advantage,,pace-of-the-triad,,Source: CMS list provided; payer IDs vary by clearinghouse/plan.
PACE Organization Of Rhode Island,Medicare Advantage,,pace-organization-of-rhode-island,,Source: CMS list provided; payer IDs vary by clearinghouse/plan.
PACE Partners of Northeast Florida,Medicare Advantage,,pace-partners-of-northeast-florida,,Source: CMS list provided; payer IDs vary by clearinghouse/plan.
PACE Southeast Michigan,Medicare Advantage,,pace-southeast-michigan,,Source: CMS list provided; payer IDs vary by clearinghouse/plan.
PACE Your LIFE,Medicare Advantage,,pace-your-life,,Source: CMS list provided; payer IDs vary by clearinghouse/plan.
PACE at Hudson Headwaters Inc,Commercial,,pace-at-hudson-headwaters-inc,,Source: CMS list provided; payer IDs vary by clearinghouse/plan.
"PACE at Hudson Headwaters, Inc.",Medicare Advantage,,pace-at-hudson-headwaters-inc,,Source: CMS list provided; payer IDs vary by clearinghouse/plan.
PACE of Cincinnati,Medicare Advantage,,pace-of-cincinnati,,Source: CMS list provided; payer IDs vary by clearinghouse/plan.
"PACE of Northeast Indiana, LLC",Medicare Advantage,,pace-of-northeast-indiana-llc,,Source: CMS list provided; payer IDs vary by clearinghouse/plan.
PACE of Southwest Michigan,Medicare Advantage,,pace-of-southwest-michigan,,Source: CMS list provided; payer IDs vary by clearinghouse/plan.
PACE of West Baltimore,Medicare Advantage,,pace-of-west-baltimore,,Source: CMS list provided; payer IDs vary by clearinghouse/plan.
PACE of the Ozarks,Medicare Advantage,,pace-of-the-ozarks,,Source: CMS list provided; payer IDs vary by clearinghouse/plan.
PACE of the Southern Piedmont,Medicare Advantage,,pace-of-the-southern-piedmont,,Source: CMS list provided; payer IDs vary by clearinghouse/plan.
PACE4DC LLC,Medicare Advantage,,pace4dc-llc,,Source: CMS list provided; payer IDs vary by clearinghouse/plan.
PMC Medicare Choice LLC.,Commercial,Medicare,pmc-medicare-choice-llc,,Source: CMS list provided; payer IDs vary by clearinghouse/plan.
"PREMERA BLUE CROSS HMO, PREVIOUSLY SIMPLEHX",Commercial,Blue Cross Blue Shield,premera-blue-cross-hmo-previously-simplehx,,Source: CMS list provided; payer IDs vary by clearinghouse/plan.
Pace Greater New Orleans,Medicare Advantage,,pace-greater-new-orleans,,Source: CMS list provided; payer IDs vary by clearinghouse/plan.
Pace Industries,Commercial,,pace-industries,,Source: CMS list provided; payer IDs vary by clearinghouse/plan.
PacifiCare Life Assurance Company,Commercial,,pacificare-life-assurance-company,,Source: CMS list provided; payer IDs vary by clearinghouse/plan.
PacifiCare Life and Health Insurance Co,Commercial,,pacificare-life-and-health-insurance-co,,Source: CMS list provided; payer IDs vary by clearinghouse/plan.
"PacifiCare of Arizona, Inc.",Commercial,,pacificare-of-arizona-inc,,Source: CMS list provided; payer IDs vary by clearinghouse/plan.
"PacifiCare of Colorado, Inc.",Commercial,,pacificare-of-colorado-inc,,Source: CMS list provided; payer IDs vary by clearinghouse/plan.
"PacifiCare of Nevada, Inc.",Commercial,,pacificare-of-nevada-inc,,Source: CMS list provided; payer IDs vary by clearinghouse/plan.
Pacific Northwest PACE Partners,Medicare Advantage,,pacific-northwest-pace-partners,,Source: CMS list provided; payer IDs vary by clearinghouse/plan.
Pacific Union College,Commercial,,pacific-union-college,,Source: CMS list provided; payer IDs vary by clearinghouse/plan.
PacificSource Community Health Plans,Commercial,PacificSource,pacificsource-community-health-plans,,Source: CMS list provided; payer IDs vary by clearinghouse/plan.
PacificSource Health Plans,Commercial,PacificSource,pacificsource-health-plans,,Source: CMS list provided; payer IDs vary by clearinghouse/plan.
PacificSource Health Plans HMO,Commercial,PacificSource,pacificsource-health-plans-hmo,,Source: CMS list provided; payer IDs vary by clearinghouse/plan.
PacificSource Medicare,Medicare Advantage,PacificSource,pacificsource-medicare,,Source: CMS list provided; payer IDs vary by clearinghouse/plan.
Palm Beach PACE,Medicare Advantage,,palm-beach-pace,,Source: CMS list provided; payer IDs vary by clearinghouse/plan.
Palmetto Project,Commercial,,palmetto-project,,Source: CMS list provided; payer IDs vary by clearinghouse/plan.
Pan-American Life Insurance Company,Commercial,,pan-american-life-insurance-company,,Source: CMS list provided; payer IDs vary by clearinghouse/plan.
Pan-American Life Insurance Company of Puerto Rico,Commercial,,pan-american-life-insurance-company-of-puerto-rico,,Source: CMS list provided; payer IDs vary by clearinghouse/plan.
Panorama PACE,Medicare Advantage,,panorama-pace,,Source: CMS list provided; payer IDs vary by clearinghouse/plan.
Paramount Advantage,Commercial,,paramount-advantage,,Source: CMS list provided; payer IDs vary by clearinghouse/plan.
Paramount Care of Michigan,Commercial,,paramount-care-of-michigan,,Source: CMS list provided; payer IDs vary by clearinghouse/plan.
"Paramount Care, Inc.",Commercial,,paramount-care-inc,,Source: CMS list provided; payer IDs vary by clearinghouse/plan.
Paramount Elite Medicare Plans,Medicare Advantage,Medicare,paramount-elite-medicare-plans,,Source: CMS list provided; payer IDs vary by clearinghouse/plan.
Paramount Insurance Company,Commercial,,paramount-insurance-company,,Source: CMS list provided; payer IDs vary by clearinghouse/plan.
Paramount Prescription Drug Plan,Medicare Advantage,,paramount-prescription-drug-plan,,Source: CMS list provided; payer IDs vary by clearinghouse/plan.
"Parkland Community Health Plan, Inc.",Commercial,,parkland-community-health-plan-inc,,Source: CMS list provided; payer IDs vary by clearinghouse/plan.
"Partners & Napier, Inc",Commercial,,partners-and-napier-inc,,Source: CMS list provided; payer IDs vary by clearinghouse/plan.
Partners Health Plan,Medicare Advantage,,partners-health-plan,,Source: CMS list provided; payer IDs vary by clearinghouse/plan.
Partners Human Resource Co,Commercial,,partners-human-resource-co,,Source: CMS list provided; payer IDs vary by clearinghouse/plan.
Partners Insurance Company Inc,Commercial,,partners-insurance-company-inc,,Source: CMS list provided; payer IDs vary by clearinghouse/plan.
Partners Insurance Company of New Jersey Inc,Commercial,,partners-insurance-company-of-new-jersey-inc,,Source: CMS list provided; payer IDs vary by clearinghouse/plan.
Passport Advantage,Medicare Advantage,,passport-advantage,,Source: CMS list provided; payer IDs vary by clearinghouse/plan.
Pathoras Corporation,Commercial,,pathoras-corporation,,Source: CMS list provided; payer IDs vary by clearinghouse/plan.
Patrius Health,Medicare Advantage,,patrius-health,,Source: CMS list provided; payer IDs vary by clearinghouse/plan.
Paxton Media Group LLC,Commercial,,paxton-media-group-llc,,Source: CMS list provided; payer IDs vary by clearinghouse/plan.
Peach State Health Plan,Commercial,,peach-state-health-plan,,Source: CMS list provided; payer IDs vary by clearinghouse/plan.
Peak Health,Medicare Advantage,,peak-health,,Source: CMS list provided; payer IDs vary by clearinghouse/plan.
Pekin Life Insurance Company,Commercial,,pekin-life-insurance-company,,Source: CMS list provided; payer IDs vary by clearinghouse/plan.
"Pennsylvania Health & Wellness, Inc.",Commercial,,pennsylvania-health-and-wellness-inc,,Source: CMS list provided; payer IDs vary by clearinghouse/plan.
Pennsylvania Public School Employees Retirement Sy,Medicare Advantage,,pennsylvania-public-school-employees-retirement-sy,,Source: CMS list provided; payer IDs vary by clearinghouse/plan.
Peoples Health,Medicare Advantage,,peoples-health,,Source: CMS list provided; payer IDs vary by clearinghouse/plan.
Perennial Advantage,Medicare Advantage,,perennial-advantage,,Source: CMS list provided; payer IDs vary by clearinghouse/plan.
"Perennial Advantage of Colorado, Inc.",Commercial,,perennial-advantage-of-colorado-inc,,Source: CMS list provided; payer IDs vary by clearinghouse/plan.
"Perennial Advantage of Ohio, Inc.",Commercial,,perennial-advantage-of-ohio-inc,,Source: CMS list provided; payer IDs vary by clearinghouse/plan.
Performance Inc.,Commercial,,performance-inc,,Source: CMS list provided; payer IDs vary by clearinghouse/plan.
Perico Life Insurance Company,Commercial,,perico-life-insurance-company,,Source: CMS list provided; payer IDs vary by clearinghouse/plan.
"Pharmaceutical Product Development, LLC",Commercial,,pharmaceutical-product-development-llc,,Source: CMS list provided; payer IDs vary by clearinghouse/plan.
Pharmaceutical Strategies Group LLC,Commercial,,pharmaceutical-strategies-group-llc,,Source: CMS list provided; payer IDs vary by clearinghouse/plan.
"Pharmaceutical Technologies, Inc.",Commercial,,pharmaceutical-technologies-inc,,Source: CMS list provided; payer IDs vary by clearinghouse/plan.
Pharmacy Benefit Dimensions PDP,Medicare Advantage,,pharmacy-benefit-dimensions-pdp,,Source: CMS list provided; payer IDs vary by clearinghouse/plan.
Philadelphia American Life Insurance Co,Commercial,,philadelphia-american-life-insurance-co,,Source: CMS list provided; payer IDs vary by clearinghouse/plan.
Philadelphia American Life Insurance Company,Commercial,,philadelphia-american-life-insurance-company,,Source: CMS list provided; payer IDs vary by clearinghouse/plan.
"Phoenix Health Plans, Inc.",Commercial,,phoenix-health-plans-inc,,Source: CMS list provided; payer IDs vary by clearinghouse/plan.
Physicians Benefits Trust Life Insurance Company,Commercial,,physicians-benefits-trust-life-insurance-company,,Source: CMS list provided; payer IDs vary by clearinghouse/plan.
"Physicians Health Plan of Northern Indiana, Inc.",Commercial,,physicians-health-plan-of-northern-indiana-inc,,Source: CMS list provided; payer IDs vary by clearinghouse/plan.
Physicians Mutual Insurance Company,Commercial,,physicians-mutual-insurance-company,,Source: CMS list provided; payer IDs vary by clearinghouse/plan.
Physicians' Benefits Trust Life Insurance,Commercial,,physicians-benefits-trust-life-insurance,,Source: CMS list provided; payer IDs vary by clearinghouse/plan.
"Piedmont Community HealthCare HMO, Inc.",Commercial,,piedmont-community-healthcare-hmo-inc,,Source: CMS list provided; payer IDs vary by clearinghouse/plan.
"Piedmont Community HealthCare, Inc.",Commercial,,piedmont-community-healthcare-inc,,Source: CMS list provided; payer IDs vary by clearinghouse/plan.
Piedmont Health SeniorCare,Medicare Advantage,,piedmont-health-seniorcare,,Source: CMS list provided; payer IDs vary by clearinghouse/plan.
"Piedmont WellStar HealthPlans, Inc.",Commercial,,piedmont-wellstar-healthplans-inc,,Source: CMS list provided; payer IDs vary by clearinghouse/plan.
"Pilkington North America, Inc.",Commercial,,pilkington-north-america-inc,,Source: CMS list provided; payer IDs vary by clearinghouse/plan.
"Pipe Fitters' Welfare Fund, Local 597",Commercial,,pipe-fitters-welfare-fund-local-597,,Source: CMS list provided; payer IDs vary by clearinghouse/plan.
Pittston Area School District,Commercial,,pittston-area-school-district,,Source: CMS list provided; payer IDs vary by clearinghouse/plan.
Plan Medico Servicios de Salud Bella Vista,Commercial,,plan-medico-servicios-de-salud-bella-vista,,Source: CMS list provided; payer IDs vary by clearinghouse/plan.
Porex Corporation,Commercial,,porex-corporation,,Source: CMS list provided; payer IDs vary by clearinghouse/plan.
Preferred Assurance Company,Commercial,,preferred-assurance-company,,Source: CMS list provided; payer IDs vary by clearinghouse/plan.
"Preferred Care Partners, Inc",Commercial,,preferred-care-partners-inc,,Source: CMS list provided; payer IDs vary by clearinghouse/plan.
"Preferred Health Plan, Inc.",Commercial,,preferred-health-plan-inc,,Source: CMS list provided; payer IDs vary by clearinghouse/plan.
"Preferred Medical Plan, Inc.",Commercial,,preferred-medical-plan-inc,,Source: CMS list provided; payer IDs vary by clearinghouse/plan.
PreferredOne Community Health Plan,Commercial,,preferredone-community-health-plan,,Source: CMS list provided; payer IDs vary by clearinghouse/plan.
PreferredOne Insurance Company,Commercial,,preferredone-insurance-company,,Source: CMS list provided; payer IDs vary by clearinghouse/plan.
Premera Blue Cross,Commercial,Blue Cross Blue Shield,premera-blue-cross,,Source: CMS list provided; payer IDs vary by clearinghouse/plan.
Premera Blue Cross Blue Shield of Alaska,Commercial,Blue Cross Blue Shield,premera-blue-cross-blue-shield-of-alaska,,Source: CMS list provided; payer IDs vary by clearinghouse/plan.
Premier Access Insurance Company,Commercial,,premier-access-insurance-company,,Source: CMS list provided; payer IDs vary by clearinghouse/plan.
"Premier Health Plan, Inc.",Commercial,,premier-health-plan-inc,,Source: CMS list provided; payer IDs vary by clearinghouse/plan.
Presbyterian Health Plan,Medicare Advantage,,presbyterian-health-plan,,Source: CMS list provided; payer IDs vary by clearinghouse/plan.
"Presbyterian Health Plan, Inc.",Commercial,,presbyterian-health-plan-inc,,Source: CMS list provided; payer IDs vary by clearinghouse/plan.
"Presbyterian Insurance Company, Inc.",Commercial,,presbyterian-insurance-company-inc,,Source: CMS list provided; payer IDs vary by clearinghouse/plan.
PrimeTime Health Plan,Medicare Advantage,,primetime-health-plan,,Source: CMS list provided; payer IDs vary by clearinghouse/plan.
PrimeWest Health,Medicare Advantage,,primewest-health,,Source: CMS list provided; payer IDs vary by clearinghouse/plan.
Primewell Health Services,Medicare Advantage,,primewell-health-services,,Source: CMS list provided; payer IDs vary by clearinghouse/plan.
"Primewell Health Services of Mississippi, Inc.",Commercial,,primewell-health-services-of-mississippi-inc,,Source: CMS list provided; payer IDs vary by clearinghouse/plan.
Principal Life Insurance Company,Commercial,,principal-life-insurance-company,,Source: CMS list provided; payer IDs vary by clearinghouse/plan.
Priority Health,Commercial,Priority Health,priority-health,,Source: CMS list provided; payer IDs vary by clearinghouse/plan.
Priority Health Insurance Company (PHIC),Commercial,Priority Health,priority-health-insurance-company-phic,,Source: CMS list provided; payer IDs vary by clearinghouse/plan.
"Priority Health Insurance Company, Inc",Commercial,Priority Health,priority-health-insurance-company-inc,,Source: CMS list provided; payer IDs vary by clearinghouse/plan.
Priority Health Medicare,Medicare Advantage,Priority Health,priority-health-medicare,,Source: CMS list provided; payer IDs vary by clearinghouse/plan.
Priority Partners Managed Care Organization,Commercial,Priority Partners,priority-partners-managed-care-organization,,Source: CMS list provided; payer IDs vary by clearinghouse/plan.
Prisma Health SeniorCare PACE-Midlands,Medicare Advantage,,prisma-health-seniorcare-pace-midlands,,Source: CMS list provided; payer IDs vary by clearinghouse/plan.
Prisma Health SeniorCare PACE-Upstate,Medicare Advantage,,prisma-health-seniorcare-pace-upstate,,Source: CMS list provided; payer IDs vary by clearinghouse/plan.
ProCare Advantage,Medicare Advantage,,procare-advantage,,Source: CMS list provided; payer IDs vary by clearinghouse/plan.
Prominence Health Plan,Medicare Advantage,,prominence-health-plan,,Source: CMS list provided; payer IDs vary by clearinghouse/plan.
Prominence HealthFirst,Commercial,Healthfirst,prominence-healthfirst,,Source: CMS list provided; payer IDs vary by clearinghouse/plan.
"Prominence HealthFirst of Texas, Inc.",Commercial,Healthfirst,prominence-healthfirst-of-texas-inc,,Source: CMS list provided; payer IDs vary by clearinghouse/plan.
"Prominence Preferred Health Insurance Company, Inc.",Commercial,,prominence-preferred-health-insurance-company-inc,,Source: CMS list provided; payer IDs vary by clearinghouse/plan.
Protective Life Corporation,Commercial,,protective-life-corporation,,Source: CMS list provided; payer IDs vary by clearinghouse/plan.
Protective Life Insurance Company,Commercial,,protective-life-insurance-company,,Source: CMS list provided; payer IDs vary by clearinghouse/plan.
Providence ElderPlace,Medicare Advantage,,providence-elderplace,,Source: CMS list provided; payer IDs vary by clearinghouse/plan.
Providence ElderPlace Portland,Medicare Advantage,,providence-elderplace-portland,,Source: CMS list provided; payer IDs vary by clearinghouse/plan.
Providence Health Plan,Commercial,,providence-health-plan,,Source: CMS list provided; payer IDs vary by clearinghouse/plan.
Providence Medicare Advantage Plans,Medicare Advantage,,providence-medicare-advantage-plans,,Source: CMS list provided; payer IDs vary by clearinghouse/plan.
Providence PACE,Medicare Advantage,,providence-pace,,Source: CMS list provided; payer IDs vary by clearinghouse/plan.
Provider Partners Health Plans,Medicare Advantage,,provider-partners-health-plans,,Source: CMS list provided; payer IDs vary by clearinghouse/plan.
Prudential Insurance Company of America,Commercial,,prudential-insurance-company-of-america,,Source: CMS list provided; payer IDs vary by clearinghouse/plan.
PruittHealth Premier,Medicare Advantage,,pruitthealth-premier,,Source: CMS list provided; payer IDs vary by clearinghouse/plan.
Public Health Trust of Miami-Dade County,Commercial,,public-health-trust-of-miami-dade-county,,Source: CMS list provided; payer IDs vary by clearinghouse/plan.
Public Service Enterprise Group Incorporated,Commercial,,public-service-enterprise-group-incorporated,,Source: CMS list provided; payer IDs vary by clearinghouse/plan.
Puritan Life Insurance Company of America,Commercial,,puritan-life-insurance-company-of-america,,Source: CMS list provided; payer IDs vary by clearinghouse/plan.
"QCA Health Plan, Inc.",Commercial,,qca-health-plan-inc,,Source: CMS list provided; payer IDs vary by clearinghouse/plan.
QCC Ins Company d/b/a AmeriHealth Ins Co,Commercial,AmeriHealth,qcc-ins-company-d-b-a-amerihealth-ins-co,,Source: CMS list provided; payer IDs vary by clearinghouse/plan.
QCC Insurance Company,Commercial,,qcc-insurance-company,,Source: CMS list provided; payer IDs vary by clearinghouse/plan.
Qnova Health Inc.,Commercial,,qnova-health-inc,,Source: CMS list provided; payer IDs vary by clearinghouse/plan.
"QualChoice Life & Health Insurance Company, Inc.",Commercial,,qualchoice-life-and-health-insurance-company-inc,,Source: CMS list provided; payer IDs vary by clearinghouse/plan.
"QualChoice Life and Health Insurance Company, Inc.",Commercial,,qualchoice-life-and-health-insurance-company-inc,,Source: CMS list provided; payer IDs vary by clearinghouse/plan.
Quartz Health Benefit Plans Corporation,Commercial,,quartz-health-benefit-plans-corporation,,Source: CMS list provided; payer IDs vary by clearinghouse/plan.
Quartz Health Insurance Corporation,Commercial,,quartz-health-insurance-corporation,,Source: CMS list provided; payer IDs vary by clearinghouse/plan.
Quartz Health Plan Corporation,Commercial,,quartz-health-plan-corporation,,Source: CMS list provided; payer IDs vary by clearinghouse/plan.
Quartz Health Plan MN Corporation,Commercial,,quartz-health-plan-mn-corporation,,Source: CMS list provided; payer IDs vary by clearinghouse/plan.
Quartz Medicare Advantage (HMO),Medicare Advantage,,quartz-medicare-advantage-hmo,,Source: CMS list provided; payer IDs vary by clearinghouse/plan.
RD Offutt Company,Commercial,,rd-offutt-company,,Source: CMS list provided; payer IDs vary by clearinghouse/plan.
RU-Insured,Commercial,,ru-insured,,Source: CMS list provided; payer IDs vary by clearinghouse/plan.
Rampart Aviation LLC,Commercial,,rampart-aviation-llc,,Source: CMS list provided; payer IDs vary by clearinghouse/plan.
Red Gate Software Inc,Commercial,,red-gate-software-inc,,Source: CMS list provided; payer IDs vary by clearinghouse/plan.
Redwood Coast PACE,Medicare Advantage,,redwood-coast-pace,,Source: CMS list provided; payer IDs vary by clearinghouse/plan.
Regal Life of America Insurance Company,Commercial,,regal-life-of-america-insurance-company,,Source: CMS list provided; payer IDs vary by clearinghouse/plan.
Regence Blue Shield of Idaho,Commercial,Blue Cross Blue Shield,regence-blue-shield-of-idaho,,Source: CMS list provided; payer IDs vary by clearinghouse/plan.
Regence BlueCross BlueShield Of Oregon,Commercial,Blue Cross Blue Shield,regence-bluecross-blueshield-of-oregon,,Source: CMS list provided; payer IDs vary by clearinghouse/plan.
Regence BlueCross BlueShield of Oregon,Medicare Advantage,Blue Cross Blue Shield,regence-bluecross-blueshield-of-oregon,,Source: CMS list provided; payer IDs vary by clearinghouse/plan.
Regence BlueCross BlueShield of Utah,Commercial,Blue Cross Blue Shield,regence-bluecross-blueshield-of-utah,,Source: CMS list provided; payer IDs vary by clearinghouse/plan.
Regence BlueCross BlueShield of Utah,Medicare Advantage,Blue Cross Blue Shield,regence-bluecross-blueshield-of-utah,,Source: CMS list provided; payer IDs vary by clearinghouse/plan.
Regence BlueShield,Medicare Advantage,Blue Cross Blue Shield,regence-blueshield,,Source: CMS list provided; payer IDs vary by clearinghouse/plan.
Regence BlueShield,Commercial,Blue Cross Blue Shield,regence-blueshield,,Source: CMS list provided; payer IDs vary by clearinghouse/plan.
Regence BlueShield of Idaho,Medicare Advantage,Blue Cross Blue Shield,regence-blueshield-of-idaho,,Source: CMS list provided; payer IDs vary by clearinghouse/plan.
Regence BlueShield of Idaho and Regence BC BS Utah,Medicare Advantage,Blue Cross Blue Shield,regence-blueshield-of-idaho-and-regence-bc-bs-utah,,Source: CMS list provided; payer IDs vary by clearinghouse/plan.
"Regence BlueShield of Idaho, Inc.",Commercial,Blue Cross Blue Shield,regence-blueshield-of-idaho-inc,,Source: CMS list provided; payer IDs vary by clearinghouse/plan.
Reid Health PACE Center,Medicare Advantage,,reid-health-pace-center,,Source: CMS list provided; payer IDs vary by clearinghouse/plan.
Reid Hospital & Health Care Services,Commercial,,reid-hospital-and-health-care-services,,Source: CMS list provided; payer IDs vary by clearinghouse/plan.
Reliance Standard Life Insurance Company,Commercial,,reliance-standard-life-insurance-company,,Source: CMS list provided; payer IDs vary by clearinghouse/plan.
"Remy International, Inc.",Commercial,,remy-international-inc,,Source: CMS list provided; payer IDs vary by clearinghouse/plan.
Renaissance Health Insurance Company of New York,Commercial,,renaissance-health-insurance-company-of-new-york,,Source: CMS list provided; payer IDs vary by clearinghouse/plan.
Renaissance Life & Health Insurance Company of America,Commercial,,renaissance-life-and-health-insurance-company-of-america,,Source: CMS list provided; payer IDs vary by clearinghouse/plan.
"Reser's Fine Foods, Inc.",Commercial,,reser-s-fine-foods-inc,,Source: CMS list provided; payer IDs vary by clearinghouse/plan.
Reserve Group Management Co,Commercial,,reserve-group-management-co,,Source: CMS list provided; payer IDs vary by clearinghouse/plan.
Reserve National Insurance Company,Commercial,,reserve-national-insurance-company,,Source: CMS list provided; payer IDs vary by clearinghouse/plan.
Retailers Insurance Company,Commercial,,retailers-insurance-company,,Source: CMS list provided; payer IDs vary by clearinghouse/plan.
Retired Firefighters Security Benefit Fund of the,Commercial,,retired-firefighters-security-benefit-fund-of-the,,Source: CMS list provided; payer IDs vary by clearinghouse/plan.
RiverBridge Health LLC,Commercial,,riverbridge-health-llc,,Source: CMS list provided; payer IDs vary by clearinghouse/plan.
RiverSpring Health Plans,Medicare Advantage,,riverspring-health-plans,,Source: CMS list provided; payer IDs vary by clearinghouse/plan.
Riverhead Building Supply,Commercial,,riverhead-building-supply,,Source: CMS list provided; payer IDs vary by clearinghouse/plan.
Rocky Mountain HMO,Commercial,,rocky-mountain-hmo,,Source: CMS list provided; payer IDs vary by clearinghouse/plan.
Rocky Mountain Health Care Options,Commercial,,rocky-mountain-health-care-options,,Source: CMS list provided; payer IDs vary by clearinghouse/plan.
"Rocky Mountain Health Maintenance Organization, Inc.",Commercial,,rocky-mountain-health-maintenance-organization-inc,,Source: CMS list provided; payer IDs vary by clearinghouse/plan.
Rocky Mountain HealthCare Options Inc.,Commercial,,rocky-mountain-healthcare-options-inc,,Source: CMS list provided; payer IDs vary by clearinghouse/plan.
"Rocky Mountain Hospital and Medical Service, Inc.",Commercial,,rocky-mountain-hospital-and-medical-service-inc,,Source: CMS list provided; payer IDs vary by clearinghouse/plan.
"Rocky Mountain Hospital and Medical Service, Inc., dba Anthem Blue Cross and Blue Shield",Commercial,Anthem Blue Cross Blue Shield,rocky-mountain-hospital-and-medical-service-inc-dba-anthem-blue-cross-and-blue-shield,,Source: CMS list provided; payer IDs vary by clearinghouse/plan.
Rocky Mountain PACE,Medicare Advantage,,rocky-mountain-pace,,Source: CMS list provided; payer IDs vary by clearinghouse/plan.
Roman Catholic Church of the Diocese of Houma-Thib,Commercial,,roman-catholic-church-of-the-diocese-of-houma-thib,,Source: CMS list provided; payer IDs vary by clearinghouse/plan.
"Romeo RIM, Inc.",Commercial,,romeo-rim-inc,,Source: CMS list provided; payer IDs vary by clearinghouse/plan.
"Roquette America, Inc.",Commercial,,roquette-america-inc,,Source: CMS list provided; payer IDs vary by clearinghouse/plan.
Rush Health Systems Inc,Commercial,,rush-health-systems-inc,,Source: CMS list provided; payer IDs vary by clearinghouse/plan.
"Ryder Health Plan, Inc.",Commercial,,ryder-health-plan-inc,,Source: CMS list provided; payer IDs vary by clearinghouse/plan.
"SAF-HOLLAND, Inc.",Commercial,,saf-holland-inc,,Source: CMS list provided; payer IDs vary by clearinghouse/plan.
SBD Test Organization,Commercial,,sbd-test-organization,,Source: CMS list provided; payer IDs vary by clearinghouse/plan.
SCAN Health Plan,Medicare Advantage,,scan-health-plan,,Source: CMS list provided; payer IDs vary by clearinghouse/plan.
SCANA Corporation,Commercial,,scana-corporation,,Source: CMS list provided; payer IDs vary by clearinghouse/plan.
SECUR Health Plan,Medicare Advantage,,secur-health-plan,,Source: CMS list provided; payer IDs vary by clearinghouse/plan.
SG Holdings I LLC,Commercial,,sg-holdings-i-llc,,Source: CMS list provided; payer IDs vary by clearinghouse/plan.
"SHA, LLC",Commercial,,sha-llc,,Source: CMS list provided; payer IDs vary by clearinghouse/plan.
"SHA, LLC DBA FirstCare Health Plans",Commercial,,sha-llc-dba-firstcare-health-plans,,Source: CMS list provided; payer IDs vary by clearinghouse/plan.
SLV Health Access dba CarePoint,Commercial,,slv-health-access-dba-carepoint,,Source: CMS list provided; payer IDs vary by clearinghouse/plan.
SSM Health Plan,Commercial,,ssm-health-plan,,Source: CMS list provided; payer IDs vary by clearinghouse/plan.
STALLINGS BROTHERS INC,Commercial,,stallings-brothers-inc,,Source: CMS list provided; payer IDs vary by clearinghouse/plan.
"SafeGuard Health Plans, Inc., a California Corporation",Commercial,,safeguard-health-plans-inc-a-california-corporation,,Source: CMS list provided; payer IDs vary by clearinghouse/plan.
"SafeGuard Health Plans, Inc., a Florida Corporation",Commercial,,safeguard-health-plans-inc-a-florida-corporation,,Source: CMS list provided; payer IDs vary by clearinghouse/plan.
"SafeGuard Health Plans, Inc., a Texas Corporation",Commercial,,safeguard-health-plans-inc-a-texas-corporation,,Source: CMS list provided; payer IDs vary by clearinghouse/plan.
Saint Alphonsus Health Plan,Medicare Advantage,,saint-alphonsus-health-plan,,Source: CMS list provided; payer IDs vary by clearinghouse/plan.
Saint Francis LIFE,Medicare Advantage,,saint-francis-life,,Source: CMS list provided; payer IDs vary by clearinghouse/plan.
Saint Joseph PACE,Medicare Advantage,,saint-joseph-pace,,Source: CMS list provided; payer IDs vary by clearinghouse/plan.
Samaritan Advantage Health Plans,Medicare Advantage,,samaritan-advantage-health-plans,,Source: CMS list provided; payer IDs vary by clearinghouse/plan.
"Samaritan Health Plans, Inc",Commercial,,samaritan-health-plans-inc,,Source: CMS list provided; payer IDs vary by clearinghouse/plan.
San Diego PACE,Medicare Advantage,,san-diego-pace,,Source: CMS list provided; payer IDs vary by clearinghouse/plan.
San Francisco Community Health Authority,Commercial,,san-francisco-community-health-authority,,Source: CMS list provided; payer IDs vary by clearinghouse/plan.
San Mateo Health Commission,Commercial,,san-mateo-health-commission,,Source: CMS list provided; payer IDs vary by clearinghouse/plan.
Sanford Health Plan,Commercial,,sanford-health-plan,,Source: CMS list provided; payer IDs vary by clearinghouse/plan.
Sanford Health Plan of Minnesota,Commercial,,sanford-health-plan-of-minnesota,,Source: CMS list provided; payer IDs vary by clearinghouse/plan.
Santa Barbara San Luis Obispo Regional Health Authority,Commercial,,santa-barbara-san-luis-obispo-regional-health-authority,,Source: CMS list provided; payer IDs vary by clearinghouse/plan.
Santa Clara County Health Authority,Commercial,,santa-clara-county-health-authority,,Source: CMS list provided; payer IDs vary by clearinghouse/plan.
Santa Clara Family Health Plan,Medicare Advantage,,santa-clara-family-health-plan,,Source: CMS list provided; payer IDs vary by clearinghouse/plan.
Santa Cruz-Monterey-Merced Managed Medical Care Commission,Commercial,,santa-cruz-monterey-merced-managed-medical-care-commission,,Source: CMS list provided; payer IDs vary by clearinghouse/plan.
Schoenecker's Inc.,Commercial,,schoenecker-s-inc,,Source: CMS list provided; payer IDs vary by clearinghouse/plan.
Schwartz Brothers Restaurants,Commercial,,schwartz-brothers-restaurants,,Source: CMS list provided; payer IDs vary by clearinghouse/plan.
Scott & White Care Plans,Commercial,,scott-and-white-care-plans,,Source: CMS list provided; payer IDs vary by clearinghouse/plan.
Scott and White Health Plan,Commercial,,scott-and-white-health-plan,,Source: CMS list provided; payer IDs vary by clearinghouse/plan.
"Scripps Health Plan Services, Inc.",Commercial,,scripps-health-plan-services-inc,,Source: CMS list provided; payer IDs vary by clearinghouse/plan.
Seaside Health Plan,Commercial,,seaside-health-plan,,Source: CMS list provided; payer IDs vary by clearinghouse/plan.
Securian Life Insurance Company,Commercial,,securian-life-insurance-company,,Source: CMS list provided; payer IDs vary by clearinghouse/plan.
Security Benefit Fund of the Uniformed Firefighter,Commercial,,security-benefit-fund-of-the-uniformed-firefighter,,Source: CMS list provided; payer IDs vary by clearinghouse/plan.
"Security Health Plan of Wisconsin, Inc.",Commercial,,security-health-plan-of-wisconsin-inc,,Source: CMS list provided; payer IDs vary by clearinghouse/plan.
"Security Health Plan of Wisconsin, Inc.",Medicare Advantage,,security-health-plan-of-wisconsin-inc,,Source: CMS list provided; payer IDs vary by clearinghouse/plan.
Security Life Insurance Company of America,Commercial,,security-life-insurance-company-of-america,,Source: CMS list provided; payer IDs vary by clearinghouse/plan.
SeeChange Health Insurance Company,Commercial,,seechange-health-insurance-company,,Source: CMS list provided; payer IDs vary by clearinghouse/plan.
"Seen Health San Gabriel Valley, LLC",Medicare Advantage,,seen-health-san-gabriel-valley-llc,,Source: CMS list provided; payer IDs vary by clearinghouse/plan.
Select Health,Medicare Advantage,,select-health,,Source: CMS list provided; payer IDs vary by clearinghouse/plan.
Select Health of South Carolina,Commercial,,select-health-of-south-carolina,,Source: CMS list provided; payer IDs vary by clearinghouse/plan.
Select Medical Corporation,Commercial,,select-medical-corporation,,Source: CMS list provided; payer IDs vary by clearinghouse/plan.
"SelectHealth Benefit Assurance Company, Inc.",Commercial,,selecthealth-benefit-assurance-company-inc,,Source: CMS list provided; payer IDs vary by clearinghouse/plan.
"SelectHealth, Inc.",Commercial,,selecthealth-inc,,Source: CMS list provided; payer IDs vary by clearinghouse/plan.
"Sendero Health Plans, Inc.",Commercial,,sendero-health-plans-inc,,Source: CMS list provided; payer IDs vary by clearinghouse/plan.
Seneca Foods Corporation,Commercial,,seneca-foods-corporation,,Source: CMS list provided; payer IDs vary by clearinghouse/plan.
Senior Care Partners P.A.C.E.,Medicare Advantage,,senior-care-partners-p-a-c-e,,Source: CMS list provided; payer IDs vary by clearinghouse/plan.
Senior Care Plus,Medicare Advantage,,senior-care-plus,,Source: CMS list provided; payer IDs vary by clearinghouse/plan.
Senior CommUnity Care of Colorado,Medicare Advantage,,senior-community-care-of-colorado,,Source: CMS list provided; payer IDs vary by clearinghouse/plan.
Senior CommUnity Care of Jefferson County,Medicare Advantage,,senior-community-care-of-jefferson-county,,Source: CMS list provided; payer IDs vary by clearinghouse/plan.
Senior CommUnity Care of Kentucky,Medicare Advantage,,senior-community-care-of-kentucky,,Source: CMS list provided; payer IDs vary by clearinghouse/plan.
Senior CommUnity Care of Maryland,Medicare Advantage,,senior-community-care-of-maryland,,Source: CMS list provided; payer IDs vary by clearinghouse/plan.
Senior CommUnity Care of North Carolina,Medicare Advantage,,senior-community-care-of-north-carolina,,Source: CMS list provided; payer IDs vary by clearinghouse/plan.
Senior CommUnity Care of Northern Kentucky,Medicare Advantage,,senior-community-care-of-northern-kentucky,,Source: CMS list provided; payer IDs vary by clearinghouse/plan.
Senior Community Care of Michigan,Medicare Advantage,,senior-community-care-of-michigan,,Source: CMS list provided; payer IDs vary by clearinghouse/plan.
Senior LIFE Altoona / Ebensburg / Indiana,Medicare Advantage,,senior-life-altoona-ebensburg-indiana,,Source: CMS list provided; payer IDs vary by clearinghouse/plan.
Senior LIFE Greensburg,Medicare Advantage,,senior-life-greensburg,,Source: CMS list provided; payer IDs vary by clearinghouse/plan.
Senior LIFE Johnstown,Medicare Advantage,,senior-life-johnstown,,Source: CMS list provided; payer IDs vary by clearinghouse/plan.
Senior LIFE Lehigh Valley / Reading,Medicare Advantage,,senior-life-lehigh-valley-reading,,Source: CMS list provided; payer IDs vary by clearinghouse/plan.
Senior LIFE Washington / Uniontown / Greene,Medicare Advantage,,senior-life-washington-uniontown-greene,,Source: CMS list provided; payer IDs vary by clearinghouse/plan.
Senior LIFE York,Medicare Advantage,,senior-life-york,,Source: CMS list provided; payer IDs vary by clearinghouse/plan.
Senior TLC,Medicare Advantage,,senior-tlc,,Source: CMS list provided; payer IDs vary by clearinghouse/plan.
Senior Total Life Care,Medicare Advantage,,senior-total-life-care,,Source: CMS list provided; payer IDs vary by clearinghouse/plan.
Senior Whole Health of New York,Medicare Advantage,,senior-whole-health-of-new-york,,Source: CMS list provided; payer IDs vary by clearinghouse/plan.
Sensient Technologies Corporation,Commercial,,sensient-technologies-corporation,,Source: CMS list provided; payer IDs vary by clearinghouse/plan.
Sentara Commercial Health Plans Of North Carolina Inc.,Commercial,,sentara-commercial-health-plans-of-north-carolina-inc,,Source: CMS list provided; payer IDs vary by clearinghouse/plan.
Sentara Health Insurance Company,Commercial,,sentara-health-insurance-company,,Source: CMS list provided; payer IDs vary by clearinghouse/plan.
Sentara Health Plans,Commercial,,sentara-health-plans,,Source: CMS list provided; payer IDs vary by clearinghouse/plan.
Sentara Medicare,Medicare Advantage,Medicare,sentara-medicare,,Source: CMS list provided; payer IDs vary by clearinghouse/plan.
Sentara PACE,Medicare Advantage,,sentara-pace,,Source: CMS list provided; payer IDs vary by clearinghouse/plan.
Serenity Care PACE,Medicare Advantage,,serenity-care-pace,,Source: CMS list provided; payer IDs vary by clearinghouse/plan.
"Serventy Insurance Company, Inc.",Commercial,,serventy-insurance-company-inc,,Source: CMS list provided; payer IDs vary by clearinghouse/plan.
"Seton Health Plan, Inc.",Commercial,,seton-health-plan-inc,,Source: CMS list provided; payer IDs vary by clearinghouse/plan.
Seton Insurance Company,Commercial,,seton-insurance-company,,Source: CMS list provided; payer IDs vary by clearinghouse/plan.
"Sharecare, Inc.",Commercial,,sharecare-inc,,Source: CMS list provided; payer IDs vary by clearinghouse/plan.
Shared Health Dual Freedom,Medicare Advantage,,shared-health-dual-freedom,,Source: CMS list provided; payer IDs vary by clearinghouse/plan.
Shared Health Dual Freedom - DE H9946-001 (PPO D-SNP),Medicare Advantage,,shared-health-dual-freedom-de-h9946-001-ppo-d-snp,,Source: CMS list provided; payer IDs vary by clearinghouse/plan.
Shared Health Dual Plus - DE H3015-001 (HMO D-SNP),Medicare Advantage,,shared-health-dual-plus-de-h3015-001-hmo-d-snp,,Source: CMS list provided; payer IDs vary by clearinghouse/plan.
Sharp Health Plan,Commercial,,sharp-health-plan,,Source: CMS list provided; payer IDs vary by clearinghouse/plan.
Sharp Health Plan,Medicare Advantage,,sharp-health-plan,,Source: CMS list provided; payer IDs vary by clearinghouse/plan.
Shelter Life Insurance Company,Commercial,,shelter-life-insurance-company,,Source: CMS list provided; payer IDs vary by clearinghouse/plan.
"Shiloh Industries, Inc.",Commercial,,shiloh-industries-inc,,Source: CMS list provided; payer IDs vary by clearinghouse/plan.
Sick Benefit Fund Local 223,Commercial,,sick-benefit-fund-local-223,,Source: CMS list provided; payer IDs vary by clearinghouse/plan.
Sidecar Health Insurance Company,Commercial,,sidecar-health-insurance-company,,Source: CMS list provided; payer IDs vary by clearinghouse/plan.
"Sierra Health and Life Ins Company, Inc.",Commercial,,sierra-health-and-life-ins-company-inc,,Source: CMS list provided; payer IDs vary by clearinghouse/plan.
"Sierra Health and Life Insurance Company, Inc.",Commercial,,sierra-health-and-life-insurance-company-inc,,Source: CMS list provided; payer IDs vary by clearinghouse/plan.
Signature Advantage (HMO SNP),Medicare Advantage,,signature-advantage-hmo-snp,,Source: CMS list provided; payer IDs vary by clearinghouse/plan.
Sika Corporation,Commercial,,sika-corporation,,Source: CMS list provided; payer IDs vary by clearinghouse/plan.
Silver Star,Medicare Advantage,,silver-star,,Source: CMS list provided; payer IDs vary by clearinghouse/plan.
"SilverSummit Healthplan, Inc.",Commercial,,silversummit-healthplan-inc,,Source: CMS list provided; payer IDs vary by clearinghouse/plan.
Silverton Health,Commercial,,silverton-health,,Source: CMS list provided; payer IDs vary by clearinghouse/plan.
"SimpleSaveRx, Inc.",Commercial,,simplesaverx-inc,,Source: CMS list provided; payer IDs vary by clearinghouse/plan.
Simply Healthcare,Medicare Advantage,,simply-healthcare,,Source: CMS list provided; payer IDs vary by clearinghouse/plan.
Simply Healthcare Plans Inc dba Wellpoint Florida Inc,Commercial,,simply-healthcare-plans-inc-dba-wellpoint-florida-inc,,Source: CMS list provided; payer IDs vary by clearinghouse/plan.
"Simply Healthcare Plans, Inc.",Medicare Advantage,,simply-healthcare-plans-inc,,Source: CMS list provided; payer IDs vary by clearinghouse/plan.
Simpra Advantage,Medicare Advantage,,simpra-advantage,,Source: CMS list provided; payer IDs vary by clearinghouse/plan.
Sirius America Insurance Company,Commercial,,sirius-america-insurance-company,,Source: CMS list provided; payer IDs vary by clearinghouse/plan.
Skip Hill and Associates LLC,Commercial,,skip-hill-and-associates-llc,,Source: CMS list provided; payer IDs vary by clearinghouse/plan.
So Cal Transport,Commercial,,so-cal-transport,,Source: CMS list provided; payer IDs vary by clearinghouse/plan.
"Softheon, Inc.",Commercial,,softheon-inc,,Source: CMS list provided; payer IDs vary by clearinghouse/plan.
Solis Health Plans,Medicare Advantage,,solis-health-plans,,Source: CMS list provided; payer IDs vary by clearinghouse/plan.
"Solstice Benefits, Inc.",Commercial,,solstice-benefits-inc,,Source: CMS list provided; payer IDs vary by clearinghouse/plan.
Solstice Health Insurance Company,Commercial,,solstice-health-insurance-company,,Source: CMS list provided; payer IDs vary by clearinghouse/plan.
"Solstice Healthplans of Arizona, Inc.",Commercial,,solstice-healthplans-of-arizona-inc,,Source: CMS list provided; payer IDs vary by clearinghouse/plan.
"Solstice Healthplans of Colorado, Inc.",Commercial,,solstice-healthplans-of-colorado-inc,,Source: CMS list provided; payer IDs vary by clearinghouse/plan.
"Solstice Healthplans of Ohio, Inc.",Commercial,,solstice-healthplans-of-ohio-inc,,Source: CMS list provided; payer IDs vary by clearinghouse/plan.
"Solstice Healthplans of Texas, Inc.",Commercial,,solstice-healthplans-of-texas-inc,,Source: CMS list provided; payer IDs vary by clearinghouse/plan.
"Solstice of Illinois, Inc.",Commercial,,solstice-of-illinois-inc,,Source: CMS list provided; payer IDs vary by clearinghouse/plan.
"Sonder Health Plans, Inc.",Medicare Advantage,,sonder-health-plans-inc,,Source: CMS list provided; payer IDs vary by clearinghouse/plan.
Sonepar Management,Commercial,,sonepar-management,,Source: CMS list provided; payer IDs vary by clearinghouse/plan.
South Country Health Alliance,Medicare Advantage,,south-country-health-alliance,,Source: CMS list provided; payer IDs vary by clearinghouse/plan.
"South Dakota State Medical Holding Company, Inc.",Commercial,,south-dakota-state-medical-holding-company-inc,,Source: CMS list provided; payer IDs vary by clearinghouse/plan.
South Sanpete School District,Commercial,,south-sanpete-school-district,,Source: CMS list provided; payer IDs vary by clearinghouse/plan.
Southeastern Indiana Health Organization,Commercial,,southeastern-indiana-health-organization,,Source: CMS list provided; payer IDs vary by clearinghouse/plan.
Southern Farm Bureau Life Insurance Company,Commercial,,southern-farm-bureau-life-insurance-company,,Source: CMS list provided; payer IDs vary by clearinghouse/plan.
Southern Mgmt Corp,Commercial,,southern-mgmt-corp,,Source: CMS list provided; payer IDs vary by clearinghouse/plan.
Southern New Jersey Regional Employee Benefits Fun,Commercial,,southern-new-jersey-regional-employee-benefits-fun,,Source: CMS list provided; payer IDs vary by clearinghouse/plan.
Southwest Life & Health Insurance Co.,Commercial,,southwest-life-and-health-insurance-co,,Source: CMS list provided; payer IDs vary by clearinghouse/plan.
Southwest Life and Health Ins Comp,Commercial,,southwest-life-and-health-ins-comp,,Source: CMS list provided; payer IDs vary by clearinghouse/plan.
Southwest Service Life Insurance Company,Commercial,,southwest-service-life-insurance-company,,Source: CMS list provided; payer IDs vary by clearinghouse/plan.
Special Agents Mutual Benefit Association,Commercial,,special-agents-mutual-benefit-association,,Source: CMS list provided; payer IDs vary by clearinghouse/plan.
"St. Luke's Health Plan, Inc.",Commercial,,st-luke-s-health-plan-inc,,Source: CMS list provided; payer IDs vary by clearinghouse/plan.
St. Paul's PACE,Medicare Advantage,,st-paul-s-pace,,Source: CMS list provided; payer IDs vary by clearinghouse/plan.
Standard Insurance Company,Commercial,,standard-insurance-company,,Source: CMS list provided; payer IDs vary by clearinghouse/plan.
Standard Life and Accident Insurance Company,Commercial,,standard-life-and-accident-insurance-company,,Source: CMS list provided; payer IDs vary by clearinghouse/plan.
Standard Life and Casualty Insurance Company,Commercial,,standard-life-and-casualty-insurance-company,,Source: CMS list provided; payer IDs vary by clearinghouse/plan.
Standard Security Life,Commercial,,standard-security-life,,Source: CMS list provided; payer IDs vary by clearinghouse/plan.
Standard Security Life Insurance Company of New Yo,Commercial,,standard-security-life-insurance-company-of-new-yo,,Source: CMS list provided; payer IDs vary by clearinghouse/plan.
Standard Security Life Insurance Company of New York,Commercial,,standard-security-life-insurance-company-of-new-york,,Source: CMS list provided; payer IDs vary by clearinghouse/plan.
Starmount Life Insurance Company,Commercial,,starmount-life-insurance-company,,Source: CMS list provided; payer IDs vary by clearinghouse/plan.
Starr Indemnity & Liability Company,Commercial,,starr-indemnity-and-liability-company,,Source: CMS list provided; payer IDs vary by clearinghouse/plan.
State Farm Mutual Automobile Ins. Co.,Commercial,,state-farm-mutual-automobile-ins-co,,Source: CMS list provided; payer IDs vary by clearinghouse/plan.
State Farm Mutual Automobile Insurance Company,Commercial,,state-farm-mutual-automobile-insurance-company,,Source: CMS list provided; payer IDs vary by clearinghouse/plan.
State Law Enforcement Bargaining Council,Commercial,,state-law-enforcement-bargaining-council,,Source: CMS list provided; payer IDs vary by clearinghouse/plan.
State of Tennessee,Commercial,,state-of-tennessee,,Source: CMS list provided; payer IDs vary by clearinghouse/plan.
StayWell Senior Care,Medicare Advantage,,staywell-senior-care,,Source: CMS list provided; payer IDs vary by clearinghouse/plan.
Sterling Investors Life Insurance Company,Commercial,,sterling-investors-life-insurance-company,,Source: CMS list provided; payer IDs vary by clearinghouse/plan.
Sterling Life Insurance,Commercial,,sterling-life-insurance,,Source: CMS list provided; payer IDs vary by clearinghouse/plan.
Sterling Life Insurance Co.,Commercial,,sterling-life-insurance-co,,Source: CMS list provided; payer IDs vary by clearinghouse/plan.
Stratum LIFE,Medicare Advantage,,stratum-life,,Source: CMS list provided; payer IDs vary by clearinghouse/plan.
Sumitomo Machinery Corporation of America,Commercial,,sumitomo-machinery-corporation-of-america,,Source: CMS list provided; payer IDs vary by clearinghouse/plan.
"Summa Insurance Company, Inc.",Commercial,,summa-insurance-company-inc,,Source: CMS list provided; payer IDs vary by clearinghouse/plan.
SummaCare Inc,Commercial,,summacare-inc,,Source: CMS list provided; payer IDs vary by clearinghouse/plan.
SummaCare Medicare Advantage Plans,Medicare Advantage,,summacare-medicare-advantage-plans,,Source: CMS list provided; payer IDs vary by clearinghouse/plan.
Sun Life Assurance Company of Canada,Commercial,,sun-life-assurance-company-of-canada,,Source: CMS list provided; payer IDs vary by clearinghouse/plan.
Sun Life and Health Insurance Company (U.S.),Commercial,,sun-life-and-health-insurance-company-u-s,,Source: CMS list provided; payer IDs vary by clearinghouse/plan.
"Suncoast PACE, Inc.",Medicare Advantage,,suncoast-pace-inc,,Source: CMS list provided; payer IDs vary by clearinghouse/plan.
"Sunflower State Health Plan, Inc",Commercial,,sunflower-state-health-plan-inc,,Source: CMS list provided; payer IDs vary by clearinghouse/plan.
Sunrise PACE,Medicare Advantage,,sunrise-pace,,Source: CMS list provided; payer IDs vary by clearinghouse/plan.
Sunshine State Health Plan,Commercial,,sunshine-state-health-plan,,Source: CMS list provided; payer IDs vary by clearinghouse/plan.
"Superior Dental Care, Inc.",Commercial,,superior-dental-care-inc,,Source: CMS list provided; payer IDs vary by clearinghouse/plan.
Superior Health Plan,Commercial,,superior-health-plan,,Source: CMS list provided; payer IDs vary by clearinghouse/plan.
Superior HealthPlan,Medicare Advantage,,superior-healthplan,,Source: CMS list provided; payer IDs vary by clearinghouse/plan.
"Sur La Table, Inc.",Commercial,,sur-la-table-inc,,Source: CMS list provided; payer IDs vary by clearinghouse/plan.
Sutter Health Alliance,Commercial,,sutter-health-alliance,,Source: CMS list provided; payer IDs vary by clearinghouse/plan.
Sutter SeniorCare PACE,Medicare Advantage,,sutter-seniorcare-pace,,Source: CMS list provided; payer IDs vary by clearinghouse/plan.
"Suzuki Motor of America, Inc",Commercial,,suzuki-motor-of-america-inc,,Source: CMS list provided; payer IDs vary by clearinghouse/plan.
Symetra Life Insurance Company,Commercial,,symetra-life-insurance-company,,Source: CMS list provided; payer IDs vary by clearinghouse/plan.
TAB PRODUCTS CO LLC,Commercial,,tab-products-co-llc,,Source: CMS list provided; payer IDs vary by clearinghouse/plan.
THP Insurance Company,Commercial,,thp-insurance-company,,Source: CMS list provided; payer IDs vary by clearinghouse/plan.
TMI Employee Management Inc,Commercial,,tmi-employee-management-inc,,Source: CMS list provided; payer IDs vary by clearinghouse/plan.
TML Intergovernmental Employee Benefits Pool,Commercial,,tml-intergovernmental-employee-benefits-pool,,Source: CMS list provided; payer IDs vary by clearinghouse/plan.
TOWER LIFE INSURANCE CO.,Commercial,,tower-life-insurance-co,,Source: CMS list provided; payer IDs vary by clearinghouse/plan.
TRH Health Insurance Company,Commercial,,trh-health-insurance-company,,Source: CMS list provided; payer IDs vary by clearinghouse/plan.
TRU PACE,Medicare Advantage,,tru-pace,,Source: CMS list provided; payer IDs vary by clearinghouse/plan.
TRUASSURE INSURANCE COMPANY,Commercial,,truassure-insurance-company,,Source: CMS list provided; payer IDs vary by clearinghouse/plan.
"TakeCare Insurance Company, Inc.",Commercial,,takecare-insurance-company-inc,,Source: CMS list provided; payer IDs vary by clearinghouse/plan.
Talcott Resolution Life Insurance Company,Commercial,,talcott-resolution-life-insurance-company,,Source: CMS list provided; payer IDs vary by clearinghouse/plan.
Talcott Resolution Life and Annuity Insurance Company,Commercial,,talcott-resolution-life-and-annuity-insurance-company,,Source: CMS list provided; payer IDs vary by clearinghouse/plan.
Talcott Resolution Life and Annuiyt Insurance Company,Commercial,,talcott-resolution-life-and-annuiyt-insurance-company,,Source: CMS list provided; payer IDs vary by clearinghouse/plan.
"Taro Health Plan of Maine, Inc.",Commercial,,taro-health-plan-of-maine-inc,,Source: CMS list provided; payer IDs vary by clearinghouse/plan.
"Taro Health Plan of Oklahoma, Inc.",Commercial,,taro-health-plan-of-oklahoma-inc,,Source: CMS list provided; payer IDs vary by clearinghouse/plan.
Teachers Protective Mutual Life,Commercial,,teachers-protective-mutual-life,,Source: CMS list provided; payer IDs vary by clearinghouse/plan.
Tennant Company,Commercial,,tennant-company,,Source: CMS list provided; payer IDs vary by clearinghouse/plan.
TexHealth 3-Share Plan,Commercial,,texhealth-3-share-plan,,Source: CMS list provided; payer IDs vary by clearinghouse/plan.
TexHealth Brazos Valley,Commercial,,texhealth-brazos-valley,,Source: CMS list provided; payer IDs vary by clearinghouse/plan.
TexHealth Central Texas,Commercial,,texhealth-central-texas,,Source: CMS list provided; payer IDs vary by clearinghouse/plan.
TexHealth El Paso,Commercial,,texhealth-el-paso,,Source: CMS list provided; payer IDs vary by clearinghouse/plan.
Texas Guaranteed Student Loan Corporation,Commercial,,texas-guaranteed-student-loan-corporation,,Source: CMS list provided; payer IDs vary by clearinghouse/plan.
Texas Health + Aetna Health Insurance Company,Commercial,Aetna,texas-health-aetna-health-insurance-company,,Source: CMS list provided; payer IDs vary by clearinghouse/plan.
Texas Health + Aetna Health Plan Inc.,Commercial,Aetna,texas-health-aetna-health-plan-inc,,Source: CMS list provided; payer IDs vary by clearinghouse/plan.
Texas Independence Health Plan,Medicare Advantage,,texas-independence-health-plan,,Source: CMS list provided; payer IDs vary by clearinghouse/plan.
The Basics at Jan Werner,Medicare Advantage,,the-basics-at-jan-werner,,Source: CMS list provided; payer IDs vary by clearinghouse/plan.
"The Benefit Group, Inc.",Commercial,,the-benefit-group-inc,,Source: CMS list provided; payer IDs vary by clearinghouse/plan.
"The Berry Company, LLC",Commercial,,the-berry-company-llc,,Source: CMS list provided; payer IDs vary by clearinghouse/plan.
The Chesapeake Life Insurance Company,Commercial,,the-chesapeake-life-insurance-company,,Source: CMS list provided; payer IDs vary by clearinghouse/plan.
The Children's Clinic,Commercial,,the-children-s-clinic,,Source: CMS list provided; payer IDs vary by clearinghouse/plan.
The Children's Hospital Corporation,Commercial,,the-children-s-hospital-corporation,,Source: CMS list provided; payer IDs vary by clearinghouse/plan.
The Cincinnati Life Insurance Company,Commercial,,the-cincinnati-life-insurance-company,,Source: CMS list provided; payer IDs vary by clearinghouse/plan.
The Dental Concern Inc,Commercial,,the-dental-concern-inc,,Source: CMS list provided; payer IDs vary by clearinghouse/plan.
The Dispatch Printing Company,Commercial,,the-dispatch-printing-company,,Source: CMS list provided; payer IDs vary by clearinghouse/plan.
The EPIC Life Insurance Company,Commercial,,the-epic-life-insurance-company,,Source: CMS list provided; payer IDs vary by clearinghouse/plan.
"The Finish Line, Inc.",Commercial,,the-finish-line-inc,,Source: CMS list provided; payer IDs vary by clearinghouse/plan.
The Goodyear Tire & Rubber Company,Commercial,,the-goodyear-tire-and-rubber-company,,Source: CMS list provided; payer IDs vary by clearinghouse/plan.
The Guardian Life Insurance Company,Commercial,,the-guardian-life-insurance-company,,Source: CMS list provided; payer IDs vary by clearinghouse/plan.
The Guardian Life Insurance Company of America,Commercial,,the-guardian-life-insurance-company-of-america,,Source: CMS list provided; payer IDs vary by clearinghouse/plan.
The Health Plan,Medicare Advantage,,the-health-plan,,Source: CMS list provided; payer IDs vary by clearinghouse/plan.
"The Health Plan of West Virginia, Inc.",Commercial,,the-health-plan-of-west-virginia-inc,,Source: CMS list provided; payer IDs vary by clearinghouse/plan.
The Horton Fruit Company,Commercial,,the-horton-fruit-company,,Source: CMS list provided; payer IDs vary by clearinghouse/plan.
The Lincoln National Life Insurance Company,Commercial,,the-lincoln-national-life-insurance-company,,Source: CMS list provided; payer IDs vary by clearinghouse/plan.
The MEGA Life and Health Insurance Company,Commercial,,the-mega-life-and-health-insurance-company,,Source: CMS list provided; payer IDs vary by clearinghouse/plan.
The Ohio National Life Insurance Company,Commercial,,the-ohio-national-life-insurance-company,,Source: CMS list provided; payer IDs vary by clearinghouse/plan.
The Ohio State Life Insurance Company,Commercial,,the-ohio-state-life-insurance-company,,Source: CMS list provided; payer IDs vary by clearinghouse/plan.
The Options Clearing Corporation,Commercial,,the-options-clearing-corporation,,Source: CMS list provided; payer IDs vary by clearinghouse/plan.
The Pennsylvania Dental Corporation dba Delta Dental of Pennsylvania,Commercial,,the-pennsylvania-dental-corporation-dba-delta-dental-of-pennsylvania,,Source: CMS list provided; payer IDs vary by clearinghouse/plan.
"The Peoples Bank, Biloxi, Mississippi",Commercial,,the-peoples-bank-biloxi-mississippi,,Source: CMS list provided; payer IDs vary by clearinghouse/plan.
The Prudential Insurance Company of America,Commercial,,the-prudential-insurance-company-of-america,,Source: CMS list provided; payer IDs vary by clearinghouse/plan.
The Queen's Health Systems,Commercial,,the-queen-s-health-systems,,Source: CMS list provided; payer IDs vary by clearinghouse/plan.
"The S/L/A/M Collaborative, Inc.",Commercial,,the-s-l-a-m-collaborative-inc,,Source: CMS list provided; payer IDs vary by clearinghouse/plan.
The Standard Life Insurance Company of New York,Commercial,,the-standard-life-insurance-company-of-new-york,,Source: CMS list provided; payer IDs vary by clearinghouse/plan.
The Toro Company,Commercial,,the-toro-company,,Source: CMS list provided; payer IDs vary by clearinghouse/plan.
The Union Labor Life Insurance Company,Commercial,,the-union-labor-life-insurance-company,,Source: CMS list provided; payer IDs vary by clearinghouse/plan.
The United States Life Ins. Co. in the City of New York,Commercial,,the-united-states-life-ins-co-in-the-city-of-new-york,,Source: CMS list provided; payer IDs vary by clearinghouse/plan.
The Vermont Health Plan,Commercial,,the-vermont-health-plan,,Source: CMS list provided; payer IDs vary by clearinghouse/plan.
"The Vermont Health Plan, LLC",Commercial,,the-vermont-health-plan-llc,,Source: CMS list provided; payer IDs vary by clearinghouse/plan.
Third National Bank,Commercial,,third-national-bank,,Source: CMS list provided; payer IDs vary by clearinghouse/plan.
"Thirty-One Gifts, LLC",Commercial,,thirty-one-gifts-llc,,Source: CMS list provided; payer IDs vary by clearinghouse/plan.
Thome PACE,Medicare Advantage,,thome-pace,,Source: CMS list provided; payer IDs vary by clearinghouse/plan.
Thompson Construction Group,Commercial,,thompson-construction-group,,Source: CMS list provided; payer IDs vary by clearinghouse/plan.
Thrivent Financial for Lutherans,Commercial,,thrivent-financial-for-lutherans,,Source: CMS list provided; payer IDs vary by clearinghouse/plan.
Time Insurance Company,Commercial,,time-insurance-company,,Source: CMS list provided; payer IDs vary by clearinghouse/plan.
Tokio Marine Pacific Insurance Limited,Commercial,,tokio-marine-pacific-insurance-limited,,Source: CMS list provided; payer IDs vary by clearinghouse/plan.
Toledo Electrical Welfare Fund,Commercial,,toledo-electrical-welfare-fund,,Source: CMS list provided; payer IDs vary by clearinghouse/plan.
"Total Health Care USA, Inc.",Commercial,,total-health-care-usa-inc,,Source: CMS list provided; payer IDs vary by clearinghouse/plan.
"Total Health Care, Inc.",Commercial,,total-health-care-inc,,Source: CMS list provided; payer IDs vary by clearinghouse/plan.
Total Life Healthcare,Medicare Advantage,,total-life-healthcare,,Source: CMS list provided; payer IDs vary by clearinghouse/plan.
"Total Senior Care, Inc.",Medicare Advantage,,total-senior-care-inc,,Source: CMS list provided; payer IDs vary by clearinghouse/plan.
TransAmerica Premier Life Insurance,Commercial,,transamerica-premier-life-insurance,,Source: CMS list provided; payer IDs vary by clearinghouse/plan.
Transamerica Financial Life Insurance Company,Commercial,,transamerica-financial-life-insurance-company,,Source: CMS list provided; payer IDs vary by clearinghouse/plan.
Transamerica Life Insurance Company,Commercial,,transamerica-life-insurance-company,,Source: CMS list provided; payer IDs vary by clearinghouse/plan.
"Trex Company, Inc",Commercial,,trex-company-inc,,Source: CMS list provided; payer IDs vary by clearinghouse/plan.
TriVentures Inc,Commercial,,triventures-inc,,Source: CMS list provided; payer IDs vary by clearinghouse/plan.
Tribute Health Plans,Medicare Advantage,,tribute-health-plans,,Source: CMS list provided; payer IDs vary by clearinghouse/plan.
Trillium Community Health Plan,Commercial,,trillium-community-health-plan,,Source: CMS list provided; payer IDs vary by clearinghouse/plan.
"Trilogy Health Insurance, Inc.",Commercial,,trilogy-health-insurance-inc,,Source: CMS list provided; payer IDs vary by clearinghouse/plan.
Trimble Navigation Limited,Commercial,,trimble-navigation-limited,,Source: CMS list provided; payer IDs vary by clearinghouse/plan.
Trinity Health,Commercial,,trinity-health,,Source: CMS list provided; payer IDs vary by clearinghouse/plan.
Trinity Health LIFE New Jersey,Medicare Advantage,,trinity-health-life-new-jersey,,Source: CMS list provided; payer IDs vary by clearinghouse/plan.
Trinity Health PACE of Alexandria,Medicare Advantage,,trinity-health-pace-of-alexandria,,Source: CMS list provided; payer IDs vary by clearinghouse/plan.
Trinity Health PACE of Montgomery County,Medicare Advantage,,trinity-health-pace-of-montgomery-county,,Source: CMS list provided; payer IDs vary by clearinghouse/plan.
Trinity Health PACE of Pensacola,Medicare Advantage,,trinity-health-pace-of-pensacola,,Source: CMS list provided; payer IDs vary by clearinghouse/plan.
Trinity Health Plan New York,Medicare Advantage,,trinity-health-plan-new-york,,Source: CMS list provided; payer IDs vary by clearinghouse/plan.
Trinity Health Plan of Michigan,Medicare Advantage,,trinity-health-plan-of-michigan,,Source: CMS list provided; payer IDs vary by clearinghouse/plan.
Triple S Advantage,Medicare Advantage,,triple-s-advantage,,Source: CMS list provided; payer IDs vary by clearinghouse/plan.
Triple-S Advantage,Medicare Advantage,,triple-s-advantage,,Source: CMS list provided; payer IDs vary by clearinghouse/plan.
Triple-S Salud Inc.,Commercial,,triple-s-salud-inc,,Source: CMS list provided; payer IDs vary by clearinghouse/plan.
"Troy Construction, LLC",Commercial,,troy-construction-llc,,Source: CMS list provided; payer IDs vary by clearinghouse/plan.
Troy Medicare,Medicare Advantage,Medicare,troy-medicare,,Source: CMS list provided; payer IDs vary by clearinghouse/plan.
"True Health New Mexico, Inc.",Commercial,,true-health-new-mexico-inc,,Source: CMS list provided; payer IDs vary by clearinghouse/plan.
"True Textiles, Inc",Commercial,,true-textiles-inc,,Source: CMS list provided; payer IDs vary by clearinghouse/plan.
"Truitt Bros., Inc.",Commercial,,truitt-bros-inc,,Source: CMS list provided; payer IDs vary by clearinghouse/plan.
Trustmark Insurance Company,Commercial,,trustmark-insurance-company,,Source: CMS list provided; payer IDs vary by clearinghouse/plan.
Trustmark Life Insurance Company,Commercial,,trustmark-life-insurance-company,,Source: CMS list provided; payer IDs vary by clearinghouse/plan.
Tufts Associated Health Maintenance Org,Commercial,Tufts Health Plan,tufts-associated-health-maintenance-org,,Source: CMS list provided; payer IDs vary by clearinghouse/plan.
"Tufts Associated Health Maintenance Organization, Inc.",Commercial,Tufts Health Plan,tufts-associated-health-maintenance-organization-inc,,Source: CMS list provided; payer IDs vary by clearinghouse/plan.
Tufts Health Plan,Medicare Advantage,Tufts Health Plan,tufts-health-plan,,Source: CMS list provided; payer IDs vary by clearinghouse/plan.
Tufts Health Public Plans Inc.,Commercial,Tufts Health Plan,tufts-health-public-plans-inc,,Source: CMS list provided; payer IDs vary by clearinghouse/plan.
Tufts Insurance Company,Commercial,Tufts Health Plan,tufts-insurance-company,,Source: CMS list provided; payer IDs vary by clearinghouse/plan.
Twin City Pipe Trades Welfare Plan,Commercial,,twin-city-pipe-trades-welfare-plan,,Source: CMS list provided; payer IDs vary by clearinghouse/plan.
"U.S. Behavioral Health Plan, CA",Commercial,,u-s-behavioral-health-plan-ca,,Source: CMS list provided; payer IDs vary by clearinghouse/plan.
UCLA Health Medicare Advantage Plan,Medicare Advantage,,ucla-health-medicare-advantage-plan,,Source: CMS list provided; payer IDs vary by clearinghouse/plan.
UCare,Medicare Advantage,,ucare,,Source: CMS list provided; payer IDs vary by clearinghouse/plan.
UCare Health Inc.,Commercial,,ucare-health-inc,,Source: CMS list provided; payer IDs vary by clearinghouse/plan.
UCare Iowa,Commercial,,ucare-iowa,,Source: CMS list provided; payer IDs vary by clearinghouse/plan.
UCare Minnesota,Commercial,,ucare-minnesota,,Source: CMS list provided; payer IDs vary by clearinghouse/plan.
UCare's MSHO,Medicare Advantage,,ucare-s-msho,,Source: CMS list provided; payer IDs vary by clearinghouse/plan.
UHC New England Inc.,Commercial,UnitedHealthcare,uhc-new-england-inc,,Source: CMS list provided; payer IDs vary by clearinghouse/plan.
UHC of California,Commercial,UnitedHealthcare,uhc-of-california,,Source: CMS list provided; payer IDs vary by clearinghouse/plan.
UNICARE Health Ins. Co. of the Midwest,Commercial,,unicare-health-ins-co-of-the-midwest,,Source: CMS list provided; payer IDs vary by clearinghouse/plan.
UNICARE Health Insurance Company of the Midwest,Commercial,,unicare-health-insurance-company-of-the-midwest,,Source: CMS list provided; payer IDs vary by clearinghouse/plan.
"UNICARE Health Plans of Texas, Inc.",Commercial,,unicare-health-plans-of-texas-inc,,Source: CMS list provided; payer IDs vary by clearinghouse/plan.
"UNICARE Health Plans of the Midwest, Inc",Commercial,,unicare-health-plans-of-the-midwest-inc,,Source: CMS list provided; payer IDs vary by clearinghouse/plan.
"UNICARE Health Plans of the Midwest, Inc.",Commercial,,unicare-health-plans-of-the-midwest-inc,,Source: CMS list provided; payer IDs vary by clearinghouse/plan.
UNICARE Life & Health Insurance Company,Commercial,,unicare-life-and-health-insurance-company,,Source: CMS list provided; payer IDs vary by clearinghouse/plan.
UNITED MEDICAL MANAGEMENT,Commercial,,united-medical-management,,Source: CMS list provided; payer IDs vary by clearinghouse/plan.
"UPMC Health Benefits, Inc.",Commercial,UPMC Health Plan,upmc-health-benefits-inc,,Source: CMS list provided; payer IDs vary by clearinghouse/plan.
"UPMC Health Coverage, Inc.",Commercial,UPMC Health Plan,upmc-health-coverage-inc,,Source: CMS list provided; payer IDs vary by clearinghouse/plan.
"UPMC Health Network, Inc.",Commercial,UPMC Health Plan,upmc-health-network-inc,,Source: CMS list provided; payer IDs vary by clearinghouse/plan.
"UPMC Health Options, Inc.",Commercial,UPMC Health Plan,upmc-health-options-inc,,Source: CMS list provided; payer IDs vary by clearinghouse/plan.
UPMC Health Plan,Medicare Advantage,UPMC Health Plan,upmc-health-plan,,Source: CMS list provided; payer IDs vary by clearinghouse/plan.
"UPMC Health Plan, Inc.",Commercial,UPMC Health Plan,upmc-health-plan-inc,,Source: CMS list provided; payer IDs vary by clearinghouse/plan.
UPMC Welfare Benefits Plan,Commercial,UPMC Health Plan,upmc-welfare-benefits-plan,,Source: CMS list provided; payer IDs vary by clearinghouse/plan.
UPMC Work Alliance,Commercial,UPMC Health Plan,upmc-work-alliance,,Source: CMS list provided; payer IDs vary by clearinghouse/plan.
UPMC for Life,Medicare Advantage,UPMC Health Plan,upmc-for-life,,Source: CMS list provided; payer IDs vary by clearinghouse/plan.
UPMC for Life Complete Care,Medicare Advantage,UPMC Health Plan,upmc-for-life-complete-care,,Source: CMS list provided; payer IDs vary by clearinghouse/plan.
US Health and Life Insurance Company,Commercial,,us-health-and-life-insurance-company,,Source: CMS list provided; payer IDs vary by clearinghouse/plan.
"USAble HMO, Inc.",Commercial,,usable-hmo-inc,,Source: CMS list provided; payer IDs vary by clearinghouse/plan.
USAble Life,Commercial,,usable-life,,Source: CMS list provided; payer IDs vary by clearinghouse/plan.
USAble Mutual Insurance Company,Commercial,,usable-mutual-insurance-company,,Source: CMS list provided; payer IDs vary by clearinghouse/plan.
USD 512 Shawnee Mission School District,Commercial,,usd-512-shawnee-mission-school-district,,Source: CMS list provided; payer IDs vary by clearinghouse/plan.
UTMB,Commercial,,utmb,,Source: CMS list provided; payer IDs vary by clearinghouse/plan.
UVa Darden School Foundation,Commercial,,uva-darden-school-foundation,,Source: CMS list provided; payer IDs vary by clearinghouse/plan.
Ullico Casualty Company,Commercial,,ullico-casualty-company,,Source: CMS list provided; payer IDs vary by clearinghouse/plan.
Ultimate Health Plans,Medicare Advantage,,ultimate-health-plans,,Source: CMS list provided; payer IDs vary by clearinghouse/plan.
Unified Life Insurance Company,Commercial,,unified-life-insurance-company,,Source: CMS list provided; payer IDs vary by clearinghouse/plan.
Uniformed Firefighters Association,Commercial,,uniformed-firefighters-association,,Source: CMS list provided; payer IDs vary by clearinghouse/plan.
Unimerica Insurance Company,Commercial,,unimerica-insurance-company,,Source: CMS list provided; payer IDs vary by clearinghouse/plan.
Union Bankers Insurance Company,Commercial,,union-bankers-insurance-company,,Source: CMS list provided; payer IDs vary by clearinghouse/plan.
Union Fidelity Life Insurance Company,Commercial,,union-fidelity-life-insurance-company,,Source: CMS list provided; payer IDs vary by clearinghouse/plan.
"Union Health Service, Inc.",Commercial,,union-health-service-inc,,Source: CMS list provided; payer IDs vary by clearinghouse/plan.
"Union Health Service, Inc.",Medicare Advantage,,union-health-service-inc,,Source: CMS list provided; payer IDs vary by clearinghouse/plan.
Union Labor Life Insurance Company,Commercial,,union-labor-life-insurance-company,,Source: CMS list provided; payer IDs vary by clearinghouse/plan.
Union Pacific Railroad Employes Health Systems,Commercial,,union-pacific-railroad-employes-health-systems,,Source: CMS list provided; payer IDs vary by clearinghouse/plan.
Union Security Insurance Company,Commercial,,union-security-insurance-company,,Source: CMS list provided; payer IDs vary by clearinghouse/plan.
Union Security Life Insurance Company of New York,Commercial,,union-security-life-insurance-company-of-new-york,,Source: CMS list provided; payer IDs vary by clearinghouse/plan.
United Agricultural Benefit Trust,Commercial,,united-agricultural-benefit-trust,,Source: CMS list provided; payer IDs vary by clearinghouse/plan.
United American Insurance Co,Commercial,,united-american-insurance-co,,Source: CMS list provided; payer IDs vary by clearinghouse/plan.
United Concordia Dental Corporation of Alabama,Commercial,,united-concordia-dental-corporation-of-alabama,,Source: CMS list provided; payer IDs vary by clearinghouse/plan.
"United Concordia Dental Plans of California, Inc.",Commercial,,united-concordia-dental-plans-of-california-inc,,Source: CMS list provided; payer IDs vary by clearinghouse/plan.
"United Concordia Dental Plans of Pennsylvania, Inc.",Commercial,,united-concordia-dental-plans-of-pennsylvania-inc,,Source: CMS list provided; payer IDs vary by clearinghouse/plan.
"United Concordia Dental Plans of Texas, Inc.",Commercial,,united-concordia-dental-plans-of-texas-inc,,Source: CMS list provided; payer IDs vary by clearinghouse/plan.
"United Concordia Dental Plans, Inc.",Commercial,,united-concordia-dental-plans-inc,,Source: CMS list provided; payer IDs vary by clearinghouse/plan.
United Concordia Insurance Company,Commercial,,united-concordia-insurance-company,,Source: CMS list provided; payer IDs vary by clearinghouse/plan.
United Concordia Life and Health Insurance Company,Commercial,,united-concordia-life-and-health-insurance-company,,Source: CMS list provided; payer IDs vary by clearinghouse/plan.
United Dairy Inc,Commercial,,united-dairy-inc,,Source: CMS list provided; payer IDs vary by clearinghouse/plan.
United Food and Commercial Workers Union Local 227,Commercial,,united-food-and-commercial-workers-union-local-227,,Source: CMS list provided; payer IDs vary by clearinghouse/plan.
United HealthCare Insurance Company,Commercial,UnitedHealthcare,united-healthcare-insurance-company,,Source: CMS list provided; payer IDs vary by clearinghouse/plan.
United Healthcare,Commercial,UnitedHealthcare,united-healthcare,,Source: CMS list provided; payer IDs vary by clearinghouse/plan.
United Mine Workers of America Health & Retirement,Medicare Advantage,,united-mine-workers-of-america-health-and-retirement,,Source: CMS list provided; payer IDs vary by clearinghouse/plan.
United Security Life and Health Insurance Company,Commercial,,united-security-life-and-health-insurance-company,,Source: CMS list provided; payer IDs vary by clearinghouse/plan.
"United Skates of America, Inc.",Commercial,,united-skates-of-america-inc,,Source: CMS list provided; payer IDs vary by clearinghouse/plan.
United States Branch of the Sun Life Assurance Company of Canada,Commercial,,united-states-branch-of-the-sun-life-assurance-company-of-canada,,Source: CMS list provided; payer IDs vary by clearinghouse/plan.
United States Fire Insurance Company,Commercial,,united-states-fire-insurance-company,,Source: CMS list provided; payer IDs vary by clearinghouse/plan.
United Teachers Associates,Commercial,,united-teachers-associates,,Source: CMS list provided; payer IDs vary by clearinghouse/plan.
United of Omaha Life Insurance Company,Commercial,,united-of-omaha-life-insurance-company,,Source: CMS list provided; payer IDs vary by clearinghouse/plan.
UnitedHealthcare,Medicare Advantage,UnitedHealthcare,unitedhealthcare,,Source: CMS list provided; payer IDs vary by clearinghouse/plan.
UnitedHealthcare Benefits Plan of California,Commercial,UnitedHealthcare,unitedhealthcare-benefits-plan-of-california,,Source: CMS list provided; payer IDs vary by clearinghouse/plan.
"UnitedHealthcare Benefits of Texas, Inc.",Commercial,UnitedHealthcare,unitedhealthcare-benefits-of-texas-inc,,Source: CMS list provided; payer IDs vary by clearinghouse/plan.
UnitedHealthcare Community Plan,Medicare Advantage,UnitedHealthcare,unitedhealthcare-community-plan,,Source: CMS list provided; payer IDs vary by clearinghouse/plan.
"UnitedHealthcare Community Plan of Texas, L.L.C.",Commercial,UnitedHealthcare,unitedhealthcare-community-plan-of-texas-l-l-c,,Source: CMS list provided; payer IDs vary by clearinghouse/plan.
"UnitedHealthcare Community Plan, Inc.",Commercial,UnitedHealthcare,unitedhealthcare-community-plan-inc,,Source: CMS list provided; payer IDs vary by clearinghouse/plan.
UnitedHealthcare Freedom Insurance Company,Commercial,UnitedHealthcare,unitedhealthcare-freedom-insurance-company,,Source: CMS list provided; payer IDs vary by clearinghouse/plan.
UnitedHealthcare Ins Co of Illinois,Commercial,UnitedHealthcare,unitedhealthcare-ins-co-of-illinois,,Source: CMS list provided; payer IDs vary by clearinghouse/plan.
UnitedHealthcare Ins Co of New York,Commercial,UnitedHealthcare,unitedhealthcare-ins-co-of-new-york,,Source: CMS list provided; payer IDs vary by clearinghouse/plan.
UnitedHealthcare Ins Co of Ohio,Commercial,UnitedHealthcare,unitedhealthcare-ins-co-of-ohio,,Source: CMS list provided; payer IDs vary by clearinghouse/plan.
UnitedHealthcare Ins Co of River Valley,Commercial,UnitedHealthcare,unitedhealthcare-ins-co-of-river-valley,,Source: CMS list provided; payer IDs vary by clearinghouse/plan.
UnitedHealthcare Insurance Company,Commercial,UnitedHealthcare,unitedhealthcare-insurance-company,,Source: CMS list provided; payer IDs vary by clearinghouse/plan.
UnitedHealthcare Insurance Company of Illinois,Commercial,UnitedHealthcare,unitedhealthcare-insurance-company-of-illinois,,Source: CMS list provided; payer IDs vary by clearinghouse/plan.
UnitedHealthcare Insurance Company of New York,Commercial,UnitedHealthcare,unitedhealthcare-insurance-company-of-new-york,,Source: CMS list provided; payer IDs vary by clearinghouse/plan.
UnitedHealthcare Insurance Company of Ohio,Commercial,UnitedHealthcare,unitedhealthcare-insurance-company-of-ohio,,Source: CMS list provided; payer IDs vary by clearinghouse/plan.
UnitedHealthcare Insurance Company of the River Va,Commercial,UnitedHealthcare,unitedhealthcare-insurance-company-of-the-river-va,,Source: CMS list provided; payer IDs vary by clearinghouse/plan.
UnitedHealthcare Insurance Company of the River Valley,Commercial,UnitedHealthcare,unitedhealthcare-insurance-company-of-the-river-valley,,Source: CMS list provided; payer IDs vary by clearinghouse/plan.
UnitedHealthcare Life Insurance Company,Commercial,UnitedHealthcare,unitedhealthcare-life-insurance-company,,Source: CMS list provided; payer IDs vary by clearinghouse/plan.
"UnitedHealthcare Plan of the River Valley, Inc.",Commercial,UnitedHealthcare,unitedhealthcare-plan-of-the-river-valley-inc,,Source: CMS list provided; payer IDs vary by clearinghouse/plan.
"UnitedHealthcare of Alabama, Inc",Commercial,UnitedHealthcare,unitedhealthcare-of-alabama-inc,,Source: CMS list provided; payer IDs vary by clearinghouse/plan.
"UnitedHealthcare of Alabama, Inc.",Commercial,UnitedHealthcare,unitedhealthcare-of-alabama-inc,,Source: CMS list provided; payer IDs vary by clearinghouse/plan.
"UnitedHealthcare of Arizona, Inc.",Commercial,UnitedHealthcare,unitedhealthcare-of-arizona-inc,,Source: CMS list provided; payer IDs vary by clearinghouse/plan.
"UnitedHealthcare of Arkansas, Inc.",Commercial,UnitedHealthcare,unitedhealthcare-of-arkansas-inc,,Source: CMS list provided; payer IDs vary by clearinghouse/plan.
"UnitedHealthcare of Colorado, Inc.",Commercial,UnitedHealthcare,unitedhealthcare-of-colorado-inc,,Source: CMS list provided; payer IDs vary by clearinghouse/plan.
"UnitedHealthcare of Florida, Inc.",Commercial,UnitedHealthcare,unitedhealthcare-of-florida-inc,,Source: CMS list provided; payer IDs vary by clearinghouse/plan.
"UnitedHealthcare of Georgia, Inc.",Commercial,UnitedHealthcare,unitedhealthcare-of-georgia-inc,,Source: CMS list provided; payer IDs vary by clearinghouse/plan.
UnitedHealthcare of Illinois Inc,Commercial,UnitedHealthcare,unitedhealthcare-of-illinois-inc,,Source: CMS list provided; payer IDs vary by clearinghouse/plan.
"UnitedHealthcare of Illinois, Inc.",Commercial,UnitedHealthcare,unitedhealthcare-of-illinois-inc,,Source: CMS list provided; payer IDs vary by clearinghouse/plan.
"UnitedHealthcare of Kentucky, Ltd",Commercial,UnitedHealthcare,unitedhealthcare-of-kentucky-ltd,,Source: CMS list provided; payer IDs vary by clearinghouse/plan.
"UnitedHealthcare of Kentucky, Ltd.",Commercial,UnitedHealthcare,unitedhealthcare-of-kentucky-ltd,,Source: CMS list provided; payer IDs vary by clearinghouse/plan.
"UnitedHealthcare of Louisiana, Inc.",Commercial,UnitedHealthcare,unitedhealthcare-of-louisiana-inc,,Source: CMS list provided; payer IDs vary by clearinghouse/plan.
"UnitedHealthcare of Mississippi, Inc.",Commercial,UnitedHealthcare,unitedhealthcare-of-mississippi-inc,,Source: CMS list provided; payer IDs vary by clearinghouse/plan.
UnitedHealthcare of New England Inc.,Commercial,UnitedHealthcare,unitedhealthcare-of-new-england-inc,,Source: CMS list provided; payer IDs vary by clearinghouse/plan.
"UnitedHealthcare of New England, Inc.",Commercial,UnitedHealthcare,unitedhealthcare-of-new-england-inc,,Source: CMS list provided; payer IDs vary by clearinghouse/plan.
"UnitedHealthcare of New Mexico, Inc",Commercial,UnitedHealthcare,unitedhealthcare-of-new-mexico-inc,,Source: CMS list provided; payer IDs vary by clearinghouse/plan.
"UnitedHealthcare of New York, Inc.",Commercial,UnitedHealthcare,unitedhealthcare-of-new-york-inc,,Source: CMS list provided; payer IDs vary by clearinghouse/plan.
"UnitedHealthcare of North Carolina, Inc",Commercial,UnitedHealthcare,unitedhealthcare-of-north-carolina-inc,,Source: CMS list provided; payer IDs vary by clearinghouse/plan.
"UnitedHealthcare of North Carolina, Inc.",Commercial,UnitedHealthcare,unitedhealthcare-of-north-carolina-inc,,Source: CMS list provided; payer IDs vary by clearinghouse/plan.
"UnitedHealthcare of Ohio, Inc",Commercial,UnitedHealthcare,unitedhealthcare-of-ohio-inc,,Source: CMS list provided; payer IDs vary by clearinghouse/plan.
"UnitedHealthcare of Ohio, Inc.",Commercial,UnitedHealthcare,unitedhealthcare-of-ohio-inc,,Source: CMS list provided; payer IDs vary by clearinghouse/plan.
"UnitedHealthcare of Oklahoma, Inc.",Commercial,UnitedHealthcare,unitedhealthcare-of-oklahoma-inc,,Source: CMS list provided; payer IDs vary by clearinghouse/plan.
"UnitedHealthcare of Oregon, Inc.",Commercial,UnitedHealthcare,unitedhealthcare-of-oregon-inc,,Source: CMS list provided; payer IDs vary by clearinghouse/plan.
"UnitedHealthcare of Pennsylvania, Inc.",Commercial,UnitedHealthcare,unitedhealthcare-of-pennsylvania-inc,,Source: CMS list provided; payer IDs vary by clearinghouse/plan.
"UnitedHealthcare of South Carolina, Inc.",Commercial,UnitedHealthcare,unitedhealthcare-of-south-carolina-inc,,Source: CMS list provided; payer IDs vary by clearinghouse/plan.
"UnitedHealthcare of Tennessee, Inc.",Commercial,UnitedHealthcare,unitedhealthcare-of-tennessee-inc,,Source: CMS list provided; payer IDs vary by clearinghouse/plan.
UnitedHealthcare of Texas,Commercial,UnitedHealthcare,unitedhealthcare-of-texas,,Source: CMS list provided; payer IDs vary by clearinghouse/plan.
"UnitedHealthcare of Texas, Inc.",Commercial,UnitedHealthcare,unitedhealthcare-of-texas-inc,,Source: CMS list provided; payer IDs vary by clearinghouse/plan.
"UnitedHealthcare of Utah, Inc.",Commercial,UnitedHealthcare,unitedhealthcare-of-utah-inc,,Source: CMS list provided; payer IDs vary by clearinghouse/plan.
"UnitedHealthcare of Washington, Inc.",Commercial,UnitedHealthcare,unitedhealthcare-of-washington-inc,,Source: CMS list provided; payer IDs vary by clearinghouse/plan.
"UnitedHealthcare of Wisconsin, Inc.",Commercial,UnitedHealthcare,unitedhealthcare-of-wisconsin-inc,,Source: CMS list provided; payer IDs vary by clearinghouse/plan.
UnitedHealthcare of the Mid-Atlantic Inc,Commercial,UnitedHealthcare,unitedhealthcare-of-the-mid-atlantic-inc,,Source: CMS list provided; payer IDs vary by clearinghouse/plan.
"UnitedHealthcare of the Mid-Atlantic, Inc.",Commercial,UnitedHealthcare,unitedhealthcare-of-the-mid-atlantic-inc,,Source: CMS list provided; payer IDs vary by clearinghouse/plan.
"UnitedHealthcare of the Midlands, Inc.",Commercial,UnitedHealthcare,unitedhealthcare-of-the-midlands-inc,,Source: CMS list provided; payer IDs vary by clearinghouse/plan.
"UnitedHealthcare of the Midwest, Inc.",Commercial,UnitedHealthcare,unitedhealthcare-of-the-midwest-inc,,Source: CMS list provided; payer IDs vary by clearinghouse/plan.
UnityPoint Health PACE Senior Care,Medicare Advantage,,unitypoint-health-pace-senior-care,,Source: CMS list provided; payer IDs vary by clearinghouse/plan.
Univera Healthcare,Commercial,,univera-healthcare,,Source: CMS list provided; payer IDs vary by clearinghouse/plan.
"Universal Care, Inc.",Commercial,,universal-care-inc,,Source: CMS list provided; payer IDs vary by clearinghouse/plan.
University Health Alliance (UHA),Commercial,,university-health-alliance-uha,,Source: CMS list provided; payer IDs vary by clearinghouse/plan.
University Health Services,Commercial,,university-health-services,,Source: CMS list provided; payer IDs vary by clearinghouse/plan.
"University of Arizona Health Plans-University Healthcare, Inc.",Commercial,,university-of-arizona-health-plans-university-healthcare-inc,,Source: CMS list provided; payer IDs vary by clearinghouse/plan.
University of Michigan Health Insurance Company,Commercial,,university-of-michigan-health-insurance-company,,Source: CMS list provided; payer IDs vary by clearinghouse/plan.
University of Michigan Health Plan,Commercial,,university-of-michigan-health-plan,,Source: CMS list provided; payer IDs vary by clearinghouse/plan.
University of Michigan Health Plan,Medicare Advantage,,university-of-michigan-health-plan,,Source: CMS list provided; payer IDs vary by clearinghouse/plan.
University of Utah Health Insurance Plans,Commercial,,university-of-utah-health-insurance-plans,,Source: CMS list provided; payer IDs vary by clearinghouse/plan.
Unum Insurance Company,Commercial,,unum-insurance-company,,Source: CMS list provided; payer IDs vary by clearinghouse/plan.
Upham's PACE,Medicare Advantage,,upham-s-pace,,Source: CMS list provided; payer IDs vary by clearinghouse/plan.
Upper Peninsula Health Plan (UPHP) MI Health Link,Medicare Advantage,,upper-peninsula-health-plan-uphp-mi-health-link,,Source: CMS list provided; payer IDs vary by clearinghouse/plan.
Upstate New York Engineers Health Plan,Commercial,,upstate-new-york-engineers-health-plan,,Source: CMS list provided; payer IDs vary by clearinghouse/plan.
"Urban Retail Properties, LLC",Commercial,,urban-retail-properties-llc,,Source: CMS list provided; payer IDs vary by clearinghouse/plan.
VDC Patch TEST Org,Commercial,,vdc-patch-test-org,,Source: CMS list provided; payer IDs vary by clearinghouse/plan.
VISTA Health Plan Inc.,Medicare Advantage,,vista-health-plan-inc,,Source: CMS list provided; payer IDs vary by clearinghouse/plan.
VIVA Health,Commercial,,viva-health,,Source: CMS list provided; payer IDs vary by clearinghouse/plan.
VIVA Medicare,Medicare Advantage,Medicare,viva-medicare,,Source: CMS list provided; payer IDs vary by clearinghouse/plan.
VNS Health Medicare,Medicare Advantage,Medicare,vns-health-medicare,,Source: CMS list provided; payer IDs vary by clearinghouse/plan.
"Vaagen Bros. Lumber, Inc.",Commercial,,vaagen-bros-lumber-inc,,Source: CMS list provided; payer IDs vary by clearinghouse/plan.
"Vail Rubber Works, Inc.",Commercial,,vail-rubber-works-inc,,Source: CMS list provided; payer IDs vary by clearinghouse/plan.
Valir PACE,Medicare Advantage,,valir-pace,,Source: CMS list provided; payer IDs vary by clearinghouse/plan.
Valley Baptist Insurance Company,Commercial,,valley-baptist-insurance-company,,Source: CMS list provided; payer IDs vary by clearinghouse/plan.
"Valmet, Inc.",Commercial,,valmet-inc,,Source: CMS list provided; payer IDs vary by clearinghouse/plan.
Valor Health Plan,Medicare Advantage,,valor-health-plan,,Source: CMS list provided; payer IDs vary by clearinghouse/plan.
"ValueOptions of California, Inc.",Commercial,,valueoptions-of-california-inc,,Source: CMS list provided; payer IDs vary by clearinghouse/plan.
Vanee Foods Company,Commercial,,vanee-foods-company,,Source: CMS list provided; payer IDs vary by clearinghouse/plan.
"Vantage Health Plan, Inc.",Commercial,,vantage-health-plan-inc,,Source: CMS list provided; payer IDs vary by clearinghouse/plan.
"Vaughan Foods, Inc.",Commercial,,vaughan-foods-inc,,Source: CMS list provided; payer IDs vary by clearinghouse/plan.
"Vaughan Transportation, Inc.",Commercial,,vaughan-transportation-inc,,Source: CMS list provided; payer IDs vary by clearinghouse/plan.
Verda Health Plan of Texas,Medicare Advantage,,verda-health-plan-of-texas,,Source: CMS list provided; payer IDs vary by clearinghouse/plan.
Vermont Blue Advantage,Medicare Advantage,,vermont-blue-advantage,,Source: CMS list provided; payer IDs vary by clearinghouse/plan.
Victory Packaging LP/GSC of CA,Commercial,,victory-packaging-lp-gsc-of-ca,,Source: CMS list provided; payer IDs vary by clearinghouse/plan.
VillageCareMAX,Medicare Advantage,,villagecaremax,,Source: CMS list provided; payer IDs vary by clearinghouse/plan.
VillageHealth,Medicare Advantage,,villagehealth,,Source: CMS list provided; payer IDs vary by clearinghouse/plan.
"Virginia Premier Health Plan, Inc.",Commercial,,virginia-premier-health-plan-inc,,Source: CMS list provided; payer IDs vary by clearinghouse/plan.
Vision Service Plan,Commercial,,vision-service-plan,,Source: CMS list provided; payer IDs vary by clearinghouse/plan.
"Vista Health Plan, Inc.",Commercial,,vista-health-plan-inc,,Source: CMS list provided; payer IDs vary by clearinghouse/plan.
"Von Maur, Inc.",Commercial,,von-maur-inc,,Source: CMS list provided; payer IDs vary by clearinghouse/plan.
"Vorys, Sater, Seymour and Pease LLP",Commercial,,vorys-sater-seymour-and-pease-llp,,Source: CMS list provided; payer IDs vary by clearinghouse/plan.
WEA Insurance Company,Commercial,,wea-insurance-company,,Source: CMS list provided; payer IDs vary by clearinghouse/plan.
"WELLCARE HEALTH PLANS OF KENTUCKY, INC",Commercial,WellCare (Centene),wellcare-health-plans-of-kentucky-inc,,Source: CMS list provided; payer IDs vary by clearinghouse/plan.
WESTERN GROCERS EMPLOYEE BENEFITS TRUST,Commercial,,western-grocers-employee-benefits-trust,,Source: CMS list provided; payer IDs vary by clearinghouse/plan.
WINhealth Partners,Commercial,,winhealth-partners,,Source: CMS list provided; payer IDs vary by clearinghouse/plan.
WMI Mutual Insurance Company,Commercial,,wmi-mutual-insurance-company,,Source: CMS list provided; payer IDs vary by clearinghouse/plan.
WPS Health Plan Inc,Commercial,,wps-health-plan-inc,,Source: CMS list provided; payer IDs vary by clearinghouse/plan.
"WPS Health Plan, Inc.",Commercial,,wps-health-plan-inc,,Source: CMS list provided; payer IDs vary by clearinghouse/plan.
WTS International Inc.,Commercial,,wts-international-inc,,Source: CMS list provided; payer IDs vary by clearinghouse/plan.
Walsh Construction Co.,Commercial,,walsh-construction-co,,Source: CMS list provided; payer IDs vary by clearinghouse/plan.
Warehousemen's Health & Welfare Fund,Commercial,,warehousemen-s-health-and-welfare-fund,,Source: CMS list provided; payer IDs vary by clearinghouse/plan.
Washington National Insurance Company,Commercial,,washington-national-insurance-company,,Source: CMS list provided; payer IDs vary by clearinghouse/plan.
Waters Technologies Corporation,Commercial,,waters-technologies-corporation,,Source: CMS list provided; payer IDs vary by clearinghouse/plan.
Weight Watchers Intl Inc.,Commercial,,weight-watchers-intl-inc,,Source: CMS list provided; payer IDs vary by clearinghouse/plan.
WelbeHealth,Medicare Advantage,,welbehealth,,Source: CMS list provided; payer IDs vary by clearinghouse/plan.
Welborn Health Plans,Commercial,,welborn-health-plans,,Source: CMS list provided; payer IDs vary by clearinghouse/plan.
WellAway Limited,Commercial,,wellaway-limited,,Source: CMS list provided; payer IDs vary by clearinghouse/plan.
"WellCare Health Insurance Company of Kentucky, Inc",Commercial,WellCare (Centene),wellcare-health-insurance-company-of-kentucky-inc,,Source: CMS list provided; payer IDs vary by clearinghouse/plan.
WellCare Health Insurance Company of New Hampshire Inc,Commercial,WellCare (Centene),wellcare-health-insurance-company-of-new-hampshire-inc,,Source: CMS list provided; payer IDs vary by clearinghouse/plan.
"WellCare Health Insurance Company of New Jersey, Inc.",Commercial,WellCare (Centene),wellcare-health-insurance-company-of-new-jersey-inc,,Source: CMS list provided; payer IDs vary by clearinghouse/plan.
"WellCare Health Insurance of Kentucky, Inc.",Commercial,WellCare (Centene),wellcare-health-insurance-of-kentucky-inc,,Source: CMS list provided; payer IDs vary by clearinghouse/plan.
WellCare of New York,Commercial,WellCare (Centene),wellcare-of-new-york,,Source: CMS list provided; payer IDs vary by clearinghouse/plan.
WellSense Health Plan,Medicare Advantage,,wellsense-health-plan,,Source: CMS list provided; payer IDs vary by clearinghouse/plan.
Wellcare,Medicare Advantage,WellCare (Centene),wellcare,,Source: CMS list provided; payer IDs vary by clearinghouse/plan.
Wellcare By Allwell,Medicare Advantage,WellCare (Centene),wellcare-by-allwell,,Source: CMS list provided; payer IDs vary by clearinghouse/plan.
Wellcare By Fidelis Care,Medicare Advantage,WellCare (Centene),wellcare-by-fidelis-care,,Source: CMS list provided; payer IDs vary by clearinghouse/plan.
Wellcare By Health Net,Medicare Advantage,WellCare (Centene),wellcare-by-health-net,,Source: CMS list provided; payer IDs vary by clearinghouse/plan.
Wellcare By Trillium,Medicare Advantage,WellCare (Centene),wellcare-by-trillium,,Source: CMS list provided; payer IDs vary by clearinghouse/plan.
Wellcare Prime by Absolute Total Care,Medicare Advantage,WellCare (Centene),wellcare-prime-by-absolute-total-care,,Source: CMS list provided; payer IDs vary by clearinghouse/plan.
Wellfleet Insurance Company,Commercial,,wellfleet-insurance-company,,Source: CMS list provided; payer IDs vary by clearinghouse/plan.
Wellfleet New York Insurance Company,Commercial,,wellfleet-new-york-insurance-company,,Source: CMS list provided; payer IDs vary by clearinghouse/plan.
Wellmark Advantage Health Plan,Medicare Advantage,,wellmark-advantage-health-plan,,Source: CMS list provided; payer IDs vary by clearinghouse/plan.
"Wellmark Health Plan of Iowa, Inc.",Commercial,,wellmark-health-plan-of-iowa-inc,,Source: CMS list provided; payer IDs vary by clearinghouse/plan.
Wellmark Inc.,Commercial,,wellmark-inc,,Source: CMS list provided; payer IDs vary by clearinghouse/plan.
"Wellmark Synergy Health, Inc.",Commercial,,wellmark-synergy-health-inc,,Source: CMS list provided; payer IDs vary by clearinghouse/plan.
"Wellmark Value Health Plan, Inc.",Commercial,,wellmark-value-health-plan-inc,,Source: CMS list provided; payer IDs vary by clearinghouse/plan.
Wellmark of South Dakota,Commercial,,wellmark-of-south-dakota,,Source: CMS list provided; payer IDs vary by clearinghouse/plan.
"Wellmark, Inc.",Commercial,,wellmark-inc,,Source: CMS list provided; payer IDs vary by clearinghouse/plan.
Wellpoint,Medicare Advantage,,wellpoint,,Source: CMS list provided; payer IDs vary by clearinghouse/plan.
Wellpoint Insurance Company,Commercial,,wellpoint-insurance-company,,Source: CMS list provided; payer IDs vary by clearinghouse/plan.
Wellpoint Life & Health Insurance Company,Commercial,,wellpoint-life-and-health-insurance-company,,Source: CMS list provided; payer IDs vary by clearinghouse/plan.
"Wellpoint Maryland, Inc.",Commercial,,wellpoint-maryland-inc,,Source: CMS list provided; payer IDs vary by clearinghouse/plan.
Wellpoint Washington Inc,Commercial,,wellpoint-washington-inc,,Source: CMS list provided; payer IDs vary by clearinghouse/plan.
West Coast Life Insurance Company,Commercial,,west-coast-life-insurance-company,,Source: CMS list provided; payer IDs vary by clearinghouse/plan.
West Penn Allegheny Health System,Commercial,,west-penn-allegheny-health-system,,Source: CMS list provided; payer IDs vary by clearinghouse/plan.
West Virginia Senior Advantage,Medicare Advantage,,west-virginia-senior-advantage,,Source: CMS list provided; payer IDs vary by clearinghouse/plan.
"Western Dental Services, Inc.",Commercial,,western-dental-services-inc,,Source: CMS list provided; payer IDs vary by clearinghouse/plan.
Western Health Advantage,Commercial,,western-health-advantage,,Source: CMS list provided; payer IDs vary by clearinghouse/plan.
"Western Sky Community Care, Inc.",Commercial,,western-sky-community-care-inc,,Source: CMS list provided; payer IDs vary by clearinghouse/plan.
Westminster School,Commercial,,westminster-school,,Source: CMS list provided; payer IDs vary by clearinghouse/plan.
"White Oak Management, Inc.",Commercial,,white-oak-management-inc,,Source: CMS list provided; payer IDs vary by clearinghouse/plan.
Whiting Oil and Gas Corporation,Commercial,,whiting-oil-and-gas-corporation,,Source: CMS list provided; payer IDs vary by clearinghouse/plan.
Wilbert Inc.,Commercial,,wilbert-inc,,Source: CMS list provided; payer IDs vary by clearinghouse/plan.
Wilkes University,Commercial,,wilkes-university,,Source: CMS list provided; payer IDs vary by clearinghouse/plan.
"Willamette Dental Insurance, Inc.",Commercial,,willamette-dental-insurance-inc,,Source: CMS list provided; payer IDs vary by clearinghouse/plan.
"Willamette Dental of Idaho, Inc.",Commercial,,willamette-dental-of-idaho-inc,,Source: CMS list provided; payer IDs vary by clearinghouse/plan.
"Willamette Dental of Washington, Inc.",Commercial,,willamette-dental-of-washington-inc,,Source: CMS list provided; payer IDs vary by clearinghouse/plan.
"William A. Hazel, Inc.",Commercial,,william-a-hazel-inc,,Source: CMS list provided; payer IDs vary by clearinghouse/plan.
William Penn Life Insurance Company,Commercial,,william-penn-life-insurance-company,,Source: CMS list provided; payer IDs vary by clearinghouse/plan.
Wilton Reassurance Company,Commercial,,wilton-reassurance-company,,Source: CMS list provided; payer IDs vary by clearinghouse/plan.
"WinStar Farm, LLC",Commercial,,winstar-farm-llc,,Source: CMS list provided; payer IDs vary by clearinghouse/plan.
Wisconsin Auto & Truck Dealers Insurance,Commercial,,wisconsin-auto-and-truck-dealers-insurance,,Source: CMS list provided; payer IDs vary by clearinghouse/plan.
Wisconsin Collaborative Insurance Company,Commercial,,wisconsin-collaborative-insurance-company,,Source: CMS list provided; payer IDs vary by clearinghouse/plan.
Wisconsin Physicians Services Insurance Corporation,Commercial,,wisconsin-physicians-services-insurance-corporation,,Source: CMS list provided; payer IDs vary by clearinghouse/plan.
Wisconsin Physicians Svc Insurance Corp,Commercial,,wisconsin-physicians-svc-insurance-corp,,Source: CMS list provided; payer IDs vary by clearinghouse/plan.
"Wolverine Health Plans, Inc.",Commercial,,wolverine-health-plans-inc,,Source: CMS list provided; payer IDs vary by clearinghouse/plan.
"Woodhouse Ford, Inc.",Commercial,,woodhouse-ford-inc,,Source: CMS list provided; payer IDs vary by clearinghouse/plan.
Woori America Bank,Commercial,,woori-america-bank,,Source: CMS list provided; payer IDs vary by clearinghouse/plan.
World Corp Insurance Company,Commercial,,world-corp-insurance-company,,Source: CMS list provided; payer IDs vary by clearinghouse/plan.
World Insurance Company,Commercial,,world-insurance-company,,Source: CMS list provided; payer IDs vary by clearinghouse/plan.
Wornick Foods,Commercial,,wornick-foods,,Source: CMS list provided; payer IDs vary by clearinghouse/plan.
Yucaipa-Calimesa Joint Unified School District,Commercial,,yucaipa-calimesa-joint-unified-school-district,,Source: CMS list provided; payer IDs vary by clearinghouse/plan.
ZOOM Care Health Insurance,Commercial,,zoom-care-health-insurance,,Source: CMS list provided; payer IDs vary by clearinghouse/plan.
Zeneca Inc.,Commercial,,zeneca-inc,,Source: CMS list provided; payer IDs vary by clearinghouse/plan.
Zing Health,Medicare Advantage,,zing-health,,Source: CMS list provided; payer IDs vary by clearinghouse/plan.
"Zing Health, Inc.",Commercial,,zing-health-inc,,Source: CMS list provided; payer IDs vary by clearinghouse/plan.
ascot enterprises inc,Commercial,,ascot-enterprises-inc,,Source: CMS list provided; payer IDs vary by clearinghouse/plan.
b.well Health Insurance Company of Texas,Commercial,,b-well-health-insurance-company-of-texas,,Source: CMS list provided; payer IDs vary by clearinghouse/plan.
eternalHealth,Medicare Advantage,,eternalhealth,,Source: CMS list provided; payer IDs vary by clearinghouse/plan.
"eternalHealth, Inc.",Commercial,,eternalhealth-inc,,Source: CMS list provided; payer IDs vary by clearinghouse/plan.
exp US Services Inc,Commercial,,exp-us-services-inc,,Source: CMS list provided; payer IDs vary by clearinghouse/plan.
iCare,Medicare Advantage,,icare,,Source: CMS list provided; payer IDs vary by clearinghouse/plan.
"iCircle Services of the Finger Lakes, Inc",Medicare Advantage,,icircle-services-of-the-finger-lakes-inc,,Source: CMS list provided; payer IDs vary by clearinghouse/plan.
"iHeart Media, Inc.",Commercial,,iheart-media-inc,,Source: CMS list provided; payer IDs vary by clearinghouse/plan.
lutheran medical center,Commercial,,lutheran-medical-center,,Source: CMS list provided; payer IDs vary by clearinghouse/plan.
myPlace PACE,Medicare Advantage,,myplace-pace,,Source: CMS list provided; payer IDs vary by clearinghouse/plan.
"nHealth, Inc.",Commercial,,nhealth-inc,,Source: CMS list provided; payer IDs vary by clearinghouse/plan.
www.cscpace.org,Medicare Advantage,,www-cscpace-org,,Source: CMS list provided; payer IDs vary by clearinghouse/plan.
