display_name,value_key
"3B Group, Inc.",3b-group-inc
4 Ever Life Insurance Company,4-ever-life-insurance-company
"AAA Access Dental Plan of Texas, Inc.",aaa-access-dental-plan-of-texas-inc
ABC Auto Parts Ltd,abc-auto-parts-ltd
ACE American Insurance Company,ace-american-insurance-company
ACE Property and Casualty Insurance Company,ace-property-and-casualty-insurance-company
"ACN Group of California, Inc.",acn-group-of-california-inc
"ADS Alliance Data Systems, Inc.",ads-alliance-data-systems-inc
AHF,ahf
ALAMEDA ALLIANCE FOR HEALTH,alameda-alliance-for-health
ALBRIGHT CARE SERVICES,albright-care-services
AMERICAN COMMUNITY MUTUAL INSURANCE COMPANY,american-community-mutual-insurance-company
AMERICAN FIDELITY ASSURANCE COMPANY,american-fidelity-assurance-company
AMERICAN SYSTEMS,american-systems
"AMGP Georgia Managed Care Company, Inc. dba Anthem Blue Cross and Blue Shield",amgp-georgia-managed-care-company-inc-dba-anthem-blue-cross-and-blue-shield
AMH Health,amh-health
AS America,as-america
ASEA/AFSCME Local 52 Health Benefits Trust,asea-afscme-local-52-health-benefits-trust
ATRIO Health Plans,atrio-health-plans
AXA Equitable Life Insurance Company,axa-equitable-life-insurance-company
"Absolute Total Care, Inc",absolute-total-care-inc
Access Dental Plan,access-dental-plan
"Access Dental Plan of Utah, Inc",access-dental-plan-of-utah-inc
Access TCA,access-tca
"Access to Care Health Plan, LLC.",access-to-care-health-plan-llc
"Advantage Health Solutions, Inc.",advantage-health-solutions-inc
"Advantage Resourcing America, Inc.",advantage-resourcing-america-inc
"Advantica Dental Benefits, Inc.",advantica-dental-benefits-inc
Advantica Insurance Company,advantica-insurance-company
"Advantica, Inc.",advantica-inc
Aegis Security Insurance Company,aegis-security-insurance-company
Aetna Better Health Premier Plan,aetna-better-health-premier-plan
Aetna Better Health of New Jersey,aetna-better-health-of-new-jersey
"Aetna Better Health of Ohio, MyCare Ohio",aetna-better-health-of-ohio-mycare-ohio
Aetna Better Health of Virginia,aetna-better-health-of-virginia
Aetna Health Inc. (a CT corp.),aetna-health-inc-a-ct-corp
Aetna Health Inc. (a FL corp.),aetna-health-inc-a-fl-corp
Aetna Health Inc. (a GA corp.),aetna-health-inc-a-ga-corp
Aetna Health Inc. (a LA corp.),aetna-health-inc-a-la-corp
Aetna Health Inc. (a ME corp.),aetna-health-inc-a-me-corp
Aetna Health Inc. (a NJ corp.),aetna-health-inc-a-nj-corp
Aetna Health Inc. (a NY corp.),aetna-health-inc-a-ny-corp
Aetna Health Inc. (a PA corp.),aetna-health-inc-a-pa-corp
Aetna Health Inc. (a TX corp.),aetna-health-inc-a-tx-corp
"Aetna Health Inc., a Georgia Corp",aetna-health-inc-a-georgia-corp
Aetna Health Insurance Company,aetna-health-insurance-company
Aetna Health Insurance Company of New York,aetna-health-insurance-company-of-new-york
Aetna Health and Life Insurance Company,aetna-health-and-life-insurance-company
Aetna Health of California Inc.,aetna-health-of-california-inc
Aetna Health of Iowa Inc.,aetna-health-of-iowa-inc
Aetna Health of Utah Inc.,aetna-health-of-utah-inc
"Aetna HealthAssurance Pennsylvania, Inc.",aetna-healthassurance-pennsylvania-inc
Aetna Life Insurance Company,aetna-life-insurance-company
Aetna Medicare,aetna-medicare
Affiliated Foods Cooperative Inc,affiliated-foods-cooperative-inc
"Affinity Health Plan, Inc.",affinity-health-plan-inc
AgeRight Advantage,ageright-advantage
AgeWell PACE,agewell-pace
"Al Warren Oil Co., Inc.",al-warren-oil-co-inc
Alameda Alliance Joint Powers Authority,alameda-alliance-joint-powers-authority
Align Senior Care,align-senior-care
"Align Senior Care Florida, Inc.",align-senior-care-florida-inc
Align powered by Sanford Health Plan,align-powered-by-sanford-health-plan
Alignment Health Plan,alignment-health-plan
"Alignment Health Plan (f/k/a Honored Citizen's Choice Health Plan, Inc.)",alignment-health-plan-f-k-a-honored-citizen-s-choice-health-plan-inc
All Savers Insurance Company,all-savers-insurance-company
All Savers Life Insurance Company of California,all-savers-life-insurance-company-of-california
"All States Ag Parts, Inc",all-states-ag-parts-inc
AllCare Advantage,allcare-advantage
Allegian Insurance Company,allegian-insurance-company
"Allegiance Life & Health Insurance Company, Inc.",allegiance-life-and-health-insurance-company-inc
"Allegiance Life & Health Insurance, Inc.",allegiance-life-and-health-insurance-inc
Alliance Health and Life Insurance Company,alliance-health-and-life-insurance-company
Alliant Health Plans,alliant-health-plans
"Alliant Health Plans, Inc.",alliant-health-plans-inc
Allianz Life Insurance Company of New York,allianz-life-insurance-company-of-new-york
Allianz Life Insurance Company of North America,allianz-life-insurance-company-of-north-america
Allina Health Aetna Medicare,allina-health-aetna-medicare
Allina Health and Aetna Insurance Company,allina-health-and-aetna-insurance-company
AlohaCare,alohacare
"Alpha Dental Programs, Inc.",alpha-dental-programs-inc
"Alpha Dental of Alabama, Inc.",alpha-dental-of-alabama-inc
"Alpha Dental of Arizona, Inc.",alpha-dental-of-arizona-inc
"Alpha Dental of Nevada, Inc.",alpha-dental-of-nevada-inc
"Alpha Dental of New Mexico, Inc.",alpha-dental-of-new-mexico-inc
"Alpha Dental of Utah, Inc.",alpha-dental-of-utah-inc
AltaMed Health Services Corporation,altamed-health-services-corporation
Alterwood Advantage,alterwood-advantage
"Altus Dental Insurance Company, Inc.",altus-dental-insurance-company-inc
Amalgamated Life Insurance Company,amalgamated-life-insurance-company
Ambetter Health of Florida Inc,ambetter-health-of-florida-inc
"Ambetter Health of Louisiana, Inc.",ambetter-health-of-louisiana-inc
Ambetter Health of Pennsylvania,ambetter-health-of-pennsylvania
Ambetter Health of Texas Inc,ambetter-health-of-texas-inc
Ambetter of Magnolia Inc.,ambetter-of-magnolia-inc
Ambetter of North Carolina Inc.,ambetter-of-north-carolina-inc
Ambetter of Peach State Inc.,ambetter-of-peach-state-inc
"Amedisys Holding, LLC",amedisys-holding-llc
"AmeriChoice of Connecticut, Inc.",americhoice-of-connecticut-inc
AmeriHealth,amerihealth
"AmeriHealth Caritas Florida, Inc.",amerihealth-caritas-florida-inc
"AmeriHealth Caritas Louisiana, Inc.",amerihealth-caritas-louisiana-inc
"AmeriHealth Caritas North Carolina, Inc.",amerihealth-caritas-north-carolina-inc
AmeriHealth Caritas VIP Care (HMO-D-SNP),amerihealth-caritas-vip-care-hmo-d-snp
AmeriHealth Caritas VIP Care Plus,amerihealth-caritas-vip-care-plus
"AmeriHealth Caritas VIP Next, Inc.",amerihealth-caritas-vip-next-inc
"AmeriHealth HMO, Inc.",amerihealth-hmo-inc
AmeriHealth Ins Company of New Jersey,amerihealth-ins-company-of-new-jersey
American Alternative Insurance Corp,american-alternative-insurance-corp
American Family Insurance,american-family-insurance
American Family Insurance Company,american-family-insurance-company
American Family Life Assurance Company of Columbus,american-family-life-assurance-company-of-columbus
American Family Life Assurance Company of New York,american-family-life-assurance-company-of-new-york
American Family Mutual Insurance Company,american-family-mutual-insurance-company
American General Life Insurance Company,american-general-life-insurance-company
American General Life and Accident,american-general-life-and-accident
American General Life and Accident Insurance Company,american-general-life-and-accident-insurance-company
American Health Advantage of Florida,american-health-advantage-of-florida
American Health Advantage of Indiana,american-health-advantage-of-indiana
American Health Advantage of Louisiana,american-health-advantage-of-louisiana
American Health Advantage of MS,american-health-advantage-of-ms
American Health Advantage of Missouri,american-health-advantage-of-missouri
American Health Advantage of Oklahoma,american-health-advantage-of-oklahoma
American Health Advantage of Pennsylvania,american-health-advantage-of-pennsylvania
American Health Advantage of Tennessee,american-health-advantage-of-tennessee
American Health Advantage of Texas,american-health-advantage-of-texas
American Health Advantage of Utah,american-health-advantage-of-utah
American Heritage Life Insurance Company,american-heritage-life-insurance-company
American Income Life Insurance Co,american-income-life-insurance-co
American Medical Security Life Ins Co,american-medical-security-life-ins-co
American Medical Security Life Insurance Company,american-medical-security-life-insurance-company
American National Insurance Company,american-national-insurance-company
American National Life Insurance Company of Texas,american-national-life-insurance-company-of-texas
American Progressive Life & Health Insurance Compa,american-progressive-life-and-health-insurance-compa
American Progressive Life & Health Insurance Company of New York,american-progressive-life-and-health-insurance-company-of-new-york
American Republic Insurance Company,american-republic-insurance-company
American Sentinel Insurance Company,american-sentinel-insurance-company
American Shipping & Logistics Group Inc.,american-shipping-and-logistics-group-inc
American Specialty Health Insurance Company,american-specialty-health-insurance-company
"American Specialty Health Plans of California, Inc.",american-specialty-health-plans-of-california-inc
American States Insurance Company,american-states-insurance-company
American Underwriters Life Insurance Company,american-underwriters-life-insurance-company
"Amerigroup Texas, Inc.",amerigroup-texas-inc
Amerihealth Caritas Iowa,amerihealth-caritas-iowa
Ameritas Life Insurance Corp.,ameritas-life-insurance-corp
Ameritas Life Insurance Corp. Of NY,ameritas-life-insurance-corp-of-ny
Angle Insurance Company of Utah,angle-insurance-company-of-utah
Ansaldo STS USA,ansaldo-sts-usa
Anthem BC Life & Health Co(Anthem BC),anthem-bc-life-and-health-co-anthem-bc
Anthem Blue Cross,anthem-blue-cross
Anthem Blue Cross Life and Health Insurance Company,anthem-blue-cross-life-and-health-insurance-company
"Anthem Blue Cross Life and Health Insurance Company, Inc.",anthem-blue-cross-life-and-health-insurance-company-inc
Anthem Blue Cross Partnership Plan,anthem-blue-cross-partnership-plan
Anthem Blue Cross and Blue Shield,anthem-blue-cross-and-blue-shield
Anthem Blue Cross and Blue Shield HP,anthem-blue-cross-and-blue-shield-hp
"Anthem HP, LLC",anthem-hp-llc
Anthem Health Plans Inc(Anthem BCBS),anthem-health-plans-inc-anthem-bcbs
"Anthem Health Plans of Kentucky, Inc.",anthem-health-plans-of-kentucky-inc
Anthem Health Plans of ME(Anthem BCBS),anthem-health-plans-of-me-anthem-bcbs
"Anthem Health Plans of Maine, Inc.",anthem-health-plans-of-maine-inc
Anthem Health Plans of NH(Anthem BCBS),anthem-health-plans-of-nh-anthem-bcbs
"Anthem Health Plans of New Hampshire, Inc.",anthem-health-plans-of-new-hampshire-inc
"Anthem Health Plans of Virginia, Inc.",anthem-health-plans-of-virginia-inc
"Anthem Health Plans, Inc.",anthem-health-plans-inc
"Anthem HealthChoice Assurance, Inc.",anthem-healthchoice-assurance-inc
Anthem HealthChoice HMO Inc,anthem-healthchoice-hmo-inc
Anthem HealthKeepers,anthem-healthkeepers
Anthem Ins Companies Inc(Anthem BCBS),anthem-ins-companies-inc-anthem-bcbs
"Anthem Insurance Companies, Inc.",anthem-insurance-companies-inc
"Antidote Health Plan of Arizona, Inc.",antidote-health-plan-of-arizona-inc
Antidote Health Plan of Ohio,antidote-health-plan-of-ohio
"Apex Tool Group, LLC",apex-tool-group-llc
"Appalachian Agency for Senior Citizens, Inc",appalachian-agency-for-senior-citizens-inc
"Applied Industrial Technologies, Inc.",applied-industrial-technologies-inc
ArchCare Senior Life,archcare-senior-life
Arches Mutual Insurance Company,arches-mutual-insurance-company
"Argus Dental & Vision, Inc",argus-dental-and-vision-inc
"Arizona Dental Insurance Service, Inc.",arizona-dental-insurance-service-inc
Arizona Pipeline Company,arizona-pipeline-company
Arkansas Blue Medicare,arkansas-blue-medicare
Ascension Complete,ascension-complete
Ascension Living Alexian PACE,ascension-living-alexian-pace
Ascension Living HOPE,ascension-living-hope
Ascension Living PACE Michigan,ascension-living-pace-michigan
Ascension Living St. Vincent PACE,ascension-living-st-vincent-pace
Aspire Health,aspire-health
"Aspirus Arise Health Plan of Michigan, Inc.",aspirus-arise-health-plan-of-michigan-inc
Aspirus Health Plan,aspirus-health-plan
"Aspirus Health Plan, Inc.",aspirus-health-plan-inc
Associated Mutual Insurance,associated-mutual-insurance
Association Mutual Health Insurance Company,association-mutual-health-insurance-company
Assurity Life Insurance Company,assurity-life-insurance-company
Astiva Health,astiva-health
AstraZeneca Pharmaceuticals LP,astrazeneca-pharmaceuticals-lp
Asuris Northwest Health,asuris-northwest-health
"Athens Area Health Plan Select, Inc.",athens-area-health-plan-select-inc
AtlantiCare LIFE Connection,atlanticare-life-connection
Atlantis Health Plan,atlantis-health-plan
"Atlas Machine & Supply, Inc.",atlas-machine-and-supply-inc
Atlas Roofing Corporation,atlas-roofing-corporation
Atwood Mobile Products LLC,atwood-mobile-products-llc
AultCare Insurance Company,aultcare-insurance-company
"Auxilio Platino, Inc.",auxilio-platino-inc
AvMed Medicare,avmed-medicare
"AvMed, Inc.",avmed-inc
Avalon Insurance Company,avalon-insurance-company
Avante Behavioral Health Plan,avante-behavioral-health-plan
"Avera Health Plans, Inc.",avera-health-plans-inc
Avista Corporation,avista-corporation
Axis Insurance Company,axis-insurance-company
"BAE Systems, Inc.",bae-systems-inc
BCBS of Wisconsin(Anthem BCBS),bcbs-of-wisconsin-anthem-bcbs
"BCBSD, Inc.",bcbsd-inc
"BCBSM, INC.",bcbsm-inc
"BCBSMN, Inc., dba Blue Cross and Blue Shield of Minnesota",bcbsmn-inc-dba-blue-cross-and-blue-shield-of-minnesota
BCS Insurance Company,bcs-insurance-company
BD of Trustees Patriot Retirees VEBA,bd-of-trustees-patriot-retirees-veba
BEST Life and Health Insurance Company,best-life-and-health-insurance-company
BIC Corporation,bic-corporation
"BJ's Wholesale Club, Inc.",bj-s-wholesale-club-inc
BKZ Benefits Group Inc.,bkz-benefits-group-inc
Babcock Power Inc.,babcock-power-inc
"Bader Rutter & Associates, Inc.",bader-rutter-and-associates-inc
Badmus Insurance Agency,badmus-insurance-agency
"Baker Boy Bake Shop, Inc.",baker-boy-bake-shop-inc
Bankers Life Insurance Company,bankers-life-insurance-company
Bankers Life and Casualty,bankers-life-and-casualty
Bankers Life and Casualty Company,bankers-life-and-casualty-company
Bankers Reserve Life Insurance Co.,bankers-reserve-life-insurance-co
Banner Health and Aetna Health Insurance Company,banner-health-and-aetna-health-insurance-company
Banner Health and Aetna Health Plan Inc.,banner-health-and-aetna-health-plan-inc
Banner Life Insurance Company,banner-life-insurance-company
Banner Medicare Advantage,banner-medicare-advantage
Banyan Community Health Center,banyan-community-health-center
Baptist Health PACE,baptist-health-pace
"Baptist Health Plan, Inc.",baptist-health-plan-inc
BayCare Health Plans,baycare-health-plans
Baylor Scott & White Health Plan,baylor-scott-and-white-health-plan
Baylor Scott & White Insurance Company,baylor-scott-and-white-insurance-company
"BeHealthy Florida, Inc.",behealthy-florida-inc
"Bear River Mental Health Services, Inc.",bear-river-mental-health-services-inc
Bienvivir Senior Health Services,bienvivir-senior-health-services
Biformis,biformis
"Blossman Gas, Inc.",blossman-gas-inc
Blue Care Network,blue-care-network
Blue Care Network of Michigan,blue-care-network-of-michigan
Blue Care of Michigan,blue-care-of-michigan
Blue Cross & Blue Shield of Mississippi,blue-cross-and-blue-shield-of-mississippi
Blue Cross & Blue Shield of Rhode Island,blue-cross-and-blue-shield-of-rhode-island
Blue Cross Blue Shield Association,blue-cross-blue-shield-association
"Blue Cross Blue Shield Healthcare Plan of Georgia, Inc.",blue-cross-blue-shield-healthcare-plan-of-georgia-inc
Blue Cross Blue Shield of Arizona (AZ Blue),blue-cross-blue-shield-of-arizona-az-blue
Blue Cross Blue Shield of Arizona Health Choice,blue-cross-blue-shield-of-arizona-health-choice
Blue Cross Blue Shield of Illinois,blue-cross-blue-shield-of-illinois
Blue Cross Blue Shield of Massachusetts,blue-cross-blue-shield-of-massachusetts
Blue Cross Blue Shield of Michigan,blue-cross-blue-shield-of-michigan
Blue Cross Blue Shield of Michigan Mutual Insurance Company,blue-cross-blue-shield-of-michigan-mutual-insurance-company
Blue Cross Blue Shield of Minnesota,blue-cross-blue-shield-of-minnesota
Blue Cross Blue Shield of Montana,blue-cross-blue-shield-of-montana
Blue Cross Blue Shield of NC,blue-cross-blue-shield-of-nc
Blue Cross Blue Shield of New Mexico,blue-cross-blue-shield-of-new-mexico
Blue Cross Blue Shield of North Dakota,blue-cross-blue-shield-of-north-dakota
Blue Cross Blue Shield of Oklahoma,blue-cross-blue-shield-of-oklahoma
Blue Cross Blue Shield of South Carolina,blue-cross-blue-shield-of-south-carolina
Blue Cross Blue Shield of Texas,blue-cross-blue-shield-of-texas
Blue Cross Blue Shield of Vermont,blue-cross-blue-shield-of-vermont
Blue Cross Blue Shield of Wisconsin,blue-cross-blue-shield-of-wisconsin
Blue Cross Blue Shield of Wyoming,blue-cross-blue-shield-of-wyoming
Blue Cross Community MMAI,blue-cross-community-mmai
Blue Cross and Blue Shield of Alabama,blue-cross-and-blue-shield-of-alabama
"Blue Cross and Blue Shield of Arizona, Inc.",blue-cross-and-blue-shield-of-arizona-inc
Blue Cross and Blue Shield of Florida,blue-cross-and-blue-shield-of-florida
"Blue Cross and Blue Shield of Florida, Inc.",blue-cross-and-blue-shield-of-florida-inc
"Blue Cross and Blue Shield of Georgia, Inc.",blue-cross-and-blue-shield-of-georgia-inc
"Blue Cross and Blue Shield of IL, NM",blue-cross-and-blue-shield-of-il-nm
"Blue Cross and Blue Shield of IL, NM, OK, TX",blue-cross-and-blue-shield-of-il-nm-ok-tx
Blue Cross and Blue Shield of Illinois,blue-cross-and-blue-shield-of-illinois
Blue Cross and Blue Shield of Kansas,blue-cross-and-blue-shield-of-kansas
Blue Cross and Blue Shield of Kansas City,blue-cross-and-blue-shield-of-kansas-city
"Blue Cross and Blue Shield of Kansas, Inc.",blue-cross-and-blue-shield-of-kansas-inc
Blue Cross and Blue Shield of Louisiana,blue-cross-and-blue-shield-of-louisiana
"Blue Cross and Blue Shield of Massachusetts HMO Blue, Inc.",blue-cross-and-blue-shield-of-massachusetts-hmo-blue-inc
"Blue Cross and Blue Shield of Massachusetts, Inc.",blue-cross-and-blue-shield-of-massachusetts-inc
Blue Cross and Blue Shield of Minnesota,blue-cross-and-blue-shield-of-minnesota
Blue Cross and Blue Shield of Montana,blue-cross-and-blue-shield-of-montana
Blue Cross and Blue Shield of NC,blue-cross-and-blue-shield-of-nc
"Blue Cross and Blue Shield of NM, TX",blue-cross-and-blue-shield-of-nm-tx
Blue Cross and Blue Shield of Nebraska,blue-cross-and-blue-shield-of-nebraska
Blue Cross and Blue Shield of New Mexico,blue-cross-and-blue-shield-of-new-mexico
Blue Cross and Blue Shield of North Carolina,blue-cross-and-blue-shield-of-north-carolina
"Blue Cross and Blue Shield of OK, TX",blue-cross-and-blue-shield-of-ok-tx
Blue Cross and Blue Shield of Oklahoma,blue-cross-and-blue-shield-of-oklahoma
Blue Cross and Blue Shield of South Carolina,blue-cross-and-blue-shield-of-south-carolina
Blue Cross and Blue Shield of Texas,blue-cross-and-blue-shield-of-texas
Blue Cross and Blue Shield of Vermont,blue-cross-and-blue-shield-of-vermont
Blue Cross of California,blue-cross-of-california
Blue Cross of California(Anthem BC),blue-cross-of-california-anthem-bc
Blue Cross of Idaho,blue-cross-of-idaho
"Blue Cross of Idaho Health Service, Inc.",blue-cross-of-idaho-health-service-inc
Blue Cross of Northeastern Pennsylvania,blue-cross-of-northeastern-pennsylvania
Blue Medicare Advantage,blue-medicare-advantage
Blue MedicareRx,blue-medicarerx
Blue Plus,blue-plus
Blue Ridge Independence at Home,blue-ridge-independence-at-home
Blue Shield of CA Life & Health Ins Co,blue-shield-of-ca-life-and-health-ins-co
Blue Shield of California,blue-shield-of-california
BlueCare Plus Tennessee,bluecare-plus-tennessee
"BlueChoice HealthPlan of South Carolina, Inc.",bluechoice-healthplan-of-south-carolina-inc
"BlueCross BlueShield Kansas Solutions, Inc.",bluecross-blueshield-kansas-solutions-inc
BlueCross BlueShield of Tennessee,bluecross-blueshield-of-tennessee
"BlueCross BlueShield of Tennessee, Inc.",bluecross-blueshield-of-tennessee-inc
BlueRx (PDP),bluerx-pdp
BlueScripts,bluescripts
"Bluegrass Family Health, Inc.",bluegrass-family-health-inc
Bluegrass PACE Care,bluegrass-pace-care
Bluestem PACE,bluestem-pace
"Bojangles' Restaurants, Inc.",bojangles-restaurants-inc
BoldAge PACE,boldage-pace
Boone County National Bank,boone-county-national-bank
"Boston Medical Center Health Plan, Inc.",boston-medical-center-health-plan-inc
"Bowlin Group, LLC",bowlin-group-llc
Brandman Centers for Senior Care,brandman-centers-for-senior-care
Braven Health,braven-health
BridgeSpan Health Company,bridgespan-health-company
Bright Health Company of Arizona,bright-health-company-of-arizona
Bright Health Company of Georgia,bright-health-company-of-georgia
Bright Health Company of North Carolina,bright-health-company-of-north-carolina
Bright Health Company of South Carolina,bright-health-company-of-south-carolina
Bright Health Insurance Company,bright-health-insurance-company
Bright Health Insurance Company of Florida,bright-health-insurance-company-of-florida
Bright Health Insurance Company of Illinois,bright-health-insurance-company-of-illinois
Bright Health Insurance Company of Tennessee,bright-health-insurance-company-of-tennessee
Bright HealthCare Insurance Company of Texas,bright-healthcare-insurance-company-of-texas
Brilliance HealthPlans,brilliance-healthplans
Brocade Communications Systems Inc.,brocade-communications-systems-inc
"Broward PACE Program, LLC",broward-pace-program-llc
Brown Distributing,brown-distributing
Buckeye Community Health Plan,buckeye-community-health-plan
Buckeye Health Plan - MyCare Ohio,buckeye-health-plan-mycare-ohio
"Buckeye Health Plan Community Solutions, Inc.",buckeye-health-plan-community-solutions-inc
Buckeye PACE,buckeye-pace
C and O Employees' Hospital Association,c-and-o-employees-hospital-association
CA Physician's Service dba Blue Shield of CA,ca-physician-s-service-dba-blue-shield-of-ca
"CAID Industries, Inc.",caid-industries-inc
"CBIZ, Inc.",cbiz-inc
CCHP (Chinese Community Health Plan),cchp-chinese-community-health-plan
CCL Industries Corporation,ccl-industries-corporation
CDPHP Medicare Advantage,cdphp-medicare-advantage
CDPHP Universal Benefits Inc.,cdphp-universal-benefits-inc
CGI & test company 1,cgi-and-test-company-1
CGI & test company 1 Edit3,cgi-and-test-company-1-edit3
CGI Company Test,cgi-company-test
CGI DJR Test Site,cgi-djr-test-site
CGI Prod Test Company 99,cgi-prod-test-company-99
CGI Test Company,cgi-test-company
CGI Test Company 2,cgi-test-company-2
CGI Test Company 6,cgi-test-company-6
CGI Test Issuer,cgi-test-issuer
CGI Test Issuer WS Name Change,cgi-test-issuer-ws-name-change
CGI test company 1,cgi-test-company-1
CGI test company 3,cgi-test-company-3
CHA PACE,cha-pace
CHRISTUS Health Advantage,christus-health-advantage
CHRISTUS Health Plan,christus-health-plan
CHRISTUS Health Plan Louisiana,christus-health-plan-louisiana
"CIGNA HealthCare of Connecticut, Inc.",cigna-healthcare-of-connecticut-inc
"CIGNA HealthCare of New Hampshire, Inc.",cigna-healthcare-of-new-hampshire-inc
"CMD Health, Inc.",cmd-health-inc
COMMERCIAL TRAVELERS MUTUAL INSURANCE COMPANY,commercial-travelers-mutual-insurance-company
CONTRA COSTA HEALTH PLAN,contra-costa-health-plan
COUNTY OF LOS ANGELES - DEPARTMENT OF HEALTH SERVICES,county-of-los-angeles-department-of-health-services
CalCPA Group Insurance Trust,calcpa-group-insurance-trust
CalOptima Health OneCare,caloptima-health-onecare
CalOptima PACE,caloptima-pace
"California Dental Network, Inc.",california-dental-network-inc
California Motor Dealers Employee BT,california-motor-dealers-employee-bt
"Calnet, Inc",calnet-inc
Canyon Insurance Group,canyon-insurance-group
Capital Advantage Assurance Company,capital-advantage-assurance-company
Capital Advantage Insurance Company CAIC,capital-advantage-insurance-company-caic
Capital Blue Cross,capital-blue-cross
Capital BlueCross,capital-bluecross
Capital District Physicians Health Plan Inc.,capital-district-physicians-health-plan-inc
Capital Health LIFE,capital-health-life
Capital Health Plan,capital-health-plan
"Capital Senior Living, Inc.",capital-senior-living-inc
Care Guide Partners,care-guide-partners
Care Resources,care-resources
Care1st Health Plan,care1st-health-plan
Care1st Helth Plan,care1st-helth-plan
"CareFirst BlueChoice, Inc.",carefirst-bluechoice-inc
CareFirst BlueCross BlueShield Group Prescription Drug Plan,carefirst-bluecross-blueshield-group-prescription-drug-plan
CareFirst BlueCross BlueShield Medicare Advantage,carefirst-bluecross-blueshield-medicare-advantage
CareFirst BlueCross BlueShield Medicare Advantage Dual Prime,carefirst-bluecross-blueshield-medicare-advantage-dual-prime
"CareFirst of Maryland, Inc.",carefirst-of-maryland-inc
CareOregon Advantage,careoregon-advantage
CarePartners PACE,carepartners-pace
CarePartners of Connecticut,carepartners-of-connecticut
"CarePlus Health Plans, Inc.",careplus-health-plans-inc
"CarePoint HMO, LLC",carepoint-hmo-llc
CarePoint Insurance Company,carepoint-insurance-company
CareSource,caresource
CareSource Arkansas Health Plan Co,caresource-arkansas-health-plan-co
CareSource Georgia Co.,caresource-georgia-co
"CareSource Indiana, Inc.",caresource-indiana-inc
CareSource Iowa Co.,caresource-iowa-co
"CareSource Kansas, LLC.",caresource-kansas-llc
CareSource Kentucky Co.,caresource-kentucky-co
CareSource MyCare Ohio,caresource-mycare-ohio
CareSource MyCare Ohio (HMO D-SNP),caresource-mycare-ohio-hmo-d-snp
CareSource Nevada Co,caresource-nevada-co
CareSource North Carolina Co.,caresource-north-carolina-co
"CareSource Ohio, Inc.",caresource-ohio-inc
CareSource Tennessee Co.,caresource-tennessee-co
CareSource West Virginia Co.,caresource-west-virginia-co
Caremark LLC,caremark-llc
"Cariten Health Plan, Inc.",cariten-health-plan-inc
Cariten Insurance Company,cariten-insurance-company
Carolina Care Plan,carolina-care-plan
Carolina SeniorCare,carolina-seniorcare
Carpenters Health and Welfare Trust Fund for California,carpenters-health-and-welfare-trust-fund-for-california
"Catamaran Insurance of Ohio, Inc.",catamaran-insurance-of-ohio-inc
Catawba College,catawba-college
Catawba Valley Medical Center,catawba-valley-medical-center
Catholic Health LIFE,catholic-health-life
Catholic Managed Long Term Care Inc.,catholic-managed-long-term-care-inc
Catholic Special Needs Plan LLC,catholic-special-needs-plan-llc
CeltiCare Health Plan of MA,celticare-health-plan-of-ma
Celtic Insurance Company,celtic-insurance-company
Cenral United Life Insurance Company,cenral-united-life-insurance-company
Centene Management Company,centene-management-company
Centene Venture Company Florida,centene-venture-company-florida
Center For Elders' Independence,center-for-elders-independence
CenterLight Healthcare PACE,centerlight-healthcare-pace
Centra PACE,centra-pace
Central Bancompany Inc,central-bancompany-inc
Central Bank of Audrain County,central-bank-of-audrain-county
Central Health Medicare Plan,central-health-medicare-plan
"Central Health Plan of California, Inc.",central-health-plan-of-california-inc
Central Jersey Municipal Employee Benefits Fund,central-jersey-municipal-employee-benefits-fund
Central Mortgage Company,central-mortgage-company
Central Trust Bank,central-trust-bank
Central Trust and Investment Company,central-trust-and-investment-company
Central United Life Insurance Company,central-united-life-insurance-company
Central Valley PACE,central-valley-pace
"Ceridian HCM, Inc",ceridian-hcm-inc
Champion Health Plan,champion-health-plan
Champion Heath Plan,champion-heath-plan
Cherokee Elder Care,cherokee-elder-care
Cherry Blossom PACE,cherry-blossom-pace
Chester A. Asher Inc.,chester-a-asher-inc
"Cheyenne Newspapers,Inc",cheyenne-newspapers-inc
Chinese Community Health Plan,chinese-community-health-plan
Chorus Community Health Plans,chorus-community-health-plans
Christ Community Health Services Augusta Inc,christ-community-health-services-augusta-inc
Cigna Health and Life Insurance Company,cigna-health-and-life-insurance-company
"Cigna HealthCare of Arizona, Inc",cigna-healthcare-of-arizona-inc
"Cigna HealthCare of California, Inc.",cigna-healthcare-of-california-inc
"Cigna HealthCare of Colorado, Inc.",cigna-healthcare-of-colorado-inc
"Cigna HealthCare of Delaware, Inc.",cigna-healthcare-of-delaware-inc
"Cigna HealthCare of Florida, Inc.",cigna-healthcare-of-florida-inc
"Cigna HealthCare of Georgia, Inc.",cigna-healthcare-of-georgia-inc
"Cigna HealthCare of Illinois, Inc.",cigna-healthcare-of-illinois-inc
"Cigna HealthCare of Indiana, Inc.",cigna-healthcare-of-indiana-inc
"Cigna HealthCare of Maine, Inc.",cigna-healthcare-of-maine-inc
"Cigna HealthCare of Massachusetts, Inc.",cigna-healthcare-of-massachusetts-inc
"Cigna HealthCare of Mid-Atlantic, Inc.",cigna-healthcare-of-mid-atlantic-inc
"Cigna HealthCare of New Jersey, Inc.",cigna-healthcare-of-new-jersey-inc
"Cigna HealthCare of New York, Inc.",cigna-healthcare-of-new-york-inc
"Cigna HealthCare of North Carolina, Inc.",cigna-healthcare-of-north-carolina-inc
"Cigna HealthCare of Pennsylvania, Inc.",cigna-healthcare-of-pennsylvania-inc
"Cigna HealthCare of South Carolina, Inc.",cigna-healthcare-of-south-carolina-inc
"Cigna HealthCare of St Louis, Inc.",cigna-healthcare-of-st-louis-inc
"Cigna HealthCare of St. Louis, Inc",cigna-healthcare-of-st-louis-inc
"Cigna HealthCare of Tennessee, Inc",cigna-healthcare-of-tennessee-inc
"Cigna HealthCare of Texas, Inc.",cigna-healthcare-of-texas-inc
"Cigna HealthCare of Utah, Inc.",cigna-healthcare-of-utah-inc
"Cigna HealthCare-Pacific, Inc.",cigna-healthcare-pacific-inc
Cigna Healthcare,cigna-healthcare
Cigna Worldwide Insurance Company,cigna-worldwide-insurance-company
"Circulo Health of Ohio, Inc.",circulo-health-of-ohio-inc
"Citrus Health Care, Inc.",citrus-health-care-inc
City Bank & Trust Co,city-bank-and-trust-co
City of Duncanville,city-of-duncanville
City of Lakeland,city-of-lakeland
Clear Spring Health,clear-spring-health
Clever Care Health Plan,clever-care-health-plan
Clover Health,clover-health
CoOportunity Health,cooportunity-health
"Coast Aluminum and Architectural, Inc.",coast-aluminum-and-architectural-inc
Cold Spring Granite Company,cold-spring-granite-company
"Colorado Dental Service, Inc.",colorado-dental-service-inc
"Colorado Health Insurance Cooperative, Inc.",colorado-health-insurance-cooperative-inc
Colorado PACE,colorado-pace
Columbia United Providers,columbia-united-providers
Common Ground Healthcare Cooperative,common-ground-healthcare-cooperative
Commonwealth Care Alliance,commonwealth-care-alliance
Commonwealth Care Alliance Massachusetts,commonwealth-care-alliance-massachusetts
Communicare Advantage,communicare-advantage
Community Care,community-care
"Community Care Health Plan, Inc.",community-care-health-plan-inc
Community Care Health Plans of Nevada Inc,community-care-health-plans-of-nevada-inc
Community Care Network Inc,community-care-network-inc
Community First,community-first
"Community First Health Plans, Inc.",community-first-health-plans-inc
Community First Insurance Plans,community-first-insurance-plans
Community Health Alliance Mutual Insurance Company,community-health-alliance-mutual-insurance-company
Community Health Choice,community-health-choice
"Community Health Choice Texas, Inc.",community-health-choice-texas-inc
"Community Health Choice, Inc.",community-health-choice-inc
Community Health Group,community-health-group
Community Health Network of Washington,community-health-network-of-washington
Community Health Plan of WA Medicare Advantage,community-health-plan-of-wa-medicare-advantage
Community Health Plan of Washington,community-health-plan-of-washington
Community Insurance Company,community-insurance-company
Community Insurance Company(Anthem BCBS),community-insurance-company-anthem-bcbs
Community LIFE,community-life
"Community PACE at Home, Inc",community-pace-at-home-inc
CommunityCare HMO Inc.,communitycare-hmo-inc
"CommunityCare HMO, Inc.",communitycare-hmo-inc
CommunityCare Life & Health Insurance Co,communitycare-life-and-health-insurance-co
CommunityCare Life & Health Insurance Company,communitycare-life-and-health-insurance-company
CommunityCare Senior Health Plan (HMO),communitycare-senior-health-plan-hmo
Companion Life Insurance Company,companion-life-insurance-company
Companion Life Insurance Company of California,companion-life-insurance-company-of-california
Companion Life Insurance Company of NY,companion-life-insurance-company-of-ny
Compcare Health Serv Ins Co(Anthem BCBS),compcare-health-serv-ins-co-anthem-bcbs
Compcare Health Services Insurance Corporation,compcare-health-services-insurance-corporation
Complete Senior Care,complete-senior-care
"Comstock Resources, Inc.",comstock-resources-inc
Conair Corporation,conair-corporation
Concert Health Plan Insurance Company,concert-health-plan-insurance-company
Concorde Battery Corporation,concorde-battery-corporation
Confederated Tribes of Siletz Indians COHO Benefit,confederated-tribes-of-siletz-indians-coho-benefit
ConnectiCare,connecticare
"ConnectiCare Benefits, Inc.",connecticare-benefits-inc
"ConnectiCare Insurance Company, Inc.",connecticare-insurance-company-inc
"ConnectiCare of Massachusetts, Inc.",connecticare-of-massachusetts-inc
"ConnectiCare, Inc.",connecticare-inc
"ConnectiCare, Inc. & Affiliates",connecticare-inc-and-affiliates
Connecticut Carpenters Health Fund,connecticut-carpenters-health-fund
Connecticut General Life Insurance Co,connecticut-general-life-insurance-co
Connecticut General Life Insurance Company,connecticut-general-life-insurance-company
Conseco Life Insurance Company,conseco-life-insurance-company
Conseco Life Insurance Company of Texas,conseco-life-insurance-company-of-texas
Consolidated Assoc Of Railroad Employees Hc,consolidated-assoc-of-railroad-employees-hc
Consumers Life Insurance Company,consumers-life-insurance-company
Consumers Mutual Insurance of Michigan,consumers-mutual-insurance-of-michigan
Consumers' Choice Health Insurance Company,consumers-choice-health-insurance-company
Cook Childrens Health Plan,cook-childrens-health-plan
Coordinated Care Corporation,coordinated-care-corporation
Coordinated Care Corporation Indiana,coordinated-care-corporation-indiana
"Coordinated Care of Washington, Inc",coordinated-care-of-washington-inc
"Coordinated Health Mutual, Inc.",coordinated-health-mutual-inc
Corporate Benefits Service Inc,corporate-benefits-service-inc
Corsicana Bedding Inc,corsicana-bedding-inc
Cotton States Life Insurance Company,cotton-states-life-insurance-company
County of Santa Clara,county-of-santa-clara
"County of Ventura, dba Ventura County Health Care Plan",county-of-ventura-dba-ventura-county-health-care-plan
Coventry Health & Life Co.,coventry-health-and-life-co
Coventry Health & Life Insurance Co.,coventry-health-and-life-insurance-co
Coventry Health & Life Insurance Company,coventry-health-and-life-insurance-company
Coventry Health Care Of Kansas Inc,coventry-health-care-of-kansas-inc
"Coventry Health Care of Delaware, Inc.",coventry-health-care-of-delaware-inc
"Coventry Health Care of Florida, Inc.",coventry-health-care-of-florida-inc
"Coventry Health Care of Illinois, Inc.",coventry-health-care-of-illinois-inc
Coventry Health Care of Kansas,coventry-health-care-of-kansas
"Coventry Health Care of Kansas, Inc.",coventry-health-care-of-kansas-inc
"Coventry Health Care of Missouri, Inc.",coventry-health-care-of-missouri-inc
Coventry Health Care of Nebraska Inc.,coventry-health-care-of-nebraska-inc
"Coventry Health Care of Texas, Inc.",coventry-health-care-of-texas-inc
"Coventry Health Care of Virginia, Inc",coventry-health-care-of-virginia-inc
"Coventry Health Care of West Virginia, Inc.",coventry-health-care-of-west-virginia-inc
"Coventry Health Care of the Carolinas, Inc.",coventry-health-care-of-the-carolinas-inc
"Coventry Health Plan of Florida, Inc.",coventry-health-plan-of-florida-inc
Coventry Health and Life,coventry-health-and-life
Coventry Health and Life - TNARMS,coventry-health-and-life-tnarms
Coventry Health and Life Insurance Co.,coventry-health-and-life-insurance-co
"Cox Health Systems HMO, Inc.",cox-health-systems-hmo-inc
Cox Health Systems Insurance Company,cox-health-systems-insurance-company
Cox HealthPlans,cox-healthplans
CrestPoint Health Insurance Company,crestpoint-health-insurance-company
Crystal Run Health Insurance Company Inc.,crystal-run-health-insurance-company-inc
Crystal Run Health Plan LLC,crystal-run-health-plan-llc
"Cumulus Media, Inc.",cumulus-media-inc
Curative Insurance Company,curative-insurance-company
"Curtis Lumber Company, Inc.",curtis-lumber-company-inc
DECO Recovery Management LLC,deco-recovery-management-llc
"DENCAP Dental Plans, Inc.",dencap-dental-plans-inc
"DSM MASSACHUSETTS INSURANCE COMPANY, Inc",dsm-massachusetts-insurance-company-inc
"DST Systems, Inc.",dst-systems-inc
DUVAL ASPHALT PRODUCTS INC,duval-asphalt-products-inc
DYSART UNIFIED SCHOOL DISTRICT,dysart-unified-school-district
Daimler Trucks North America,daimler-trucks-north-america
Dallas Container Corp,dallas-container-corp
Davidson College,davidson-college
Dean Advantage,dean-advantage
Dean Health Plan,dean-health-plan
"Dean Health Plan, Inc",dean-health-plan-inc
"Dean Health Plan, Inc.",dean-health-plan-inc
Delaware American Life Insurance Company,delaware-american-life-insurance-company
Dell Marketing LP,dell-marketing-lp
Delsure Health Insurance Inc,delsure-health-insurance-inc
Delta County Memorial Hospital,delta-county-memorial-hospital
Delta Dental Insurance Company,delta-dental-insurance-company
"Delta Dental Plan of Arkansas, Inc.",delta-dental-plan-of-arkansas-inc
"Delta Dental Plan of Indiana, Inc.",delta-dental-plan-of-indiana-inc
"Delta Dental Plan of Michigan, Inc.",delta-dental-plan-of-michigan-inc
"Delta Dental Plan of New Hampshire, Inc.",delta-dental-plan-of-new-hampshire-inc
Delta Dental Plan of New Mexico,delta-dental-plan-of-new-mexico
"Delta Dental Plan of Ohio, Inc.",delta-dental-plan-of-ohio-inc
Delta Dental Plan of Oklahoma,delta-dental-plan-of-oklahoma
Delta Dental Plan of South Dakota,delta-dental-plan-of-south-dakota
Delta Dental Plan of Vermont Inc,delta-dental-plan-of-vermont-inc
Delta Dental Plan of Wyoming,delta-dental-plan-of-wyoming
Delta Dental of California,delta-dental-of-california
"Delta Dental of Delaware, Inc.",delta-dental-of-delaware-inc
Delta Dental of Idaho,delta-dental-of-idaho
Delta Dental of Illinois,delta-dental-of-illinois
Delta Dental of Iowa,delta-dental-of-iowa
"Delta Dental of Kansas, Inc.",delta-dental-of-kansas-inc
"Delta Dental of Kentucky, Inc.",delta-dental-of-kentucky-inc
Delta Dental of Minnesota,delta-dental-of-minnesota
Delta Dental of Missouri,delta-dental-of-missouri
Delta Dental of Nebraska,delta-dental-of-nebraska
"Delta Dental of New Jersey, Inc.",delta-dental-of-new-jersey-inc
"Delta Dental of New York, Inc.",delta-dental-of-new-york-inc
Delta Dental of North Carolina,delta-dental-of-north-carolina
Delta Dental of Rhode Island,delta-dental-of-rhode-island
Delta Dental of Tennessee,delta-dental-of-tennessee
Delta Dental of Virginia,delta-dental-of-virginia
Delta Dental of Washington,delta-dental-of-washington
Delta Dental of West Virginia,delta-dental-of-west-virginia
"Delta Dental of Wisconsin, Inc.",delta-dental-of-wisconsin-inc
Delta Dental of the District of Columbia,delta-dental-of-the-district-of-columbia
"DentaQuest Mid-Atlantic, Inc.",dentaquest-mid-atlantic-inc
"DentaQuest National Insurance Company, Inc.",dentaquest-national-insurance-company-inc
"DentaQuest USA Insurance Company, Inc.",dentaquest-usa-insurance-company-inc
"DentaQuest of Florida, Inc.",dentaquest-of-florida-inc
"Dental Care Plus, Inc.",dental-care-plus-inc
"Dental Choice, Inc.",dental-choice-inc
Dental Health Services,dental-health-services
"Dental Health Services, Inc.",dental-health-services-inc
"Dental Service of Massachusetts, Inc.",dental-service-of-massachusetts-inc
"Dentcare Delivery Systems, Inc.",dentcare-delivery-systems-inc
Dentegra Insurance Company,dentegra-insurance-company
Dentegra Insurance Company of New England,dentegra-insurance-company-of-new-england
"Denver Health Medical Plan, Inc",denver-health-medical-plan-inc
"Denver Health Medical Plan, Inc.",denver-health-medical-plan-inc
Deseret Mutual Insurance Company,deseret-mutual-insurance-company
Detroit Diesel Corporation,detroit-diesel-corporation
Devoted Health,devoted-health
Dewberry,dewberry
Direct General Life Insurance Company,direct-general-life-insurance-company
"Doctors HealthCare Plans, Inc.",doctors-healthcare-plans-inc
"Dominion Dental Services, Inc.",dominion-dental-services-inc
Dominion National Insurance Company,dominion-national-insurance-company
"Dominion USA, Inc.",dominion-usa-inc
"Doskocil Manufacturing Company, Inc",doskocil-manufacturing-company-inc
"Draeger Medical Systems, Inc",draeger-medical-systems-inc
"Dresser, Inc.",dresser-inc
Driscoll Health System,driscoll-health-system
"ELAN SOLUTIONS, INC.",elan-solutions-inc
EMI Health,emi-health
ERC,erc
ERICO International Corporation,erico-international-corporation
ESSENCE HEALTHCARE OF MINNESOTA CORPORATION,essence-healthcare-of-minnesota-corporation
Eddy SeniorCare,eddy-seniorcare
Educators Health Care,educators-health-care
"Educators Health Plans Health, Inc",educators-health-plans-health-inc
"Educators Health Plans Life, Accident, and Health",educators-health-plans-life-accident-and-health
"Educators Health Plans Life, Accident, and Health, Inc",educators-health-plans-life-accident-and-health-inc
Educators Mutual Insurance Association,educators-mutual-insurance-association
El Paso First Health Plans Inc.,el-paso-first-health-plans-inc
El Paso Health Medicare Advantage,el-paso-health-medicare-advantage
"Elder Service Plan of Harbor Health Services, Inc",elder-service-plan-of-harbor-health-services-inc
ElderONE an Affiliate of Rochester Regional Health,elderone-an-affiliate-of-rochester-regional-health
Elderhaus PACE,elderhaus-pace
Elderplan,elderplan
"Electricians Health & Welfare Plan, IBEW 995",electricians-health-and-welfare-plan-ibew-995
"Element Care, Inc",element-care-inc
Elementis Global LLC,elementis-global-llc
Elevate Medicare Advantage,elevate-medicare-advantage
EmblemHealth,emblemhealth
Empath LIFE,empath-life
Emphesys Insurance Company,emphesys-insurance-company
Empire Bank,empire-bank
"Empire Today, LLC",empire-today-llc
Employee Benefit Management Corp,employee-benefit-management-corp
"Employer Choice Insurance Company, Inc.",employer-choice-insurance-company-inc
Employers Dental Services,employers-dental-services
EnerSys Delaware Inc,enersys-delaware-inc
Engineered Machined Products,engineered-machined-products
Engineered Machined Products Greenfield,engineered-machined-products-greenfield
Enterprise Life Insurance Company,enterprise-life-insurance-company
Essence Healthcare,essence-healthcare
"Essence Healthcare, Inc",essence-healthcare-inc
Estes Express Lines,estes-express-lines
EverTrue PACE,evertrue-pace
"Everence Association, Inc",everence-association-inc
Everence Insurance Company,everence-insurance-company
"Evergreen Health Cooperative, Inc.",evergreen-health-cooperative-inc
Evolent Health LLC,evolent-health-llc
Evolver Issuer 30361,evolver-issuer-30361
Evonik Corporation,evonik-corporation
Excellus Health Plan Community Care LLC,excellus-health-plan-community-care-llc
"Excellus Health Plan, Inc",excellus-health-plan-inc
"Excellus Health Plan, Inc.",excellus-health-plan-inc
Experience Health,experience-health
Express Scripts Medicare,express-scripts-medicare
"FA Wilhelm Construction Co., Inc.",fa-wilhelm-construction-co-inc
FFE RR & Test Issuer 521,ffe-rr-and-test-issuer-521
FFE RR Test Issuer 500,ffe-rr-test-issuer-500
FFE RR Test Issuer 501,ffe-rr-test-issuer-501
FFE RR Test Issuer 502,ffe-rr-test-issuer-502
FFE RR Test Issuer 503,ffe-rr-test-issuer-503
FFE RR Test Issuer 504,ffe-rr-test-issuer-504
FFE RR Test Issuer 505,ffe-rr-test-issuer-505
FFE RR Test Issuer 506,ffe-rr-test-issuer-506
FFE RR Test Issuer 507,ffe-rr-test-issuer-507
FFE RR Test Issuer 508,ffe-rr-test-issuer-508
FFE RR Test Issuer 509,ffe-rr-test-issuer-509
FFE RR Test Issuer 511,ffe-rr-test-issuer-511
FFE RR Test Issuer 512,ffe-rr-test-issuer-512
FFE RR Test Issuer 513,ffe-rr-test-issuer-513
FFE RR Test Issuer 515,ffe-rr-test-issuer-515
FFE RR Test Issuer 516,ffe-rr-test-issuer-516
FFE RR Test Issuer 517,ffe-rr-test-issuer-517
FFE RR Test Issuer 518,ffe-rr-test-issuer-518
FFE RR Test Issuer 520,ffe-rr-test-issuer-520
FFE RR Test Issuer 522,ffe-rr-test-issuer-522
FFE RR Test Issuer 523,ffe-rr-test-issuer-523
FFE RR Test Issuer 524,ffe-rr-test-issuer-524
FFE RR Test Issuer 525,ffe-rr-test-issuer-525
FFE RR Test Issuer 527,ffe-rr-test-issuer-527
FFE RR Test Issuer 528,ffe-rr-test-issuer-528
FFE RR Test Issuer 529,ffe-rr-test-issuer-529
FFE RR Test Issuer 590,ffe-rr-test-issuer-590
FFE RR Test Issuer 596,ffe-rr-test-issuer-596
FFE RR Test Issuer 680,ffe-rr-test-issuer-680
FFE RR Test Issuer 681,ffe-rr-test-issuer-681
FFE RR Test Issuer 682,ffe-rr-test-issuer-682
FFE RR Test Issuer 683,ffe-rr-test-issuer-683
FFE RR Test Issuer 687,ffe-rr-test-issuer-687
FFE RR Test Issuer 692,ffe-rr-test-issuer-692
FIRST CHOICE VIP CARE PLUS,first-choice-vip-care-plus
FRIDAY HEALTH PLANS OF VIRGINIA INC,friday-health-plans-of-virginia-inc
Fallon Community Health Plan,fallon-community-health-plan
"Fallon Community Health Plan, Inc.",fallon-community-health-plan-inc
Fallon Health,fallon-health
Fallon Health & Life Assurance Company,fallon-health-and-life-assurance-company
Fallon Health Weinberg,fallon-health-weinberg
Fallon Health and Life Assurance Co.,fallon-health-and-life-assurance-co
Family Health Hawaii mbs,family-health-hawaii-mbs
"Family Health Network, Inc.",family-health-network-inc
Family Health-Center for Older Adults,family-health-center-for-older-adults
Family HealthCare Network PACE,family-healthcare-network-pace
Family Healthcare Network,family-healthcare-network
"FamilyCare Health Plans, Inc.",familycare-health-plans-inc
Farmers Investment Co.,farmers-investment-co
Federated Mutual Insurance Company,federated-mutual-insurance-company
Fenyx Health,fenyx-health
Fidelity Life Association A Legal Reserve Life Insurance Company,fidelity-life-association-a-legal-reserve-life-insurance-company
First Allmerica Financial Life Ins. Co,first-allmerica-financial-life-ins-co
First Central Bank,first-central-bank
First Choice VIP Care (HMO D-SNP),first-choice-vip-care-hmo-d-snp
First Commonwealth Insurance Company,first-commonwealth-insurance-company
First Commonwealth Limited Health Services Corporation,first-commonwealth-limited-health-services-corporation
First Commonwealth Limited Health Services Corporation of Michigan,first-commonwealth-limited-health-services-corporation-of-michigan
"First Commonwealth of Missouri, Inc.",first-commonwealth-of-missouri-inc
First Health Life & Health Insurance Co.,first-health-life-and-health-insurance-co
"First Medical Health Plan, Inc.",first-medical-health-plan-inc
First National Bank of St. Louis,first-national-bank-of-st-louis
First Priority Health,first-priority-health
"First Priority Life Insurance Company, Inc.",first-priority-life-insurance-company-inc
First Reliance Standard Life Insurance Company,first-reliance-standard-life-insurance-company
"First Source Employee Management, Inc",first-source-employee-management-inc
First United American Life Insurance Company,first-united-american-life-insurance-company
FirstCarolinaCare Insurance Company,firstcarolinacare-insurance-company
"FirstFleet, Inc.",firstfleet-inc
FirstMedicare Direct,firstmedicare-direct
"Flagship Health Systems, Inc.",flagship-health-systems-inc
Flatiron Construction Corporation,flatiron-construction-corporation
Florida Blue,florida-blue
Florida Blue HMO,florida-blue-hmo
Florida Combined Life Insurance Company,florida-combined-life-insurance-company
Florida Complete Care,florida-complete-care
"Florida Health Care Plan, Inc.",florida-health-care-plan-inc
Florida Health Solution HMO Company,florida-health-solution-hmo-company
"Florida Pace Centers, Inc.",florida-pace-centers-inc
Fogo de Chao,fogo-de-chao
Fort Knox Federal Credit Union,fort-knox-federal-credit-union
Franciscan Senior Health & Wellness,franciscan-senior-health-and-wellness
"Frank Miller Lumber Company, Inc.",frank-miller-lumber-company-inc
Frankenmuth Mutual Insurance Company,frankenmuth-mutual-insurance-company
"Freedom Health, Inc.",freedom-health-inc
Freedom Life Insurance,freedom-life-insurance
Freedom Life Insurance Company of America,freedom-life-insurance-company-of-america
"Freelancers CO-OP of New Jersey, Inc.",freelancers-co-op-of-new-jersey-inc
Freelancers Health Service Corporation d/b/a Health Republic Insurance of New York,freelancers-health-service-corporation-d-b-a-health-republic-insurance-of-new-york
"Freelancers Insurance Company, Inc.",freelancers-insurance-company-inc
Fresenius Medical Care- North America,fresenius-medical-care-north-america
Friday Health Insurance Company Inc,friday-health-insurance-company-inc
"Friday Health Plans of Colorado, Inc.",friday-health-plans-of-colorado-inc
"Friday Health Plans of Florida, Inc.",friday-health-plans-of-florida-inc
Friday Health Plans of Georgia Inc,friday-health-plans-of-georgia-inc
Friday Health Plans of Missouri Insurance Company Inc,friday-health-plans-of-missouri-insurance-company-inc
"Friday Health Plans of Nevada, Inc.",friday-health-plans-of-nevada-inc
Friday Health Plans of North Carolina Inc,friday-health-plans-of-north-carolina-inc
Friday Health Plans of Oklahoma Inc,friday-health-plans-of-oklahoma-inc
"Friday Health Plans of Pennsylvania, Inc.",friday-health-plans-of-pennsylvania-inc
"Friday Health Plans of Tennessee, Inc.",friday-health-plans-of-tennessee-inc
G6 Hospitality LLC,g6-hospitality-llc
"GEMCare Health Plan, Inc.",gemcare-health-plan-inc
"GF Insurance, LLC",gf-insurance-llc
"GFSI, Inc",gfsi-inc
GHI HMO an EmblemHealth Company,ghi-hmo-an-emblemhealth-company
GHMSI,ghmsi
"GHS Health Maintenance Organization, Inc. d/b/a Bl",ghs-health-maintenance-organization-inc-d-b-a-bl
"GMS Reinsurance Company, LTD",gms-reinsurance-company-ltd
"GOLDEN DENTAL PLANS, INC.",golden-dental-plans-inc
GTECH Corporatopn,gtech-corporatopn
Garrett County Memorial Hospital,garrett-county-memorial-hospital
Gary and Mary West PACE,gary-and-mary-west-pace
Geisinger Gold,geisinger-gold
Geisinger Health Plan,geisinger-health-plan
Geisinger Indemnity Insurance Company,geisinger-indemnity-insurance-company
Geisinger Quality Options,geisinger-quality-options
"Geisinger Quality Options, Inc.",geisinger-quality-options-inc
General American Life Insurance Company,general-american-life-insurance-company
"Generations Healthcare, Inc.",generations-healthcare-inc
Georgia Health Advantage,georgia-health-advantage
Georgia Health Marketplace LLC,georgia-health-marketplace-llc
Gilbert Hospital,gilbert-hospital
GlobalHealth,globalhealth
"GlobalHealth, Inc.",globalhealth-inc
Globe Life and Accident Insurance Co,globe-life-and-accident-insurance-co
Gold Kidney Health Plan,gold-kidney-health-plan
Golden Rule Insurance Company,golden-rule-insurance-company
Golden State Medicare Health Plan,golden-state-medicare-health-plan
"Good Health HMO, Inc. dba Blue Care",good-health-hmo-inc-dba-blue-care
Grand Valley Health Plan,grand-valley-health-plan
Granite Alliance,granite-alliance
Graphic Arts Benefit Corporation,graphic-arts-benefit-corporation
Great Lakes PACE,great-lakes-pace
Great Plains Medicare Advantage,great-plains-medicare-advantage
Great Southern Life Insurance Company,great-southern-life-insurance-company
"Group Administrators, Ltd.",group-administrators-ltd
Group Benefit Services Inc.,group-benefit-services-inc
Group Health Cooperative of Eau Claire,group-health-cooperative-of-eau-claire
Group Health Cooperative of South Central Wisconsin,group-health-cooperative-of-south-central-wisconsin
Group Health Incorporated,group-health-incorporated
"Group Health Plan, Inc.",group-health-plan-inc
Group Hospitalization and Medical Services Inc.,group-hospitalization-and-medical-services-inc
Guarantee Trust Life Insurance Co.,guarantee-trust-life-insurance-co
Guarantee Trust Life Insurance Company,guarantee-trust-life-insurance-company
Guardian Life Insurance Company of America,guardian-life-insurance-company-of-america
H&E Equipment Services,h-and-e-equipment-services
HAP CareSource,hap-caresource
HAP CareSource MI Health Link,hap-caresource-mi-health-link
HAP Senior Plus,hap-senior-plus
HAP Senior Plus (PPO),hap-senior-plus-ppo
"HBD Industries, Inc.",hbd-industries-inc
HCC Life Insurance Company,hcc-life-insurance-company
HD Supply,hd-supply
HEALTH PLAN OF SAN MATEO,health-plan-of-san-mateo
HEALTHCHOICE of MICHIGAN,healthchoice-of-michigan
HIP Insurance Company of New York,hip-insurance-company-of-new-york
HM Health Insurance Company,hm-health-insurance-company
HM Life Insurance Company,hm-life-insurance-company
HM Life Insurance Company of New York,hm-life-insurance-company-of-new-york
"HMO Colorado, Inc.",hmo-colorado-inc
"HMO Colorado, Inc., dba HMO Nevada",hmo-colorado-inc-dba-hmo-nevada
"HMO Louisiana, Inc.",hmo-louisiana-inc
HMO Minnesota dba Blue Plus,hmo-minnesota-dba-blue-plus
"HMO Missouri, Inc.",hmo-missouri-inc
"HMO Missouri, Inc.(Anthem BCBS)",hmo-missouri-inc-anthem-bcbs
"HMO Partners, Inc.",hmo-partners-inc
HMSA Akamai Advantage,hmsa-akamai-advantage
HMSAs Medicare Rx Plan,hmsas-medicare-rx-plan
"HOMETOWN HEALTH PLAN, INC",hometown-health-plan-inc
HOMETOWN HEALTH PROVIDERS INS. CO. INC.,hometown-health-providers-ins-co-inc
HPHC Insurance Company Inc.,hphc-insurance-company-inc
"HPHC Insurance Company, Inc",hphc-insurance-company-inc
"HPHC Insurance Company, Inc.",hphc-insurance-company-inc
Habitat Health Sacramento,habitat-health-sacramento
"Hamaspik, Inc.",hamaspik-inc
"Hamilton Storage Technologies, Inc.",hamilton-storage-technologies-inc
Harbor Health Insurance Company,harbor-health-insurance-company
"Harbor Health Plan, Inc.",harbor-health-plan-inc
Harken Health Insurance Company,harken-health-insurance-company
Hartford Life & Accident Insurance Company,hartford-life-and-accident-insurance-company
Harvard Pilgrim Health Care Inc.,harvard-pilgrim-health-care-inc
"Harvard Pilgrim Health Care of Connecticut, Inc.",harvard-pilgrim-health-care-of-connecticut-inc
Harvard Pilgrim Health Care of NE,harvard-pilgrim-health-care-of-ne
"Harvard Pilgrim Health Care of New England, Inc.",harvard-pilgrim-health-care-of-new-england-inc
"Harvard Pilgrim Health Care, Inc.",harvard-pilgrim-health-care-inc
Harvest Land Cooperative,harvest-land-cooperative
Hawaii Dental Service,hawaii-dental-service
Hawaii Medical Assurance Association,hawaii-medical-assurance-association
Hawaii Medical Service Association,hawaii-medical-service-association
"Health Access Pueblo, Inc",health-access-pueblo-inc
"Health Alliance Connect, Inc.",health-alliance-connect-inc
"Health Alliance Medical Plans, Inc.",health-alliance-medical-plans-inc
Health Alliance Medicare,health-alliance-medicare
Health Alliance Midwest Inc.,health-alliance-midwest-inc
"Health Alliance Midwest, Inc.",health-alliance-midwest-inc
Health Alliance Northwest Health Plan,health-alliance-northwest-health-plan
Health Alliance Plan (HAP),health-alliance-plan-hap
Health Care Service Corp. (HCSC),health-care-service-corp-hcsc
Health Choice Arizona Inc,health-choice-arizona-inc
Health Choice Insurance Co.,health-choice-insurance-co
"Health First Commercial Plans, Inc.",health-first-commercial-plans-inc
"Health First Government Plans, Inc.",health-first-government-plans-inc
"Health First Health Plans, Inc.",health-first-health-plans-inc
"Health First Insurance, Inc.",health-first-insurance-inc
Health Insurance Plan of Greater New York,health-insurance-plan-of-greater-new-york
Health Matters of Central Oregon,health-matters-of-central-oregon
Health Net Community Solutions of Arizona Inc,health-net-community-solutions-of-arizona-inc
"Health Net Health Plan of Oregon, Inc",health-net-health-plan-of-oregon-inc
"Health Net Health Plan of Oregon, Inc.",health-net-health-plan-of-oregon-inc
"Health Net Insurance of New York, Inc.",health-net-insurance-of-new-york-inc
Health Net Life Insurance Company,health-net-life-insurance-company
"Health Net of Arizona, Inc",health-net-of-arizona-inc
"Health Net of Arizona, Inc.",health-net-of-arizona-inc
"Health Net of California, Inc",health-net-of-california-inc
"Health Net of Connecticut, Inc.",health-net-of-connecticut-inc
"Health Net of New York, Inc.",health-net-of-new-york-inc
Health New England Medicare Advantage Plans,health-new-england-medicare-advantage-plans
"Health New England, Inc.",health-new-england-inc
"Health Options, Inc.",health-options-inc
Health Partners of Philadelphia Inc.,health-partners-of-philadelphia-inc
"Health Plan of Nevada, Inc.",health-plan-of-nevada-inc
Health Plan of San Joaquin Joint Powers Authority,health-plan-of-san-joaquin-joint-powers-authority
Health Republic Insurance Company,health-republic-insurance-company
Health Resources of Ohio Inc,health-resources-of-ohio-inc
"Health Resources, Inc.",health-resources-inc
Health Tradition Health Plan,health-tradition-health-plan
"HealthAmerica Pennsylvania, Inc",healthamerica-pennsylvania-inc
"HealthAmerica Pennsylvania, Inc.",healthamerica-pennsylvania-inc
"HealthAssurance PA, Inc",healthassurance-pa-inc
"HealthKeepers, Inc.",healthkeepers-inc
"HealthLink HMO, Inc.",healthlink-hmo-inc
HealthMatters of Central Oregon,healthmatters-of-central-oregon
HealthNet of New Jersey Inc.,healthnet-of-new-jersey-inc
HealthNow New York Inc.,healthnow-new-york-inc
HealthPartners,healthpartners
"HealthPartners Administrators, Inc.",healthpartners-administrators-inc
HealthPartners Insurance Company,healthpartners-insurance-company
"HealthPartners UnityPoint Health, Inc.",healthpartners-unitypoint-health-inc
"HealthPartners, Inc.",healthpartners-inc
HealthPlan Services,healthplan-services
HealthPlus Insurance Company,healthplus-insurance-company
"HealthPlus Partners, Inc.",healthplus-partners-inc
HealthPlus of Michigan,healthplus-of-michigan
"HealthPlus of Michigan, Inc.",healthplus-of-michigan-inc
HealthSpan,healthspan
HealthSpan Integrated Care,healthspan-integrated-care
"HealthSpring of Alabama, Inc.",healthspring-of-alabama-inc
"HealthSpring of TN, Inc",healthspring-of-tn-inc
"HealthSpring of Tennessee, Inc.",healthspring-of-tennessee-inc
"HealthSun Health Plans, Inc.",healthsun-health-plans-inc
HealthTeam Advantage,healthteam-advantage
"Healthfirst Health Plan, Inc.",healthfirst-health-plan-inc
"Healthfirst Insurance Company, Inc.",healthfirst-insurance-company-inc
Healthfirst Medicare Plan,healthfirst-medicare-plan
"Healthfirst PHSP, Inc.",healthfirst-phsp-inc
Healthplex Dental Services Inc.,healthplex-dental-services-inc
Healthplex Insurance Company,healthplex-insurance-company
Healthy Alliance Life Co(Anthem BCBS),healthy-alliance-life-co-anthem-bcbs
Healthy Alliance Life Insurance Company,healthy-alliance-life-insurance-company
Healthy Blue,healthy-blue
"Healthy Mississippi, Inc.",healthy-mississippi-inc
"HealthyCT, Inc.",healthyct-inc
Heart of America Health Plan,heart-of-america-health-plan
"Heartland Technology Group, Inc.",heartland-technology-group-inc
Hendricks Holding Company,hendricks-holding-company
HeritAge PACE,heritage-pace
Hi Tech Fasteners,hi-tech-fasteners
High Desert PACE,high-desert-pace
Highmark Assure Health Inc,highmark-assure-health-inc
Highmark BCBSD Inc.,highmark-bcbsd-inc
Highmark Benefits Group Inc.,highmark-benefits-group-inc
Highmark Blue Cross Blue Shield,highmark-blue-cross-blue-shield
Highmark Blue Cross Blue Shield West Virginia,highmark-blue-cross-blue-shield-west-virginia
Highmark Blue Cross Blue Shield of Western New York,highmark-blue-cross-blue-shield-of-western-new-york
Highmark Blue Cross Blue Shield or Highmark Blue Shield,highmark-blue-cross-blue-shield-or-highmark-blue-shield
Highmark Blue Shield,highmark-blue-shield
Highmark Blue Shield of Northeastern New York,highmark-blue-shield-of-northeastern-new-york
Highmark Care Benefits Inc,highmark-care-benefits-inc
Highmark Choice Company,highmark-choice-company
Highmark Coverage Advantage Inc.,highmark-coverage-advantage-inc
Highmark Health Insurance Company,highmark-health-insurance-company
Highmark Health Insurance Company - West,highmark-health-insurance-company-west
Highmark Inc.,highmark-inc
Highmark Select Resources Inc.,highmark-select-resources-inc
Highmark Senior Health Company,highmark-senior-health-company
"Highmark West Virginia, Inc.",highmark-west-virginia-inc
Highmark Western and Northeastern New York,highmark-western-and-northeastern-new-york
Highmark Wholecare Medicare Assured,highmark-wholecare-medicare-assured
"Highmark, Inc.",highmark-inc
Hollister Incorporated,hollister-incorporated
Holman Professional Counseling Centers,holman-professional-counseling-centers
"Home State Health Plan, Inc",home-state-health-plan-inc
"Hometown Health Plan, Inc.",hometown-health-plan-inc
"Hometown Health Providers Insurance Company, Inc.",hometown-health-providers-insurance-company-inc
Hope PACE,hope-pace
HopeWest PACE,hopewest-pace
Hopkins ElderPlus,hopkins-elderplus
Horizon - PACE,horizon-pace
Horizon Blue Cross Blue Shield of New Jersey,horizon-blue-cross-blue-shield-of-new-jersey
"Horizon Healthcare Services, Inc.",horizon-healthcare-services-inc
"Horizon Healthcare of New Jersey, Inc.",horizon-healthcare-of-new-jersey-inc
Hotel Employees Restaurant Employees Health Trust,hotel-employees-restaurant-employees-health-trust
Howard Baer Inc,howard-baer-inc
Humana,humana
"Humana Benefit Plan of Ill.,Inc.",humana-benefit-plan-of-ill-inc
"Humana Benefit Plan of Illinois, Inc.",humana-benefit-plan-of-illinois-inc
"Humana Employers Health Plan of Georgia, Inc.",humana-employers-health-plan-of-georgia-inc
"Humana Health Benefit Plan of Louisiana, Inc.",humana-health-benefit-plan-of-louisiana-inc
"Humana Health Insurance Co of FL, Inc.",humana-health-insurance-co-of-fl-inc
Humana Health Plan,humana-health-plan
Humana Health Plan Inc.,humana-health-plan-inc
Humana Health Plan of Ohio,humana-health-plan-of-ohio
"Humana Health Plan of Ohio, Inc.",humana-health-plan-of-ohio-inc
"Humana Health Plan of Texas, Inc.",humana-health-plan-of-texas-inc
"Humana Health Plan, Inc.",humana-health-plan-inc
Humana Health Plan. Inc.,humana-health-plan-inc
Humana Health Plans of Puerto Rico,humana-health-plans-of-puerto-rico
Humana Insurance Co of Kentucky,humana-insurance-co-of-kentucky
Humana Insurance Company,humana-insurance-company
"Humana Insurance Company of Kentucky, Inc.",humana-insurance-company-of-kentucky-inc
"Humana Insurance Company of New York, Inc.",humana-insurance-company-of-new-york-inc
Humana Insurance of Puerto Rico,humana-insurance-of-puerto-rico
"Humana Medical Plan of Michigan, Inc.",humana-medical-plan-of-michigan-inc
"Humana Medical Plan of Utah, Inc.",humana-medical-plan-of-utah-inc
"Humana Medical Plan, Inc.",humana-medical-plan-inc
Humana Wisconsin Health Org. Ins. Corp.,humana-wisconsin-health-org-ins-corp
Huron Valley PACE,huron-valley-pace
"Hyland Software, Inc.",hyland-software-inc
IEHP DualChoice,iehp-dualchoice
"IMC Manager, LLC",imc-manager-llc
ING Life Insurance and Annuity Company,ing-life-insurance-and-annuity-company
ISLAND HOME INSURANCE COMPANY,island-home-insurance-company
"IlliniCare Health Plan, Inc.",illinicare-health-plan-inc
Illinois Mutual Life Insurance Company,illinois-mutual-life-insurance-company
Immanuel Pathways Iowa,immanuel-pathways-iowa
Immanuel Pathways Omaha,immanuel-pathways-omaha
"Imperial Health Plan of California, Inc.",imperial-health-plan-of-california-inc
"Imperial Health Plan of the Southwest, Inc.",imperial-health-plan-of-the-southwest-inc
"Imperial Insurance Companies, Inc.",imperial-insurance-companies-inc
InStil Health Insurance Company,instil-health-insurance-company
Independence American Ins Co,independence-american-ins-co
Independence American Insurance Company,independence-american-insurance-company
Independence Assurance Company,independence-assurance-company
Independence Blue Cross,independence-blue-cross
Independence Blue Cross (QCC Ins. Co.),independence-blue-cross-qcc-ins-co
"Independence Hospital Indemnity Plan, Inc.",independence-hospital-indemnity-plan-inc
Independent Health,independent-health
"Independent Health Association, Inc",independent-health-association-inc
Independent Health Benefits Corporation,independent-health-benefits-corporation
Independent Living Srvcs Of Central Ny,independent-living-srvcs-of-central-ny
"Independent Living for Seniors, Inc",independent-living-for-seniors-inc
"Indiana University Health Plans, Inc.",indiana-university-health-plans-inc
Inland Empire Health Plan,inland-empire-health-plan
InnovAge California PACE,innovage-california-pace
InnovAge California PACE - Crenshaw,innovage-california-pace-crenshaw
InnovAge California PACE - Sacramento,innovage-california-pace-sacramento
InnovAge Colorado PACE,innovage-colorado-pace
InnovAge Florida PACE - Orlando,innovage-florida-pace-orlando
InnovAge Florida PACE - Tampa,innovage-florida-pace-tampa
InnovAge New Mexico PACE,innovage-new-mexico-pace
InnovAge Pennsylvania LIFE,innovage-pennsylvania-life
InnovAge Virginia PACE - Blue Ridge,innovage-virginia-pace-blue-ridge
InnovAge Virginia PACE - Richmond and Peninsula,innovage-virginia-pace-richmond-and-peninsula
InnovAge Virginia PACE- Roanoke Valley,innovage-virginia-pace-roanoke-valley
Innovation Health Insurance Company,innovation-health-insurance-company
"Innovation Health Plan, Inc.",innovation-health-plan-inc
Innovative Integrated Health Inc.,innovative-integrated-health-inc
"Inovalon, Inc",inovalon-inc
Inspira Health Network LIFE,inspira-health-network-life
Institute for Defense Analyses,institute-for-defense-analyses
Integon National Insurance Company,integon-national-insurance-company
"IntelliBenefits Insurance Services, Inc.",intellibenefits-insurance-services-inc
Inter-County Health Plan,inter-county-health-plan
Inter-County Hospital Plan,inter-county-hospital-plan
"Interface, Inc.",interface-inc
Intermountain Health Care Inc. (dba Intermountain,intermountain-health-care-inc-dba-intermountain
International Community Health Services,international-community-health-services
"International Healthcare Services, Inc.",international-healthcare-services-inc
Investors Life Insurance Company of North America,investors-life-insurance-company-of-north-america
Iowa Health Advantage,iowa-health-advantage
"Iowa Pacific Holdings, LLC",iowa-pacific-holdings-llc
"Iowa Total Care, Inc.",iowa-total-care-inc
Itasca Medical Care/IMCare Classic,itasca-medical-care-imcare-classic
"Ivey Mechanical Company, LLC",ivey-mechanical-company-llc
"J & M Manufacturing Co., Inc.",j-and-m-manufacturing-co-inc
"JPS Industries, Inc.",jps-industries-inc
Jack in the Box Inc.,jack-in-the-box-inc
"Jack's Family Restaurants, Inc.",jack-s-family-restaurants-inc
James M Pleasants Co,james-m-pleasants-co
Jayco Inc,jayco-inc
Jefferson Bank of Missouri,jefferson-bank-of-missouri
Jefferson Health Plans,jefferson-health-plans
Jefferson Life Insurance Company,jefferson-life-insurance-company
John A Van Den Bosch Co,john-a-van-den-bosch-co
John Alden Life Insurance Company,john-alden-life-insurance-company
Johns Hopkins Advantage MD,johns-hopkins-advantage-md
Johns Manville,johns-manville
"Jones Lang LaSalle Americas, Inc.",jones-lang-lasalle-americas-inc
Jordan Valley Senior Care,jordan-valley-senior-care
K-Day PACE,k-day-pace
"KALAMAZOO ANESTHESIOLOGY, P.C.",kalamazoo-anesthesiology-p-c
KINGS HEALTH BROKERAGE,kings-health-brokerage
KPS Health Plans,kps-health-plans
"KS Plan Administrators, LLC",ks-plan-administrators-llc
Kaiser Foundation Health Plan of Colo.,kaiser-foundation-health-plan-of-colo
Kaiser Foundation Health Plan of Georgia,kaiser-foundation-health-plan-of-georgia
"Kaiser Foundation Health Plan of Georgia, Inc.",kaiser-foundation-health-plan-of-georgia-inc
"Kaiser Foundation Health Plan of Mid-Atlantic States, Inc.",kaiser-foundation-health-plan-of-mid-atlantic-states-inc
Kaiser Foundation Health Plan of Washington,kaiser-foundation-health-plan-of-washington
"Kaiser Foundation Health Plan of Washington Options, Inc.",kaiser-foundation-health-plan-of-washington-options-inc
"Kaiser Foundation Health Plan of the Mid-Atlantic States, Inc.",kaiser-foundation-health-plan-of-the-mid-atlantic-states-inc
Kaiser Foundation Health Plan of the Northwest,kaiser-foundation-health-plan-of-the-northwest
"Kaiser Foundation Health Plan, Inc.",kaiser-foundation-health-plan-inc
Kaiser Foundation Healthplan of the NW,kaiser-foundation-healthplan-of-the-nw
Kaiser Permanente,kaiser-permanente
Kaiser Permanente Insurance Company,kaiser-permanente-insurance-company
Kanawha Insurance Company,kanawha-insurance-company
Kansas City Life Insurance Company,kansas-city-life-insurance-company
Kansas Health Advantage,kansas-health-advantage
KelseyCare Advantage,kelseycare-advantage
Kentucky Health Cooperative,kentucky-health-cooperative
KeyCare Advantage,keycare-advantage
Keystone Family Health Plan,keystone-family-health-plan
Keystone Health Plan Central,keystone-health-plan-central
"Keystone Health Plan East, Inc",keystone-health-plan-east-inc
"Kinder Morgan, Inc",kinder-morgan-inc
Kirby Corporation,kirby-corporation
Knights of Columbus,knights-of-columbus
L.A. Care Health Plan,l-a-care-health-plan
"LIBERTY Dental Plan of California, Inc.",liberty-dental-plan-of-california-inc
"LIBERTY Dental Plan of Florida, Inc.",liberty-dental-plan-of-florida-inc
LIBERTY Dental Plan of Missouri,liberty-dental-plan-of-missouri
"LIBERTY Dental Plan of Nevada, Inc.",liberty-dental-plan-of-nevada-inc
LIFE Armstrong,life-armstrong
LIFE Beaver and Lawrence Counties,life-beaver-and-lawrence-counties
LIFE Butler County,life-butler-county
LIFE COORDINATED COMMONWEALTH PACE INC,life-coordinated-commonwealth-pace-inc
LIFE Geisinger,life-geisinger
LIFE Northwestern Pennsylvania,life-northwestern-pennsylvania
"LIFE PACE, INC.",life-pace-inc
LIFE Pittsburgh,life-pittsburgh
LIFE St. Joseph of the Pines,life-st-joseph-of-the-pines
LIFE St. Mary,life-st-mary
LIFECIRCLES,lifecircles
"Lake Hospital System, Inc. dba Lake Health",lake-hospital-system-inc-dba-lake-health
"Lakeview Academy of Arts, Science and Technology",lakeview-academy-of-arts-science-and-technology
Land of Lincoln Mutual Health Insurance Company,land-of-lincoln-mutual-health-insurance-company
"Landauer, Inc.",landauer-inc
"Landmark U.S. Holdings, LLC",landmark-u-s-holdings-llc
Lani Eko & Company,lani-eko-and-company
Lawndale Christian Health Center,lawndale-christian-health-center
"Leon Health, Inc.",leon-health-inc
Liberty Medicare Advantage,liberty-medicare-advantage
Liberty Mutual Insurance Company,liberty-mutual-insurance-company
Liberty National Life Insurance Co,liberty-national-life-insurance-co
Liberty Union Life Assurance Company,liberty-union-life-assurance-company
Life of America,life-of-america
LifeMap Assurance Company,lifemap-assurance-company
LifeSecure Insurance Company,lifesecure-insurance-company
LifeWise Assurance Company,lifewise-assurance-company
LifeWise Health Plan of Oregon,lifewise-health-plan-of-oregon
LifeWise Health Plan of WA,lifewise-health-plan-of-wa
Lifeworks Advantage,lifeworks-advantage
Lincoln Life & Annuity Company of New York,lincoln-life-and-annuity-company-of-new-york
Local Initiative Health Authority for Los Angeles County,local-initiative-health-authority-for-los-angeles-county
Loews Hotels at Universal Orlando,loews-hotels-at-universal-orlando
Loma Linda University Health PACE,loma-linda-university-health-pace
Longevity Health,longevity-health
Longevity Health Plan,longevity-health-plan
"Longevity Health Plan of Colorado, Inc.",longevity-health-plan-of-colorado-inc
"Longevity Health Plan of Michigan, Inc.",longevity-health-plan-of-michigan-inc
"Longevity Health Plan of North Carolina, Inc.",longevity-health-plan-of-north-carolina-inc
"Louisiana Health Cooperative, Inc.",louisiana-health-cooperative-inc
Louisiana Health Service & Indemnity Company,louisiana-health-service-and-indemnity-company
Louisiana Healthcare Connections,louisiana-healthcare-connections
"Lovelace Health System, Inc.",lovelace-health-system-inc
Lovelace Insurance Company,lovelace-insurance-company
Loyal American Life Insurance Company,loyal-american-life-insurance-company
Lutheran Senior LIFE,lutheran-senior-life
M&T Bank Corporation,m-and-t-bank-corporation
MAMSI Life and Health Insurance Company,mamsi-life-and-health-insurance-company
MAPFRE Life Insurance Company,mapfre-life-insurance-company
MCNA Insurance Company,mcna-insurance-company
"MCS ADVANTAGE, INC.",mcs-advantage-inc
MCS Classicare,mcs-classicare
MCS Life Insurance Company,mcs-life-insurance-company
"MD-Individual Practice Assocation, Inc",md-individual-practice-assocation-inc
"MDC Holdings, Inc",mdc-holdings-inc
"MDwise Marketplace, Inc.",mdwise-marketplace-inc
"MDwise, Inc.",mdwise-inc
METRO METALS NORTHWEST INC,metro-metals-northwest-inc
MG Insurance Company,mg-insurance-company
"MMM Healthcare, LLC.",mmm-healthcare-llc
MOLINA HEALTHCARE OF CALIFORNIA,molina-healthcare-of-california
"MOLINA HEALTHCARE OF SOUTH CAROLINA, INC",molina-healthcare-of-south-carolina-inc
MONY Life Insurance Company,mony-life-insurance-company
"MPG Operations, LLC",mpg-operations-llc
MVP HEALTH CARE,mvp-health-care
MVP Health Insurance Company,mvp-health-insurance-company
"MVP Health Insurance Company of New Hampshire, Inc.",mvp-health-insurance-company-of-new-hampshire-inc
"MVP Health Plan of New Hampshire, Inc.",mvp-health-plan-of-new-hampshire-inc
"MVP Health Plan, Inc.",mvp-health-plan-inc
MVP Health Services Corp.,mvp-health-services-corp
Madison National Life,madison-national-life
Madison National Life Insurance Company,madison-national-life-insurance-company
"Madison National Life Insurance Company, Inc.",madison-national-life-insurance-company-inc
Magnolia Health Plan,magnolia-health-plan
Maine Community Health Options,maine-community-health-options
Maine Dental Service Corporation,maine-dental-service-corporation
"Managed Care of North America, Inc",managed-care-of-north-america-inc
Managed Dental Care of California,managed-dental-care-of-california
"Managed DentalGuard, Inc.",managed-dentalguard-inc
"Managed DentalGuard,Inc.",managed-dentalguard-inc
"Managed Health Network, A California Corporation",managed-health-network-a-california-corporation
Managed Health Services Insurance Corporation,managed-health-services-insurance-corporation
Martin Resource Management Corporation,martin-resource-management-corporation
Martin's Point Generations Advantage,martin-s-point-generations-advantage
"Martin's Point Generations, LLC",martin-s-point-generations-llc
Martin's Super Markets Inc.,martin-s-super-markets-inc
Mass Advantage,mass-advantage
Mass General Brigham Health Insurance Company,mass-general-brigham-health-insurance-company
Mass General Brigham Health Plan,mass-general-brigham-health-plan
"Mass General Brigham Health Plan Select, LLC",mass-general-brigham-health-plan-select-llc
"Mass General Brigham Health Plan, Inc",mass-general-brigham-health-plan-inc
Massachusetts Institute of Technology,massachusetts-institute-of-technology
MasterCraft Boat Company,mastercraft-boat-company
"Matthew Thornton Health Plan, Inc.",matthew-thornton-health-plan-inc
Matthew Thornton Hlth Plan(Anthem BCBS),matthew-thornton-hlth-plan-anthem-bcbs
McGregor PACE,mcgregor-pace
McLaren Health Plan,mclaren-health-plan
McLaren Health Plan Community,mclaren-health-plan-community
McLaren Health Plan Insurance Company,mclaren-health-plan-insurance-company
McLaren Medicare,mclaren-medicare
"Meadow Valley Contractors, Inc.",meadow-valley-contractors-inc
"MedAssets Services, LLC",medassets-services-llc
"MedCost Benefit Services, LLC",medcost-benefit-services-llc
MedMutual Life Insurance Company,medmutual-life-insurance-company
Medi-Excel,medi-excel
MediGold,medigold
Medica,medica
Medica Central Health Plan,medica-central-health-plan
Medica Central Insurance Company,medica-central-insurance-company
Medica Community Health Plan,medica-community-health-plan
Medica Health Plans,medica-health-plans
"Medica Health Plans of Florida, Inc",medica-health-plans-of-florida-inc
Medica Health Plans of Wisconsin,medica-health-plans-of-wisconsin
Medica Insurance Company,medica-insurance-company
Medical Associates Clinic Health Plan of Wisconsin,medical-associates-clinic-health-plan-of-wisconsin
"Medical Associates Health Plan, Inc",medical-associates-health-plan-inc
"Medical Associates Health Plan, Inc.",medical-associates-health-plan-inc
Medical Associates Health Plans,medical-associates-health-plans
Medical Benefits Mutual Life Insurance,medical-benefits-mutual-life-insurance
Medical Benefits Mutual Life Insurance Co.,medical-benefits-mutual-life-insurance-co
Medical Health Insuring Corp. of Ohio,medical-health-insuring-corp-of-ohio
Medical Mutual of Ohio,medical-mutual-of-ohio
Medical Services of America,medical-services-of-america
Medicare y Mucho Mas (MMM),medicare-y-mucho-mas-mmm
Medicare's Limited Income NET Program,medicare-s-limited-income-net-program
MedicareBlue Rx,medicareblue-rx
"Melaleuca, Inc.",melaleuca-inc
Memorial Hermann Commercial Health Plan,memorial-hermann-commercial-health-plan
"Memorial Hermann Health Insurance Company, Inc.",memorial-hermann-health-insurance-company-inc
Memorial Hermann Health Plan,memorial-hermann-health-plan
"Memorial Hermann Health Plan, Inc",memorial-hermann-health-plan-inc
"Mennonite General Hospital, Inc",mennonite-general-hospital-inc
Mercy Care Advantage,mercy-care-advantage
Mercy Health Plans,mercy-health-plans
"Mercy Health Plans of Missouri, Inc.",mercy-health-plans-of-missouri-inc
Mercy LIFE,mercy-life
Mercy LIFE - West Philadelphia,mercy-life-west-philadelphia
Mercy LIFE of Alabama,mercy-life-of-alabama
"MercyCare HMO, Inc.",mercycare-hmo-inc
MercyCare Insurance Company,mercycare-insurance-company
"Meridian Health Plan of Michigan, Inc.",meridian-health-plan-of-michigan-inc
Meridian Medicare-Medicaid Plan (MMP),meridian-medicare-medicaid-plan-mmp
MeridianComplete (Medicare-Medicaid Plan),meridiancomplete-medicare-medicaid-plan
Meritus Health Partners,meritus-health-partners
Meritus Mutual Health Partners,meritus-mutual-health-partners
"Mesa Industries, Inc.",mesa-industries-inc
"MetLife Health Plans, Inc., a Delaware Corporation",metlife-health-plans-inc-a-delaware-corporation
MetLife Insurance Company of Connecticut,metlife-insurance-company-of-connecticut
Metcalf Bank,metcalf-bank
MetroPlus Health Plan,metroplus-health-plan
Metropolitan Life Insurance Company,metropolitan-life-insurance-company
Metropolitan School District of Lawrence Township,metropolitan-school-district-of-lawrence-township
Michigan Planners Inc,michigan-planners-inc
"Mid Rogue Health Plan, Inc.",mid-rogue-health-plan-inc
Mid-Columbia Medical Center,mid-columbia-medical-center
Mid-Valley IPA Employee Benefit Trust,mid-valley-ipa-employee-benefit-trust
Mid-West National Life Insurance Company of Tennes,mid-west-national-life-insurance-company-of-tennes
Mid-West National Life Insurance Company of Tennessee,mid-west-national-life-insurance-company-of-tennessee
Midland Care PACE,midland-care-pace
Midwest Rubber Company,midwest-rubber-company
"Minuteman Health, Inc",minuteman-health-inc
Minuteman Insurance Company,minuteman-insurance-company
"Missouri Care, Inc.",missouri-care-inc
"Mitsubishi Motors North America, Inc-Manufacturing",mitsubishi-motors-north-america-inc-manufacturing
"Mitsui & Co. (U.S.A.), Inc.",mitsui-and-co-u-s-a-inc
Moda Assurance Company,moda-assurance-company
"Moda Health Plan, Inc",moda-health-plan-inc
"Moda Health Plan, Inc.",moda-health-plan-inc
Modine Manufacturing Company,modine-manufacturing-company
Molina Healthcare,molina-healthcare
Molina Healthcare of Arizona,molina-healthcare-of-arizona
Molina Healthcare of California,molina-healthcare-of-california
"Molina Healthcare of Florida, Inc",molina-healthcare-of-florida-inc
Molina Healthcare of Illinois,molina-healthcare-of-illinois
"Molina Healthcare of Illinois, Inc.",molina-healthcare-of-illinois-inc
"Molina Healthcare of Kentucky, Inc.",molina-healthcare-of-kentucky-inc
Molina Healthcare of Michigan,molina-healthcare-of-michigan
"Molina Healthcare of Michigan, Inc.",molina-healthcare-of-michigan-inc
"Molina Healthcare of Mississippi, Inc",molina-healthcare-of-mississippi-inc
Molina Healthcare of Nevada,molina-healthcare-of-nevada
"Molina Healthcare of Nevada, Inc.",molina-healthcare-of-nevada-inc
"Molina Healthcare of New Mexico, Inc.",molina-healthcare-of-new-mexico-inc
Molina Healthcare of Ohio,molina-healthcare-of-ohio
"Molina Healthcare of Ohio, Inc.",molina-healthcare-of-ohio-inc
Molina Healthcare of South Carolina,molina-healthcare-of-south-carolina
Molina Healthcare of Texas,molina-healthcare-of-texas
"Molina Healthcare of Texas, Inc.",molina-healthcare-of-texas-inc
Molina Healthcare of Utah,molina-healthcare-of-utah
Molina Healthcare of Utah & Idaho,molina-healthcare-of-utah-and-idaho
"Molina Healthcare of Washington, Inc.",molina-healthcare-of-washington-inc
"Molina Healthcare of Wisconsin, Inc.",molina-healthcare-of-wisconsin-inc
"Momentum Insurance Plans, Inc",momentum-insurance-plans-inc
Montana Health Cooperative,montana-health-cooperative
Montefiore Insurance Company Inc.,montefiore-insurance-company-inc
Moore & Van Allen PLLC,moore-and-van-allen-pllc
Moreton & Company,moreton-and-company
"Morganite Industries, Inc.",morganite-industries-inc
MotivHealth Insurance Company,motivhealth-insurance-company
Mount Auburn Professional Services,mount-auburn-professional-services
Mount Sinai Eldercare,mount-sinai-eldercare
Mountain Empire PACE,mountain-empire-pace
Mountain View PACE,mountain-view-pace
Mountaire Corporation,mountaire-corporation
Mutual of Omaha Insurance Company,mutual-of-omaha-insurance-company
My Choice Wisconsin,my-choice-wisconsin
MyTruAdvantage,mytruadvantage
"Myers Industries, Inc.",myers-industries-inc
ND Banks Benefit Trust,nd-banks-benefit-trust
NEIGHBORHOOD HEALTH PLAN OF RHODE ISLAND,neighborhood-health-plan-of-rhode-island
NHC Advantage,nhc-advantage
NHP of Indiana LLC,nhp-of-indiana-llc
NORTH BAY FORD,north-bay-ford
NY Hotel Trades Council and Hotel Assn. of NYC,ny-hotel-trades-council-and-hotel-assn-of-nyc
Nascentia Health Plus,nascentia-health-plus
"National Coatings & Supplies, Inc.",national-coatings-and-supplies-inc
National Education Association,national-education-association
National Foundation Life Insurance,national-foundation-life-insurance
National Foundation Life Insurance Company,national-foundation-life-insurance-company
National Guardian Life Insurance Company,national-guardian-life-insurance-company
National Health Insurance Company,national-health-insurance-company
"National Rifle Association of America, Inc.",national-rifle-association-of-america-inc
National Union Fire Insurance Company of Pittsburg,national-union-fire-insurance-company-of-pittsburg
"National Union Fire Insurance Company of Pittsburgh, Pa.",national-union-fire-insurance-company-of-pittsburgh-pa
Nationwide Life Insurance Company,nationwide-life-insurance-company
Nationwide Mutual Insurance Company,nationwide-mutual-insurance-company
Navitus MedicareRx,navitus-medicarerx
"Nebraska Total Care, Inc.",nebraska-total-care-inc
"Neighborhood Health Partnership, Inc.",neighborhood-health-partnership-inc
Neighborhood Health Plan of Rhode Island,neighborhood-health-plan-of-rhode-island
Neighborhood Healthcare PACE,neighborhood-healthcare-pace
Neighborhood PACE,neighborhood-pace
NetCare Life and Health Insurance Company,netcare-life-and-health-insurance-company
Network Health Insurance Corporation,network-health-insurance-corporation
Network Health Medicare Advantage Plans,network-health-medicare-advantage-plans
Network Health Plan,network-health-plan
"Nevada Dental Benefits, Ltd.",nevada-dental-benefits-ltd
Nevada Health CO-OP,nevada-health-co-op
New Era Life Insurance Co of Midwest,new-era-life-insurance-co-of-midwest
New Era Life Insurance Company,new-era-life-insurance-company
New Era Life Insurance Company of the MidWest,new-era-life-insurance-company-of-the-midwest
New Era Life Insurnace Company,new-era-life-insurnace-company
New Hampshire School Health Care Coalition,new-hampshire-school-health-care-coalition
New Health Ventures Inc,new-health-ventures-inc
New Mexico Health Connections,new-mexico-health-connections
New West Health Services,new-west-health-services
New York Life Insurance Co.,new-york-life-insurance-co
New York Life Insurance Company,new-york-life-insurance-company
New York Quality Healthcare Corporation,new-york-quality-healthcare-corporation
NewBridge Bank,newbridge-bank
"NexDent Dental Plans, Inc.",nexdent-dental-plans-inc
NextBlue of North Dakota,nextblue-of-north-dakota
Niagara Life and Health Insurance Company,niagara-life-and-health-insurance-company
Nippon Life Insurance Company of America,nippon-life-insurance-company-of-america
"North America Administrators, LP",north-america-administrators-lp
North American Insurance Co.,north-american-insurance-co
North Carolina Dental Society Healthcare Plan,north-carolina-dental-society-healthcare-plan
North East Medical Services - Program of All-Inclusive Care for the Elderly (PACE),north-east-medical-services-program-of-all-inclusive-care-for-the-elderly-pace
North Jersey Municipal Employee Benefit Fund,north-jersey-municipal-employee-benefit-fund
North Shore-LIJ Insurance Company Inc,north-shore-lij-insurance-company-inc
Northland PACE Senior Care Services,northland-pace-senior-care-services
Northwest Orthopaedic Specialists,northwest-orthopaedic-specialists
Nova Pathfinder Healthcare Limited,nova-pathfinder-healthcare-limited
"Novitex Enterprise Solutions, Inc",novitex-enterprise-solutions-inc
Nrinsurance Inc,nrinsurance-inc
O'Hara Corporation,o-hara-corporation
OACT TESTING,oact-testing
OHIOHEALTHY HEALTH INSURING CORPORATION,ohiohealthy-health-insuring-corporation
OHIOHEALTHY INSURANCE COMPANY,ohiohealthy-insurance-company
ONB Bank and Trust,onb-bank-and-trust
"ONECare by Care1st Health Plan Arizona, Inc.",onecare-by-care1st-health-plan-arizona-inc
OSF Healthcare PACE,osf-healthcare-pace
Ochsner Health Plan,ochsner-health-plan
"Ochsner Health Plan, Inc.",ochsner-health-plan-inc
Offshore Group,offshore-group
On Lok PACE,on-lok-pace
Optima Medicare,optima-medicare
Optimum Choice Inc.,optimum-choice-inc
"Optimum Choice, Inc.",optimum-choice-inc
"Optimum HealthCare, Inc.",optimum-healthcare-inc
"Optum Insurance of Ohio, Inc.",optum-insurance-of-ohio-inc
OptumRx Inc,optumrx-inc
Orangeburg Senior Helping Center: A PACE Healthcare Program,orangeburg-senior-helping-center-a-pace-healthcare-program
Orchard Brands Corporation,orchard-brands-corporation
Oregon Dental Service,oregon-dental-service
"Oregon Dental Service, DBA Delta Dental Plan of Oregon",oregon-dental-service-dba-delta-dental-plan-of-oregon
Oregon's Health CO-OP,oregon-s-health-co-op
OrthoPediatrics Corp,orthopediatrics-corp
Orthopaedic & Spine Center of the Rockies,orthopaedic-and-spine-center-of-the-rockies
Oscar Buckeye State Insurance Corp.,oscar-buckeye-state-insurance-corp
Oscar Garden State Insurance Corporation,oscar-garden-state-insurance-corporation
Oscar Health Maintenance Organization of Florida,oscar-health-maintenance-organization-of-florida
Oscar Health Plan of California,oscar-health-plan-of-california
Oscar Health Plan of Georgia,oscar-health-plan-of-georgia
"Oscar Health Plan of North Carolina, Inc",oscar-health-plan-of-north-carolina-inc
"Oscar Health Plan of Pennsylvania, Inc.",oscar-health-plan-of-pennsylvania-inc
Oscar Health Plan of South Carolina,oscar-health-plan-of-south-carolina
"Oscar Health Plan, Inc.",oscar-health-plan-inc
Oscar Insurance Company,oscar-insurance-company
Oscar Insurance Company of Florida,oscar-insurance-company-of-florida
Oscar Insurance Company of Illinois,oscar-insurance-company-of-illinois
Oscar Insurance Company of Texas,oscar-insurance-company-of-texas
Oscar Insurance Corporation,oscar-insurance-corporation
Oscar Insurance Corporation of New Jersey,oscar-insurance-corporation-of-new-jersey
Oscar Insurance Corporation of Ohio,oscar-insurance-corporation-of-ohio
"Oxford Health Insurance, Inc.",oxford-health-insurance-inc
"Oxford Health Plans (CT), Inc",oxford-health-plans-ct-inc
"Oxford Health Plans (CT), Inc.",oxford-health-plans-ct-inc
"Oxford Health Plans (NJ), Inc",oxford-health-plans-nj-inc
"Oxford Health Plans (NJ), Inc.",oxford-health-plans-nj-inc
"Oxford Health Plans (NY), Inc.",oxford-health-plans-ny-inc
Ozark Mountain Bank,ozark-mountain-bank
PACE Baton Rouge,pace-baton-rouge
PACE Central Michigan,pace-central-michigan
PACE KC,pace-kc
PACE North,pace-north
PACE OF THE TRIAD,pace-of-the-triad
PACE Organization Of Rhode Island,pace-organization-of-rhode-island
PACE Partners of Northeast Florida,pace-partners-of-northeast-florida
PACE Southeast Michigan,pace-southeast-michigan
PACE Your LIFE,pace-your-life
PACE at Hudson Headwaters Inc,pace-at-hudson-headwaters-inc
"PACE at Hudson Headwaters, Inc.",pace-at-hudson-headwaters-inc
PACE of Cincinnati,pace-of-cincinnati
"PACE of Northeast Indiana, LLC",pace-of-northeast-indiana-llc
PACE of Southwest Michigan,pace-of-southwest-michigan
PACE of West Baltimore,pace-of-west-baltimore
PACE of the Ozarks,pace-of-the-ozarks
PACE of the Southern Piedmont,pace-of-the-southern-piedmont
PACE4DC LLC,pace4dc-llc
PMC Medicare Choice LLC.,pmc-medicare-choice-llc
"PREMERA BLUE CROSS HMO, PREVIOUSLY SIMPLEHX",premera-blue-cross-hmo-previously-simplehx
Pace Greater New Orleans,pace-greater-new-orleans
Pace Industries,pace-industries
PacifiCare Life Assurance Company,pacificare-life-assurance-company
PacifiCare Life and Health Insurance Co,pacificare-life-and-health-insurance-co
"PacifiCare of Arizona, Inc.",pacificare-of-arizona-inc
"PacifiCare of Colorado, Inc.",pacificare-of-colorado-inc
"PacifiCare of Nevada, Inc.",pacificare-of-nevada-inc
Pacific Northwest PACE Partners,pacific-northwest-pace-partners
Pacific Union College,pacific-union-college
PacificSource Community Health Plans,pacificsource-community-health-plans
PacificSource Health Plans,pacificsource-health-plans
PacificSource Health Plans HMO,pacificsource-health-plans-hmo
PacificSource Medicare,pacificsource-medicare
Palm Beach PACE,palm-beach-pace
Palmetto Project,palmetto-project
Pan-American Life Insurance Company,pan-american-life-insurance-company
Pan-American Life Insurance Company of Puerto Rico,pan-american-life-insurance-company-of-puerto-rico
Panorama PACE,panorama-pace
Paramount Advantage,paramount-advantage
Paramount Care of Michigan,paramount-care-of-michigan
"Paramount Care, Inc.",paramount-care-inc
Paramount Elite Medicare Plans,paramount-elite-medicare-plans
Paramount Insurance Company,paramount-insurance-company
Paramount Prescription Drug Plan,paramount-prescription-drug-plan
"Parkland Community Health Plan, Inc.",parkland-community-health-plan-inc
"Partners & Napier, Inc",partners-and-napier-inc
Partners Health Plan,partners-health-plan
Partners Human Resource Co,partners-human-resource-co
Partners Insurance Company Inc,partners-insurance-company-inc
Partners Insurance Company of New Jersey Inc,partners-insurance-company-of-new-jersey-inc
Passport Advantage,passport-advantage
Pathoras Corporation,pathoras-corporation
Patrius Health,patrius-health
Paxton Media Group LLC,paxton-media-group-llc
Peach State Health Plan,peach-state-health-plan
Peak Health,peak-health
Pekin Life Insurance Company,pekin-life-insurance-company
"Pennsylvania Health & Wellness, Inc.",pennsylvania-health-and-wellness-inc
Pennsylvania Public School Employees Retirement Sy,pennsylvania-public-school-employees-retirement-sy
Peoples Health,peoples-health
Perennial Advantage,perennial-advantage
"Perennial Advantage of Colorado, Inc.",perennial-advantage-of-colorado-inc
"Perennial Advantage of Ohio, Inc.",perennial-advantage-of-ohio-inc
Performance Inc.,performance-inc
Perico Life Insurance Company,perico-life-insurance-company
"Pharmaceutical Product Development, LLC",pharmaceutical-product-development-llc
Pharmaceutical Strategies Group LLC,pharmaceutical-strategies-group-llc
"Pharmaceutical Technologies, Inc.",pharmaceutical-technologies-inc
Pharmacy Benefit Dimensions PDP,pharmacy-benefit-dimensions-pdp
Philadelphia American Life Insurance Co,philadelphia-american-life-insurance-co
Philadelphia American Life Insurance Company,philadelphia-american-life-insurance-company
"Phoenix Health Plans, Inc.",phoenix-health-plans-inc
Physicians Benefits Trust Life Insurance Company,physicians-benefits-trust-life-insurance-company
"Physicians Health Plan of Northern Indiana, Inc.",physicians-health-plan-of-northern-indiana-inc
Physicians Mutual Insurance Company,physicians-mutual-insurance-company
Physicians' Benefits Trust Life Insurance,physicians-benefits-trust-life-insurance
"Piedmont Community HealthCare HMO, Inc.",piedmont-community-healthcare-hmo-inc
"Piedmont Community HealthCare, Inc.",piedmont-community-healthcare-inc
Piedmont Health SeniorCare,piedmont-health-seniorcare
"Piedmont WellStar HealthPlans, Inc.",piedmont-wellstar-healthplans-inc
"Pilkington North America, Inc.",pilkington-north-america-inc
"Pipe Fitters' Welfare Fund, Local 597",pipe-fitters-welfare-fund-local-597
Pittston Area School District,pittston-area-school-district
Plan Medico Servicios de Salud Bella Vista,plan-medico-servicios-de-salud-bella-vista
Porex Corporation,porex-corporation
Preferred Assurance Company,preferred-assurance-company
"Preferred Care Partners, Inc",preferred-care-partners-inc
"Preferred Health Plan, Inc.",preferred-health-plan-inc
"Preferred Medical Plan, Inc.",preferred-medical-plan-inc
PreferredOne Community Health Plan,preferredone-community-health-plan
PreferredOne Insurance Company,preferredone-insurance-company
Premera Blue Cross,premera-blue-cross
Premera Blue Cross Blue Shield of Alaska,premera-blue-cross-blue-shield-of-alaska
Premier Access Insurance Company,premier-access-insurance-company
"Premier Health Plan, Inc.",premier-health-plan-inc
Presbyterian Health Plan,presbyterian-health-plan
"Presbyterian Health Plan, Inc.",presbyterian-health-plan-inc
"Presbyterian Insurance Company, Inc.",presbyterian-insurance-company-inc
PrimeTime Health Plan,primetime-health-plan
PrimeWest Health,primewest-health
Primewell Health Services,primewell-health-services
"Primewell Health Services of Mississippi, Inc.",primewell-health-services-of-mississippi-inc
Principal Life Insurance Company,principal-life-insurance-company
Priority Health,priority-health
Priority Health Insurance Company (PHIC),priority-health-insurance-company-phic
"Priority Health Insurance Company, Inc",priority-health-insurance-company-inc
Priority Health Medicare,priority-health-medicare
Priority Partners Managed Care Organization,priority-partners-managed-care-organization
Prisma Health SeniorCare PACE-Midlands,prisma-health-seniorcare-pace-midlands
Prisma Health SeniorCare PACE-Upstate,prisma-health-seniorcare-pace-upstate
ProCare Advantage,procare-advantage
Prominence Health Plan,prominence-health-plan
Prominence HealthFirst,prominence-healthfirst
"Prominence HealthFirst of Texas, Inc.",prominence-healthfirst-of-texas-inc
"Prominence Preferred Health Insurance Company, Inc.",prominence-preferred-health-insurance-company-inc
Protective Life Corporation,protective-life-corporation
Protective Life Insurance Company,protective-life-insurance-company
Providence ElderPlace,providence-elderplace
Providence ElderPlace Portland,providence-elderplace-portland
Providence Health Plan,providence-health-plan
Providence Medicare Advantage Plans,providence-medicare-advantage-plans
Providence PACE,providence-pace
Provider Partners Health Plans,provider-partners-health-plans
Prudential Insurance Company of America,prudential-insurance-company-of-america
PruittHealth Premier,pruitthealth-premier
Public Health Trust of Miami-Dade County,public-health-trust-of-miami-dade-county
Public Service Enterprise Group Incorporated,public-service-enterprise-group-incorporated
Puritan Life Insurance Company of America,puritan-life-insurance-company-of-america
"QCA Health Plan, Inc.",qca-health-plan-inc
QCC Ins Company d/b/a AmeriHealth Ins Co,qcc-ins-company-d-b-a-amerihealth-ins-co
QCC Insurance Company,qcc-insurance-company
Qnova Health Inc.,qnova-health-inc
"QualChoice Life & Health Insurance Company, Inc.",qualchoice-life-and-health-insurance-company-inc
"QualChoice Life and Health Insurance Company, Inc.",qualchoice-life-and-health-insurance-company-inc
Quartz Health Benefit Plans Corporation,quartz-health-benefit-plans-corporation
Quartz Health Insurance Corporation,quartz-health-insurance-corporation
Quartz Health Plan Corporation,quartz-health-plan-corporation
Quartz Health Plan MN Corporation,quartz-health-plan-mn-corporation
Quartz Medicare Advantage (HMO),quartz-medicare-advantage-hmo
RD Offutt Company,rd-offutt-company
RU-Insured,ru-insured
Rampart Aviation LLC,rampart-aviation-llc
Red Gate Software Inc,red-gate-software-inc
Redwood Coast PACE,redwood-coast-pace
Regal Life of America Insurance Company,regal-life-of-america-insurance-company
Regence Blue Shield of Idaho,regence-blue-shield-of-idaho
Regence BlueCross BlueShield Of Oregon,regence-bluecross-blueshield-of-oregon
Regence BlueCross BlueShield of Oregon,regence-bluecross-blueshield-of-oregon
Regence BlueCross BlueShield of Utah,regence-bluecross-blueshield-of-utah
Regence BlueShield,regence-blueshield
Regence BlueShield of Idaho,regence-blueshield-of-idaho
Regence BlueShield of Idaho and Regence BC BS Utah,regence-blueshield-of-idaho-and-regence-bc-bs-utah
"Regence BlueShield of Idaho, Inc.",regence-blueshield-of-idaho-inc
Reid Health PACE Center,reid-health-pace-center
Reid Hospital & Health Care Services,reid-hospital-and-health-care-services
Reliance Standard Life Insurance Company,reliance-standard-life-insurance-company
"Remy International, Inc.",remy-international-inc
Renaissance Health Insurance Company of New York,renaissance-health-insurance-company-of-new-york
Renaissance Life & Health Insurance Company of America,renaissance-life-and-health-insurance-company-of-america
"Reser's Fine Foods, Inc.",reser-s-fine-foods-inc
Reserve Group Management Co,reserve-group-management-co
Reserve National Insurance Company,reserve-national-insurance-company
Retailers Insurance Company,retailers-insurance-company
Retired Firefighters Security Benefit Fund of the,retired-firefighters-security-benefit-fund-of-the
RiverBridge Health LLC,riverbridge-health-llc
RiverSpring Health Plans,riverspring-health-plans
Riverhead Building Supply,riverhead-building-supply
Rocky Mountain HMO,rocky-mountain-hmo
Rocky Mountain Health Care Options,rocky-mountain-health-care-options
"Rocky Mountain Health Maintenance Organization, Inc.",rocky-mountain-health-maintenance-organization-inc
Rocky Mountain HealthCare Options Inc.,rocky-mountain-healthcare-options-inc
"Rocky Mountain Hospital and Medical Service, Inc.",rocky-mountain-hospital-and-medical-service-inc
"Rocky Mountain Hospital and Medical Service, Inc., dba Anthem Blue Cross and Blue Shield",rocky-mountain-hospital-and-medical-service-inc-dba-anthem-blue-cross-and-blue-shield
Rocky Mountain PACE,rocky-mountain-pace
Roman Catholic Church of the Diocese of Houma-Thib,roman-catholic-church-of-the-diocese-of-houma-thib
"Romeo RIM, Inc.",romeo-rim-inc
"Roquette America, Inc.",roquette-america-inc
Rush Health Systems Inc,rush-health-systems-inc
"Ryder Health Plan, Inc.",ryder-health-plan-inc
"SAF-HOLLAND, Inc.",saf-holland-inc
SBD Test Organization,sbd-test-organization
SCAN Health Plan,scan-health-plan
SCANA Corporation,scana-corporation
SECUR Health Plan,secur-health-plan
SG Holdings I LLC,sg-holdings-i-llc
"SHA, LLC",sha-llc
"SHA, LLC DBA FirstCare Health Plans",sha-llc-dba-firstcare-health-plans
SLV Health Access dba CarePoint,slv-health-access-dba-carepoint
SSM Health Plan,ssm-health-plan
STALLINGS BROTHERS INC,stallings-brothers-inc
"SafeGuard Health Plans, Inc., a California Corporation",safeguard-health-plans-inc-a-california-corporation
"SafeGuard Health Plans, Inc., a Florida Corporation",safeguard-health-plans-inc-a-florida-corporation
"SafeGuard Health Plans, Inc., a Texas Corporation",safeguard-health-plans-inc-a-texas-corporation
Saint Alphonsus Health Plan,saint-alphonsus-health-plan
Saint Francis LIFE,saint-francis-life
Saint Joseph PACE,saint-joseph-pace
Samaritan Advantage Health Plans,samaritan-advantage-health-plans
"Samaritan Health Plans, Inc",samaritan-health-plans-inc
San Diego PACE,san-diego-pace
San Francisco Community Health Authority,san-francisco-community-health-authority
San Mateo Health Commission,san-mateo-health-commission
Sanford Health Plan,sanford-health-plan
Sanford Health Plan of Minnesota,sanford-health-plan-of-minnesota
Santa Barbara San Luis Obispo Regional Health Authority,santa-barbara-san-luis-obispo-regional-health-authority
Santa Clara County Health Authority,santa-clara-county-health-authority
Santa Clara Family Health Plan,santa-clara-family-health-plan
Santa Cruz-Monterey-Merced Managed Medical Care Commission,santa-cruz-monterey-merced-managed-medical-care-commission
Schoenecker's Inc.,schoenecker-s-inc
Schwartz Brothers Restaurants,schwartz-brothers-restaurants
Scott & White Care Plans,scott-and-white-care-plans
Scott and White Health Plan,scott-and-white-health-plan
"Scripps Health Plan Services, Inc.",scripps-health-plan-services-inc
Seaside Health Plan,seaside-health-plan
Securian Life Insurance Company,securian-life-insurance-company
Security Benefit Fund of the Uniformed Firefighter,security-benefit-fund-of-the-uniformed-firefighter
"Security Health Plan of Wisconsin, Inc.",security-health-plan-of-wisconsin-inc
Security Life Insurance Company of America,security-life-insurance-company-of-america
SeeChange Health Insurance Company,seechange-health-insurance-company
"Seen Health San Gabriel Valley, LLC",seen-health-san-gabriel-valley-llc
Select Health,select-health
Select Health of South Carolina,select-health-of-south-carolina
Select Medical Corporation,select-medical-corporation
"SelectHealth Benefit Assurance Company, Inc.",selecthealth-benefit-assurance-company-inc
"SelectHealth, Inc.",selecthealth-inc
"Sendero Health Plans, Inc.",sendero-health-plans-inc
Seneca Foods Corporation,seneca-foods-corporation
Senior Care Partners P.A.C.E.,senior-care-partners-p-a-c-e
Senior Care Plus,senior-care-plus
Senior CommUnity Care of Colorado,senior-community-care-of-colorado
Senior CommUnity Care of Jefferson County,senior-community-care-of-jefferson-county
Senior CommUnity Care of Kentucky,senior-community-care-of-kentucky
Senior CommUnity Care of Maryland,senior-community-care-of-maryland
Senior CommUnity Care of North Carolina,senior-community-care-of-north-carolina
Senior CommUnity Care of Northern Kentucky,senior-community-care-of-northern-kentucky
Senior Community Care of Michigan,senior-community-care-of-michigan
Senior LIFE Altoona / Ebensburg / Indiana,senior-life-altoona-ebensburg-indiana
Senior LIFE Greensburg,senior-life-greensburg
Senior LIFE Johnstown,senior-life-johnstown
Senior LIFE Lehigh Valley / Reading,senior-life-lehigh-valley-reading
Senior LIFE Washington / Uniontown / Greene,senior-life-washington-uniontown-greene
Senior LIFE York,senior-life-york
Senior TLC,senior-tlc
Senior Total Life Care,senior-total-life-care
Senior Whole Health of New York,senior-whole-health-of-new-york
Sensient Technologies Corporation,sensient-technologies-corporation
Sentara Commercial Health Plans Of North Carolina Inc.,sentara-commercial-health-plans-of-north-carolina-inc
Sentara Health Insurance Company,sentara-health-insurance-company
Sentara Health Plans,sentara-health-plans
Sentara Medicare,sentara-medicare
Sentara PACE,sentara-pace
Serenity Care PACE,serenity-care-pace
"Serventy Insurance Company, Inc.",serventy-insurance-company-inc
"Seton Health Plan, Inc.",seton-health-plan-inc
Seton Insurance Company,seton-insurance-company
"Sharecare, Inc.",sharecare-inc
Shared Health Dual Freedom,shared-health-dual-freedom
Shared Health Dual Freedom - DE H9946-001 (PPO D-SNP),shared-health-dual-freedom-de-h9946-001-ppo-d-snp
Shared Health Dual Plus - DE H3015-001 (HMO D-SNP),shared-health-dual-plus-de-h3015-001-hmo-d-snp
Sharp Health Plan,sharp-health-plan
Shelter Life Insurance Company,shelter-life-insurance-company
"Shiloh Industries, Inc.",shiloh-industries-inc
Sick Benefit Fund Local 223,sick-benefit-fund-local-223
Sidecar Health Insurance Company,sidecar-health-insurance-company
"Sierra Health and Life Ins Company, Inc.",sierra-health-and-life-ins-company-inc
"Sierra Health and Life Insurance Company, Inc.",sierra-health-and-life-insurance-company-inc
Signature Advantage (HMO SNP),signature-advantage-hmo-snp
Sika Corporation,sika-corporation
Silver Star,silver-star
"SilverSummit Healthplan, Inc.",silversummit-healthplan-inc
Silverton Health,silverton-health
"SimpleSaveRx, Inc.",simplesaverx-inc
Simply Healthcare,simply-healthcare
Simply Healthcare Plans Inc dba Wellpoint Florida Inc,simply-healthcare-plans-inc-dba-wellpoint-florida-inc
"Simply Healthcare Plans, Inc.",simply-healthcare-plans-inc
Simpra Advantage,simpra-advantage
Sirius America Insurance Company,sirius-america-insurance-company
Skip Hill and Associates LLC,skip-hill-and-associates-llc
So Cal Transport,so-cal-transport
"Softheon, Inc.",softheon-inc
Solis Health Plans,solis-health-plans
"Solstice Benefits, Inc.",solstice-benefits-inc
Solstice Health Insurance Company,solstice-health-insurance-company
"Solstice Healthplans of Arizona, Inc.",solstice-healthplans-of-arizona-inc
"Solstice Healthplans of Colorado, Inc.",solstice-healthplans-of-colorado-inc
"Solstice Healthplans of Ohio, Inc.",solstice-healthplans-of-ohio-inc
"Solstice Healthplans of Texas, Inc.",solstice-healthplans-of-texas-inc
"Solstice of Illinois, Inc.",solstice-of-illinois-inc
"Sonder Health Plans, Inc.",sonder-health-plans-inc
Sonepar Management,sonepar-management
South Country Health Alliance,south-country-health-alliance
"South Dakota State Medical Holding Company, Inc.",south-dakota-state-medical-holding-company-inc
South Sanpete School District,south-sanpete-school-district
Southeastern Indiana Health Organization,southeastern-indiana-health-organization
Southern Farm Bureau Life Insurance Company,southern-farm-bureau-life-insurance-company
Southern Mgmt Corp,southern-mgmt-corp
Southern New Jersey Regional Employee Benefits Fun,southern-new-jersey-regional-employee-benefits-fun
Southwest Life & Health Insurance Co.,southwest-life-and-health-insurance-co
Southwest Life and Health Ins Comp,southwest-life-and-health-ins-comp
Southwest Service Life Insurance Company,southwest-service-life-insurance-company
Special Agents Mutual Benefit Association,special-agents-mutual-benefit-association
"St. Luke's Health Plan, Inc.",st-luke-s-health-plan-inc
St. Paul's PACE,st-paul-s-pace
Standard Insurance Company,standard-insurance-company
Standard Life and Accident Insurance Company,standard-life-and-accident-insurance-company
Standard Life and Casualty Insurance Company,standard-life-and-casualty-insurance-company
Standard Security Life,standard-security-life
Standard Security Life Insurance Company of New Yo,standard-security-life-insurance-company-of-new-yo
Standard Security Life Insurance Company of New York,standard-security-life-insurance-company-of-new-york
Starmount Life Insurance Company,starmount-life-insurance-company
Starr Indemnity & Liability Company,starr-indemnity-and-liability-company
State Farm Mutual Automobile Ins. Co.,state-farm-mutual-automobile-ins-co
State Farm Mutual Automobile Insurance Company,state-farm-mutual-automobile-insurance-company
State Law Enforcement Bargaining Council,state-law-enforcement-bargaining-council
State of Tennessee,state-of-tennessee
StayWell Senior Care,staywell-senior-care
Sterling Investors Life Insurance Company,sterling-investors-life-insurance-company
Sterling Life Insurance,sterling-life-insurance
Sterling Life Insurance Co.,sterling-life-insurance-co
Stratum LIFE,stratum-life
Sumitomo Machinery Corporation of America,sumitomo-machinery-corporation-of-america
"Summa Insurance Company, Inc.",summa-insurance-company-inc
SummaCare Inc,summacare-inc
SummaCare Medicare Advantage Plans,summacare-medicare-advantage-plans
Sun Life Assurance Company of Canada,sun-life-assurance-company-of-canada
Sun Life and Health Insurance Company (U.S.),sun-life-and-health-insurance-company-u-s
"Suncoast PACE, Inc.",suncoast-pace-inc
"Sunflower State Health Plan, Inc",sunflower-state-health-plan-inc
Sunrise PACE,sunrise-pace
Sunshine State Health Plan,sunshine-state-health-plan
"Superior Dental Care, Inc.",superior-dental-care-inc
Superior Health Plan,superior-health-plan
Superior HealthPlan,superior-healthplan
"Sur La Table, Inc.",sur-la-table-inc
Sutter Health Alliance,sutter-health-alliance
Sutter SeniorCare PACE,sutter-seniorcare-pace
"Suzuki Motor of America, Inc",suzuki-motor-of-america-inc
Symetra Life Insurance Company,symetra-life-insurance-company
TAB PRODUCTS CO LLC,tab-products-co-llc
THP Insurance Company,thp-insurance-company
TMI Employee Management Inc,tmi-employee-management-inc
TML Intergovernmental Employee Benefits Pool,tml-intergovernmental-employee-benefits-pool
TOWER LIFE INSURANCE CO.,tower-life-insurance-co
TRH Health Insurance Company,trh-health-insurance-company
TRU PACE,tru-pace
TRUASSURE INSURANCE COMPANY,truassure-insurance-company
"TakeCare Insurance Company, Inc.",takecare-insurance-company-inc
Talcott Resolution Life Insurance Company,talcott-resolution-life-insurance-company
Talcott Resolution Life and Annuity Insurance Company,talcott-resolution-life-and-annuity-insurance-company
Talcott Resolution Life and Annuiyt Insurance Company,talcott-resolution-life-and-annuiyt-insurance-company
"Taro Health Plan of Maine, Inc.",taro-health-plan-of-maine-inc
"Taro Health Plan of Oklahoma, Inc.",taro-health-plan-of-oklahoma-inc
Teachers Protective Mutual Life,teachers-protective-mutual-life
Tennant Company,tennant-company
TexHealth 3-Share Plan,texhealth-3-share-plan
TexHealth Brazos Valley,texhealth-brazos-valley
TexHealth Central Texas,texhealth-central-texas
TexHealth El Paso,texhealth-el-paso
Texas Guaranteed Student Loan Corporation,texas-guaranteed-student-loan-corporation
Texas Health + Aetna Health Insurance Company,texas-health-aetna-health-insurance-company
Texas Health + Aetna Health Plan Inc.,texas-health-aetna-health-plan-inc
Texas Independence Health Plan,texas-independence-health-plan
The Basics at Jan Werner,the-basics-at-jan-werner
"The Benefit Group, Inc.",the-benefit-group-inc
"The Berry Company, LLC",the-berry-company-llc
The Chesapeake Life Insurance Company,the-chesapeake-life-insurance-company
The Children's Clinic,the-children-s-clinic
The Children's Hospital Corporation,the-children-s-hospital-corporation
The Cincinnati Life Insurance Company,the-cincinnati-life-insurance-company
The Dental Concern Inc,the-dental-concern-inc
The Dispatch Printing Company,the-dispatch-printing-company
The EPIC Life Insurance Company,the-epic-life-insurance-company
"The Finish Line, Inc.",the-finish-line-inc
The Goodyear Tire & Rubber Company,the-goodyear-tire-and-rubber-company
The Guardian Life Insurance Company,the-guardian-life-insurance-company
The Guardian Life Insurance Company of America,the-guardian-life-insurance-company-of-america
The Health Plan,the-health-plan
"The Health Plan of West Virginia, Inc.",the-health-plan-of-west-virginia-inc
The Horton Fruit Company,the-horton-fruit-company
The Lincoln National Life Insurance Company,the-lincoln-national-life-insurance-company
The MEGA Life and Health Insurance Company,the-mega-life-and-health-insurance-company
The Ohio National Life Insurance Company,the-ohio-national-life-insurance-company
The Ohio State Life Insurance Company,the-ohio-state-life-insurance-company
The Options Clearing Corporation,the-options-clearing-corporation
The Pennsylvania Dental Corporation dba Delta Dental of Pennsylvania,the-pennsylvania-dental-corporation-dba-delta-dental-of-pennsylvania
"The Peoples Bank, Biloxi, Mississippi",the-peoples-bank-biloxi-mississippi
The Prudential Insurance Company of America,the-prudential-insurance-company-of-america
The Queen's Health Systems,the-queen-s-health-systems
"The S/L/A/M Collaborative, Inc.",the-s-l-a-m-collaborative-inc
The Standard Life Insurance Company of New York,the-standard-life-insurance-company-of-new-york
The Toro Company,the-toro-company
The Union Labor Life Insurance Company,the-union-labor-life-insurance-company
The United States Life Ins. Co. in the City of New York,the-united-states-life-ins-co-in-the-city-of-new-york
The Vermont Health Plan,the-vermont-health-plan
"The Vermont Health Plan, LLC",the-vermont-health-plan-llc
Third National Bank,third-national-bank
"Thirty-One Gifts, LLC",thirty-one-gifts-llc
Thome PACE,thome-pace
Thompson Construction Group,thompson-construction-group
Thrivent Financial for Lutherans,thrivent-financial-for-lutherans
Time Insurance Company,time-insurance-company
Tokio Marine Pacific Insurance Limited,tokio-marine-pacific-insurance-limited
Toledo Electrical Welfare Fund,toledo-electrical-welfare-fund
"Total Health Care USA, Inc.",total-health-care-usa-inc
"Total Health Care, Inc.",total-health-care-inc
Total Life Healthcare,total-life-healthcare
"Total Senior Care, Inc.",total-senior-care-inc
TransAmerica Premier Life Insurance,transamerica-premier-life-insurance
Transamerica Financial Life Insurance Company,transamerica-financial-life-insurance-company
Transamerica Life Insurance Company,transamerica-life-insurance-company
"Trex Company, Inc",trex-company-inc
TriVentures Inc,triventures-inc
Tribute Health Plans,tribute-health-plans
Trillium Community Health Plan,trillium-community-health-plan
"Trilogy Health Insurance, Inc.",trilogy-health-insurance-inc
Trimble Navigation Limited,trimble-navigation-limited
Trinity Health,trinity-health
Trinity Health LIFE New Jersey,trinity-health-life-new-jersey
Trinity Health PACE of Alexandria,trinity-health-pace-of-alexandria
Trinity Health PACE of Montgomery County,trinity-health-pace-of-montgomery-county
Trinity Health PACE of Pensacola,trinity-health-pace-of-pensacola
Trinity Health Plan New York,trinity-health-plan-new-york
Trinity Health Plan of Michigan,trinity-health-plan-of-michigan
Triple S Advantage,triple-s-advantage
Triple-S Advantage,triple-s-advantage
Triple-S Salud Inc.,triple-s-salud-inc
"Troy Construction, LLC",troy-construction-llc
Troy Medicare,troy-medicare
"True Health New Mexico, Inc.",true-health-new-mexico-inc
"True Textiles, Inc",true-textiles-inc
"Truitt Bros., Inc.",truitt-bros-inc
Trustmark Insurance Company,trustmark-insurance-company
Trustmark Life Insurance Company,trustmark-life-insurance-company
Tufts Associated Health Maintenance Org,tufts-associated-health-maintenance-org
"Tufts Associated Health Maintenance Organization, Inc.",tufts-associated-health-maintenance-organization-inc
Tufts Health Plan,tufts-health-plan
Tufts Health Public Plans Inc.,tufts-health-public-plans-inc
Tufts Insurance Company,tufts-insurance-company
Twin City Pipe Trades Welfare Plan,twin-city-pipe-trades-welfare-plan
"U.S. Behavioral Health Plan, CA",u-s-behavioral-health-plan-ca
UCLA Health Medicare Advantage Plan,ucla-health-medicare-advantage-plan
UCare,ucare
UCare Health Inc.,ucare-health-inc
UCare Iowa,ucare-iowa
UCare Minnesota,ucare-minnesota
UCare's MSHO,ucare-s-msho
UHC New England Inc.,uhc-new-england-inc
UHC of California,uhc-of-california
UNICARE Health Ins. Co. of the Midwest,unicare-health-ins-co-of-the-midwest
UNICARE Health Insurance Company of the Midwest,unicare-health-insurance-company-of-the-midwest
"UNICARE Health Plans of Texas, Inc.",unicare-health-plans-of-texas-inc
"UNICARE Health Plans of the Midwest, Inc",unicare-health-plans-of-the-midwest-inc
"UNICARE Health Plans of the Midwest, Inc.",unicare-health-plans-of-the-midwest-inc
UNICARE Life & Health Insurance Company,unicare-life-and-health-insurance-company
UNITED MEDICAL MANAGEMENT,united-medical-management
"UPMC Health Benefits, Inc.",upmc-health-benefits-inc
"UPMC Health Coverage, Inc.",upmc-health-coverage-inc
"UPMC Health Network, Inc.",upmc-health-network-inc
"UPMC Health Options, Inc.",upmc-health-options-inc
UPMC Health Plan,upmc-health-plan
"UPMC Health Plan, Inc.",upmc-health-plan-inc
UPMC Welfare Benefits Plan,upmc-welfare-benefits-plan
UPMC Work Alliance,upmc-work-alliance
UPMC for Life,upmc-for-life
UPMC for Life Complete Care,upmc-for-life-complete-care
US Health and Life Insurance Company,us-health-and-life-insurance-company
"USAble HMO, Inc.",usable-hmo-inc
USAble Life,usable-life
USAble Mutual Insurance Company,usable-mutual-insurance-company
USD 512 Shawnee Mission School District,usd-512-shawnee-mission-school-district
UTMB,utmb
UVa Darden School Foundation,uva-darden-school-foundation
Ullico Casualty Company,ullico-casualty-company
Ultimate Health Plans,ultimate-health-plans
Unified Life Insurance Company,unified-life-insurance-company
Uniformed Firefighters Association,uniformed-firefighters-association
Unimerica Insurance Company,unimerica-insurance-company
Union Bankers Insurance Company,union-bankers-insurance-company
Union Fidelity Life Insurance Company,union-fidelity-life-insurance-company
"Union Health Service, Inc.",union-health-service-inc
Union Labor Life Insurance Company,union-labor-life-insurance-company
Union Pacific Railroad Employes Health Systems,union-pacific-railroad-employes-health-systems
Union Security Insurance Company,union-security-insurance-company
Union Security Life Insurance Company of New York,union-security-life-insurance-company-of-new-york
United Agricultural Benefit Trust,united-agricultural-benefit-trust
United American Insurance Co,united-american-insurance-co
United Concordia Dental Corporation of Alabama,united-concordia-dental-corporation-of-alabama
"United Concordia Dental Plans of California, Inc.",united-concordia-dental-plans-of-california-inc
"United Concordia Dental Plans of Pennsylvania, Inc.",united-concordia-dental-plans-of-pennsylvania-inc
"United Concordia Dental Plans of Texas, Inc.",united-concordia-dental-plans-of-texas-inc
"United Concordia Dental Plans, Inc.",united-concordia-dental-plans-inc
United Concordia Insurance Company,united-concordia-insurance-company
United Concordia Life and Health Insurance Company,united-concordia-life-and-health-insurance-company
United Dairy Inc,united-dairy-inc
United Food and Commercial Workers Union Local 227,united-food-and-commercial-workers-union-local-227
United HealthCare Insurance Company,united-healthcare-insurance-company
United Healthcare,united-healthcare
United Mine Workers of America Health & Retirement,united-mine-workers-of-america-health-and-retirement
United Security Life and Health Insurance Company,united-security-life-and-health-insurance-company
"United Skates of America, Inc.",united-skates-of-america-inc
United States Branch of the Sun Life Assurance Company of Canada,united-states-branch-of-the-sun-life-assurance-company-of-canada
United States Fire Insurance Company,united-states-fire-insurance-company
United Teachers Associates,united-teachers-associates
United of Omaha Life Insurance Company,united-of-omaha-life-insurance-company
UnitedHealthcare,unitedhealthcare
UnitedHealthcare Benefits Plan of California,unitedhealthcare-benefits-plan-of-california
"UnitedHealthcare Benefits of Texas, Inc.",unitedhealthcare-benefits-of-texas-inc
UnitedHealthcare Community Plan,unitedhealthcare-community-plan
"UnitedHealthcare Community Plan of Texas, L.L.C.",unitedhealthcare-community-plan-of-texas-l-l-c
"UnitedHealthcare Community Plan, Inc.",unitedhealthcare-community-plan-inc
UnitedHealthcare Freedom Insurance Company,unitedhealthcare-freedom-insurance-company
UnitedHealthcare Ins Co of Illinois,unitedhealthcare-ins-co-of-illinois
UnitedHealthcare Ins Co of New York,unitedhealthcare-ins-co-of-new-york
UnitedHealthcare Ins Co of Ohio,unitedhealthcare-ins-co-of-ohio
UnitedHealthcare Ins Co of River Valley,unitedhealthcare-ins-co-of-river-valley
UnitedHealthcare Insurance Company,unitedhealthcare-insurance-company
UnitedHealthcare Insurance Company of Illinois,unitedhealthcare-insurance-company-of-illinois
UnitedHealthcare Insurance Company of New York,unitedhealthcare-insurance-company-of-new-york
UnitedHealthcare Insurance Company of Ohio,unitedhealthcare-insurance-company-of-ohio
UnitedHealthcare Insurance Company of the River Va,unitedhealthcare-insurance-company-of-the-river-va
UnitedHealthcare Insurance Company of the River Valley,unitedhealthcare-insurance-company-of-the-river-valley
UnitedHealthcare Life Insurance Company,unitedhealthcare-life-insurance-company
"UnitedHealthcare Plan of the River Valley, Inc.",unitedhealthcare-plan-of-the-river-valley-inc
"UnitedHealthcare of Alabama, Inc",unitedhealthcare-of-alabama-inc
"UnitedHealthcare of Alabama, Inc.",unitedhealthcare-of-alabama-inc
"UnitedHealthcare of Arizona, Inc.",unitedhealthcare-of-arizona-inc
"UnitedHealthcare of Arkansas, Inc.",unitedhealthcare-of-arkansas-inc
"UnitedHealthcare of Colorado, Inc.",unitedhealthcare-of-colorado-inc
"UnitedHealthcare of Florida, Inc.",unitedhealthcare-of-florida-inc
"UnitedHealthcare of Georgia, Inc.",unitedhealthcare-of-georgia-inc
UnitedHealthcare of Illinois Inc,unitedhealthcare-of-illinois-inc
"UnitedHealthcare of Illinois, Inc.",unitedhealthcare-of-illinois-inc
"UnitedHealthcare of Kentucky, Ltd",unitedhealthcare-of-kentucky-ltd
"UnitedHealthcare of Kentucky, Ltd.",unitedhealthcare-of-kentucky-ltd
"UnitedHealthcare of Louisiana, Inc.",unitedhealthcare-of-louisiana-inc
"UnitedHealthcare of Mississippi, Inc.",unitedhealthcare-of-mississippi-inc
UnitedHealthcare of New England Inc.,unitedhealthcare-of-new-england-inc
"UnitedHealthcare of New England, Inc.",unitedhealthcare-of-new-england-inc
"UnitedHealthcare of New Mexico, Inc",unitedhealthcare-of-new-mexico-inc
"UnitedHealthcare of New York, Inc.",unitedhealthcare-of-new-york-inc
"UnitedHealthcare of North Carolina, Inc",unitedhealthcare-of-north-carolina-inc
"UnitedHealthcare of North Carolina, Inc.",unitedhealthcare-of-north-carolina-inc
"UnitedHealthcare of Ohio, Inc",unitedhealthcare-of-ohio-inc
"UnitedHealthcare of Ohio, Inc.",unitedhealthcare-of-ohio-inc
"UnitedHealthcare of Oklahoma, Inc.",unitedhealthcare-of-oklahoma-inc
"UnitedHealthcare of Oregon, Inc.",unitedhealthcare-of-oregon-inc
"UnitedHealthcare of Pennsylvania, Inc.",unitedhealthcare-of-pennsylvania-inc
"UnitedHealthcare of South Carolina, Inc.",unitedhealthcare-of-south-carolina-inc
"UnitedHealthcare of Tennessee, Inc.",unitedhealthcare-of-tennessee-inc
UnitedHealthcare of Texas,unitedhealthcare-of-texas
"UnitedHealthcare of Texas, Inc.",unitedhealthcare-of-texas-inc
"UnitedHealthcare of Utah, Inc.",unitedhealthcare-of-utah-inc
"UnitedHealthcare of Washington, Inc.",unitedhealthcare-of-washington-inc
"UnitedHealthcare of Wisconsin, Inc.",unitedhealthcare-of-wisconsin-inc
UnitedHealthcare of the Mid-Atlantic Inc,unitedhealthcare-of-the-mid-atlantic-inc
"UnitedHealthcare of the Mid-Atlantic, Inc.",unitedhealthcare-of-the-mid-atlantic-inc
"UnitedHealthcare of the Midlands, Inc.",unitedhealthcare-of-the-midlands-inc
"UnitedHealthcare of the Midwest, Inc.",unitedhealthcare-of-the-midwest-inc
UnityPoint Health PACE Senior Care,unitypoint-health-pace-senior-care
Univera Healthcare,univera-healthcare
"Universal Care, Inc.",universal-care-inc
University Health Alliance (UHA),university-health-alliance-uha
University Health Services,university-health-services
"University of Arizona Health Plans-University Healthcare, Inc.",university-of-arizona-health-plans-university-healthcare-inc
University of Michigan Health Insurance Company,university-of-michigan-health-insurance-company
University of Michigan Health Plan,university-of-michigan-health-plan
University of Utah Health Insurance Plans,university-of-utah-health-insurance-plans
Unum Insurance Company,unum-insurance-company
Upham's PACE,upham-s-pace
Upper Peninsula Health Plan (UPHP) MI Health Link,upper-peninsula-health-plan-uphp-mi-health-link
Upstate New York Engineers Health Plan,upstate-new-york-engineers-health-plan
"Urban Retail Properties, LLC",urban-retail-properties-llc
VDC Patch TEST Org,vdc-patch-test-org
VISTA Health Plan Inc.,vista-health-plan-inc
VIVA Health,viva-health
VIVA Medicare,viva-medicare
VNS Health Medicare,vns-health-medicare
"Vaagen Bros. Lumber, Inc.",vaagen-bros-lumber-inc
"Vail Rubber Works, Inc.",vail-rubber-works-inc
Valir PACE,valir-pace
Valley Baptist Insurance Company,valley-baptist-insurance-company
"Valmet, Inc.",valmet-inc
Valor Health Plan,valor-health-plan
"ValueOptions of California, Inc.",valueoptions-of-california-inc
Vanee Foods Company,vanee-foods-company
"Vantage Health Plan, Inc.",vantage-health-plan-inc
"Vaughan Foods, Inc.",vaughan-foods-inc
"Vaughan Transportation, Inc.",vaughan-transportation-inc
Verda Health Plan of Texas,verda-health-plan-of-texas
Vermont Blue Advantage,vermont-blue-advantage
Victory Packaging LP/GSC of CA,victory-packaging-lp-gsc-of-ca
VillageCareMAX,villagecaremax
VillageHealth,villagehealth
"Virginia Premier Health Plan, Inc.",virginia-premier-health-plan-inc
Vision Service Plan,vision-service-plan
"Vista Health Plan, Inc.",vista-health-plan-inc
"Von Maur, Inc.",von-maur-inc
"Vorys, Sater, Seymour and Pease LLP",vorys-sater-seymour-and-pease-llp
WEA Insurance Company,wea-insurance-company
"WELLCARE HEALTH PLANS OF KENTUCKY, INC",wellcare-health-plans-of-kentucky-inc
WESTERN GROCERS EMPLOYEE BENEFITS TRUST,western-grocers-employee-benefits-trust
WINhealth Partners,winhealth-partners
WMI Mutual Insurance Company,wmi-mutual-insurance-company
WPS Health Plan Inc,wps-health-plan-inc
"WPS Health Plan, Inc.",wps-health-plan-inc
WTS International Inc.,wts-international-inc
Walsh Construction Co.,walsh-construction-co
Warehousemen's Health & Welfare Fund,warehousemen-s-health-and-welfare-fund
Washington National Insurance Company,washington-national-insurance-company
Waters Technologies Corporation,waters-technologies-corporation
Weight Watchers Intl Inc.,weight-watchers-intl-inc
WelbeHealth,welbehealth
Welborn Health Plans,welborn-health-plans
WellAway Limited,wellaway-limited
"WellCare Health Insurance Company of Kentucky, Inc",wellcare-health-insurance-company-of-kentucky-inc
WellCare Health Insurance Company of New Hampshire Inc,wellcare-health-insurance-company-of-new-hampshire-inc
"WellCare Health Insurance Company of New Jersey, Inc.",wellcare-health-insurance-company-of-new-jersey-inc
"WellCare Health Insurance of Kentucky, Inc.",wellcare-health-insurance-of-kentucky-inc
WellCare of New York,wellcare-of-new-york
WellSense Health Plan,wellsense-health-plan
Wellcare,wellcare
Wellcare By Allwell,wellcare-by-allwell
Wellcare By Fidelis Care,wellcare-by-fidelis-care
Wellcare By Health Net,wellcare-by-health-net
Wellcare By Trillium,wellcare-by-trillium
Wellcare Prime by Absolute Total Care,wellcare-prime-by-absolute-total-care
Wellfleet Insurance Company,wellfleet-insurance-company
Wellfleet New York Insurance Company,wellfleet-new-york-insurance-company
Wellmark Advantage Health Plan,wellmark-advantage-health-plan
"Wellmark Health Plan of Iowa, Inc.",wellmark-health-plan-of-iowa-inc
Wellmark Inc.,wellmark-inc
"Wellmark Synergy Health, Inc.",wellmark-synergy-health-inc
"Wellmark Value Health Plan, Inc.",wellmark-value-health-plan-inc
Wellmark of South Dakota,wellmark-of-south-dakota
"Wellmark, Inc.",wellmark-inc
Wellpoint,wellpoint
Wellpoint Insurance Company,wellpoint-insurance-company
Wellpoint Life & Health Insurance Company,wellpoint-life-and-health-insurance-company
"Wellpoint Maryland, Inc.",wellpoint-maryland-inc
Wellpoint Washington Inc,wellpoint-washington-inc
West Coast Life Insurance Company,west-coast-life-insurance-company
West Penn Allegheny Health System,west-penn-allegheny-health-system
West Virginia Senior Advantage,west-virginia-senior-advantage
"Western Dental Services, Inc.",western-dental-services-inc
Western Health Advantage,western-health-advantage
"Western Sky Community Care, Inc.",western-sky-community-care-inc
Westminster School,westminster-school
"White Oak Management, Inc.",white-oak-management-inc
Whiting Oil and Gas Corporation,whiting-oil-and-gas-corporation
Wilbert Inc.,wilbert-inc
Wilkes University,wilkes-university
"Willamette Dental Insurance, Inc.",willamette-dental-insurance-inc
"Willamette Dental of Idaho, Inc.",willamette-dental-of-idaho-inc
"Willamette Dental of Washington, Inc.",willamette-dental-of-washington-inc
"William A. Hazel, Inc.",william-a-hazel-inc
William Penn Life Insurance Company,william-penn-life-insurance-company
Wilton Reassurance Company,wilton-reassurance-company
"WinStar Farm, LLC",winstar-farm-llc
Wisconsin Auto & Truck Dealers Insurance,wisconsin-auto-and-truck-dealers-insurance
Wisconsin Collaborative Insurance Company,wisconsin-collaborative-insurance-company
Wisconsin Physicians Services Insurance Corporation,wisconsin-physicians-services-insurance-corporation
Wisconsin Physicians Svc Insurance Corp,wisconsin-physicians-svc-insurance-corp
"Wolverine Health Plans, Inc.",wolverine-health-plans-inc
"Woodhouse Ford, Inc.",woodhouse-ford-inc
Woori America Bank,woori-america-bank
World Corp Insurance Company,world-corp-insurance-company
World Insurance Company,world-insurance-company
Wornick Foods,wornick-foods
Yucaipa-Calimesa Joint Unified School District,yucaipa-calimesa-joint-unified-school-district
ZOOM Care Health Insurance,zoom-care-health-insurance
Zeneca Inc.,zeneca-inc
Zing Health,zing-health
"Zing Health, Inc.",zing-health-inc
ascot enterprises inc,ascot-enterprises-inc
b.well Health Insurance Company of Texas,b-well-health-insurance-company-of-texas
eternalHealth,eternalhealth
"eternalHealth, Inc.",eternalhealth-inc
exp US Services Inc,exp-us-services-inc
iCare,icare
"iCircle Services of the Finger Lakes, Inc",icircle-services-of-the-finger-lakes-inc
"iHeart Media, Inc.",iheart-media-inc
lutheran medical center,lutheran-medical-center
myPlace PACE,myplace-pace
"nHealth, Inc.",nhealth-inc
www.cscpace.org,www-cscpace-org
